origin_code,legacy_province,legacy_city,legacy_district,customer_count,mapping_status,mapping_method,confidence,current_province_code,current_province_name,current_prefecture_code,current_prefecture_name,current_county_code,current_county_name,region_group_code,region_group_name,region_group_type,mapping_reason,candidate_target_codes
320525,江苏省,苏州市,吴江县,39889,historical_mapped,historical_crosswalk,85,320000,江苏省,320500,苏州市,320509,吴江区,320500,苏州市,prefecture,unique_canonical_name_under_mapped_parent,
320121,江苏省,南京市,江宁县,38607,historical_mapped,historical_crosswalk,85,320000,江苏省,320100,南京市,320115,江宁区,320100,南京市,prefecture,unique_canonical_name_under_mapped_parent,
320586,江苏省,苏州市,吴县市,36428,partial,historical_crosswalk,70,320000,江苏省,320500,苏州市,,,320500,苏州市,prefecture,mapped_parent_only,
310105,上海市,上海市,长宁区,35061,current,current_code,100,310000,上海市,,,310105,长宁区,310000,上海市,municipality,current_code,
320582,江苏省,苏州市,张家港市,34956,current,current_code,100,320000,江苏省,320500,苏州市,320582,张家港市,320500,苏州市,prefecture,current_code,
320520,江苏省,苏州市,,34710,partial,current_parent_code,60,320000,江苏省,320500,苏州市,,,320500,苏州市,prefecture,current_parent_code,
320524,江苏省,苏州市,吴县,30010,partial,historical_crosswalk,70,320000,江苏省,320500,苏州市,,,320500,苏州市,prefecture,mapped_parent_only,
320522,江苏省,苏州市,太仓县,25555,historical_mapped,historical_crosswalk,85,320000,江苏省,320500,苏州市,320585,太仓市,320500,苏州市,prefecture,unique_canonical_name_under_mapped_parent,
320219,江苏省,无锡市,,24336,partial,current_parent_code,60,320000,江苏省,320200,无锡市,,,320200,无锡市,prefecture,current_parent_code,
320123,江苏省,南京市,六合县,24122,historical_mapped,historical_crosswalk,85,320000,江苏省,320100,南京市,320116,六合区,320100,南京市,prefecture,unique_canonical_name_under_mapped_parent,
320623,江苏省,南通市,如东县,21484,current,current_code,100,320000,江苏省,320600,南通市,320623,如东县,320600,南通市,prefecture,current_code,
320583,江苏省,苏州市,昆山市,21379,current,current_code,100,320000,江苏省,320500,苏州市,320583,昆山市,320500,苏州市,prefecture,current_code,
320581,江苏省,苏州市,常熟市,20826,current,current_code,100,320000,江苏省,320500,苏州市,320581,常熟市,320500,苏州市,prefecture,current_code,
320682,江苏省,南通市,如皋市,19853,current,current_code,100,320000,江苏省,320600,南通市,320682,如皋市,320600,南通市,prefecture,current_code,
510122,四川省,成都市,双流县,19298,historical_mapped,historical_crosswalk,85,510000,四川省,510100,成都市,510116,双流区,510100,成都市,prefecture,unique_canonical_name_under_mapped_parent,
320621,江苏省,南通市,海安县,18836,historical_mapped,historical_crosswalk,85,320000,江苏省,320600,南通市,320685,海安市,320600,南通市,prefecture,unique_canonical_name_under_mapped_parent,
320223,江苏省,无锡市,宜兴县,18774,historical_mapped,historical_crosswalk,85,320000,江苏省,320200,无锡市,320282,宜兴市,320200,无锡市,prefecture,unique_canonical_name_under_mapped_parent,
320922,江苏省,盐城市,滨海县,18670,current,current_code,100,320000,江苏省,320900,盐城市,320922,滨海县,320900,盐城市,prefecture,current_code,
320683,江苏省,南通市,通州市,18522,historical_mapped,historical_crosswalk,85,320000,江苏省,320600,南通市,320612,通州区,320600,南通市,prefecture,unique_canonical_name_under_mapped_parent,
310104,上海市,上海市,徐汇区,18505,current,current_code,100,310000,上海市,,,310104,徐汇区,310000,上海市,municipality,current_code,
510902,四川省,遂宁市,市中区,17962,ambiguous,historical_crosswalk,95,,,,,,,,,,reviewed_city_center_split,510903;510904
330327,浙江省,温州市,苍南县,17867,current,current_code,100,330000,浙江省,330300,温州市,330327,苍南县,330300,温州市,prefecture,current_code,
320521,江苏省,苏州市,沙洲县,17748,partial,historical_crosswalk,70,320000,江苏省,320500,苏州市,,,320500,苏州市,prefecture,mapped_parent_only,
511023,四川省,内江市,安岳县,17613,historical_mapped,historical_crosswalk,90,510000,四川省,512000,资阳市,512021,安岳县,512000,资阳市,prefecture,unique_exact_name,
320222,江苏省,无锡市,无锡县,17374,partial,historical_crosswalk,85,320000,江苏省,320200,无锡市,,,320200,无锡市,prefecture,unique_canonical_name_under_mapped_parent,
330324,浙江省,温州市,永嘉县,17209,current,current_code,100,330000,浙江省,330300,温州市,330324,永嘉县,330300,温州市,prefecture,current_code,
320323,江苏省,徐州市,铜山县,17056,historical_mapped,historical_crosswalk,85,320000,江苏省,320300,徐州市,320312,铜山区,320300,徐州市,prefecture,unique_canonical_name_under_mapped_parent,
320106,江苏省,南京市,鼓楼区,16821,current,current_code,100,320000,江苏省,320100,南京市,320106,鼓楼区,320100,南京市,prefecture,current_code,
310110,上海市,上海市,杨浦区,16814,current,current_code,100,310000,上海市,,,310110,杨浦区,310000,上海市,municipality,current_code,
320502,江苏省,苏州市,沧浪区,16688,partial,historical_crosswalk,70,320000,江苏省,320500,苏州市,,,320500,苏州市,prefecture,mapped_parent_only,
320923,江苏省,盐城市,阜宁县,16539,current,current_code,100,320000,江苏省,320900,盐城市,320923,阜宁县,320900,盐城市,prefecture,current_code,
320324,江苏省,徐州市,睢宁县,16476,current,current_code,100,320000,江苏省,320300,徐州市,320324,睢宁县,320300,徐州市,prefecture,current_code,
320113,江苏省,南京市,栖霞区,16122,current,current_code,100,320000,江苏省,320100,南京市,320113,栖霞区,320100,南京市,prefecture,current_code,
320124,江苏省,南京市,溧水县,16040,historical_mapped,historical_crosswalk,85,320000,江苏省,320100,南京市,320117,溧水区,320100,南京市,prefecture,unique_canonical_name_under_mapped_parent,
320281,江苏省,无锡市,江阴市,15838,current,current_code,100,320000,江苏省,320200,无锡市,320281,江阴市,320200,无锡市,prefecture,current_code,
510722,四川省,绵阳市,三台县,15546,current,current_code,100,510000,四川省,510700,绵阳市,510722,三台县,510700,绵阳市,prefecture,current_code,
510521,四川省,泸州市,泸县,15223,current,current_code,100,510000,四川省,510500,泸州市,510521,泸县,510500,泸州市,prefecture,current_code,
320282,江苏省,无锡市,宜兴市,15167,current,current_code,100,320000,江苏省,320200,无锡市,320282,宜兴市,320200,无锡市,prefecture,current_code,
320826,江苏省,淮安市,涟水县,14974,current,current_code,100,320000,江苏省,320800,淮安市,320826,涟水县,320800,淮安市,prefecture,current_code,
320722,江苏省,连云港市,东海县,14730,current,current_code,100,320000,江苏省,320700,连云港市,320722,东海县,320700,连云港市,prefecture,current_code,
511025,四川省,内江市,资中县,14599,current,current_code,100,510000,四川省,511000,内江市,511025,资中县,511000,内江市,prefecture,current_code,
320924,江苏省,盐城市,射阳县,14532,current,current_code,100,320000,江苏省,320900,盐城市,320924,射阳县,320900,盐城市,prefecture,current_code,
321322,江苏省,宿迁市,沭阳县,14378,current,current_code,100,320000,江苏省,321300,宿迁市,321322,沭阳县,321300,宿迁市,prefecture,current_code,
320723,江苏省,连云港市,灌云县,14377,current,current_code,100,320000,江苏省,320700,连云港市,320723,灌云县,320700,连云港市,prefecture,current_code,
330724,浙江省,金华市,东阳县,14128,historical_mapped,historical_crosswalk,85,330000,浙江省,330700,金华市,330783,东阳市,330700,金华市,prefecture,unique_canonical_name_under_mapped_parent,
320721,江苏省,连云港市,赣榆县,13920,historical_mapped,historical_crosswalk,85,320000,江苏省,320700,连云港市,320707,赣榆区,320700,连云港市,prefecture,unique_canonical_name_under_mapped_parent,
510623,四川省,德阳市,中江县,13768,current,current_code,100,510000,四川省,510600,德阳市,510623,中江县,510600,德阳市,prefecture,current_code,
320504,江苏省,苏州市,金阊区,13760,partial,historical_crosswalk,70,320000,江苏省,320500,苏州市,,,320500,苏州市,prefecture,mapped_parent_only,
320321,江苏省,徐州市,丰县,13626,current,current_code,100,320000,江苏省,320300,徐州市,320321,丰县,320300,徐州市,prefecture,current_code,
320125,江苏省,南京市,高淳县,13589,historical_mapped,historical_crosswalk,85,320000,江苏省,320100,南京市,320118,高淳区,320100,南京市,prefecture,unique_canonical_name_under_mapped_parent,
320911,江苏省,盐城市,郊区,13496,ambiguous,historical_crosswalk,100,,,,,,,,,,cross_province_exact_name_requires_review,
511002,四川省,内江市,市中区,13426,current,current_code,100,510000,四川省,511000,内江市,511002,市中区,511000,内江市,prefecture,current_code,
320981,江苏省,盐城市,东台市,13351,current,current_code,100,320000,江苏省,320900,盐城市,320981,东台市,320900,盐城市,prefecture,current_code,
320483,江苏省,常州市,武进市,13310,historical_mapped,historical_crosswalk,85,320000,江苏省,320400,常州市,320412,武进区,320400,常州市,prefecture,unique_canonical_name_under_mapped_parent,
310109,上海市,上海市,虹口区,13305,current,current_code,100,310000,上海市,,,310109,虹口区,310000,上海市,municipality,current_code,
510322,四川省,自贡市,富顺县,13001,current,current_code,100,510000,四川省,510300,自贡市,510322,富顺县,510300,自贡市,prefecture,current_code,
320283,江苏省,无锡市,锡山市,12988,historical_mapped,historical_crosswalk,85,320000,江苏省,320200,无锡市,320205,锡山区,320200,无锡市,prefecture,unique_canonical_name_under_mapped_parent,
511011,四川省,内江市,东兴区,12986,current,current_code,100,510000,四川省,511000,内江市,511011,东兴区,511000,内江市,prefecture,current_code,
330621,浙江省,绍兴市,绍兴县,12962,partial,historical_crosswalk,85,330000,浙江省,330600,绍兴市,,,330600,绍兴市,prefecture,unique_canonical_name_under_mapped_parent,
330326,浙江省,温州市,平阳县,12889,current,current_code,100,330000,浙江省,330300,温州市,330326,平阳县,330300,温州市,prefecture,current_code,
220104,吉林省,长春市,朝阳区,12705,current,current_code,100,220000,吉林省,220100,长春市,220104,朝阳区,220100,长春市,prefecture,current_code,
321283,江苏省,泰州市,泰兴市,12640,current,current_code,100,320000,江苏省,321200,泰州市,321283,泰兴市,321200,泰州市,prefecture,current_code,
360121,江西省,南昌市,南昌县,12618,current,current_code,100,360000,江西省,360100,南昌市,360121,南昌县,360100,南昌市,prefecture,current_code,
330325,浙江省,温州市,瑞安县,12616,ambiguous,historical_crosswalk,100,,,,,,,,,,historical_code_reused,330381
320122,江苏省,南京市,江浦县,12521,partial,historical_crosswalk,70,320000,江苏省,320100,南京市,,,320100,南京市,prefecture,mapped_parent_only,
320523,江苏省,苏州市,昆山县,12474,historical_mapped,historical_crosswalk,85,320000,江苏省,320500,苏州市,320583,昆山市,320500,苏州市,prefecture,unique_canonical_name_under_mapped_parent,
320681,江苏省,南通市,启东市,12286,current,current_code,100,320000,江苏省,320600,南通市,320681,启东市,320600,南通市,prefecture,current_code,
330323,浙江省,温州市,乐清县,12279,ambiguous,historical_crosswalk,100,,,,,,,,,,historical_code_reused,330382
321088,江苏省,扬州市,江都市,12157,historical_mapped,historical_crosswalk,85,320000,江苏省,321000,扬州市,321012,江都区,321000,扬州市,prefecture,unique_canonical_name_under_mapped_parent,
513021,四川省,达川地区,达县,12025,ambiguous,historical_crosswalk,100,,,,,,,,,,reviewed_daxian_split,511702;511703
320322,江苏省,徐州市,沛县,12015,current,current_code,100,320000,江苏省,320300,徐州市,320322,沛县,320300,徐州市,prefecture,current_code,
511121,四川省,乐山市,仁寿县,11970,historical_mapped,historical_crosswalk,90,510000,四川省,511400,眉山市,511421,仁寿县,511400,眉山市,prefecture,unique_exact_name,
330302,浙江省,温州市,鹿城区,11938,current,current_code,100,330000,浙江省,330300,温州市,330302,鹿城区,330300,温州市,prefecture,current_code,
320382,江苏省,徐州市,邳州市,11928,current,current_code,100,320000,江苏省,320300,徐州市,320382,邳州市,320300,徐州市,prefecture,current_code,
362330,江西省,上饶地区,波阳县,11887,ambiguous,historical_crosswalk,100,,,,,,,,,,historical_code_reused,
321321,江苏省,宿迁市,宿豫县,11773,historical_mapped,historical_crosswalk,85,320000,江苏省,321300,宿迁市,321311,宿豫区,321300,宿迁市,prefecture,unique_canonical_name_under_mapped_parent,
342423,安徽省,六安地区,霍邱县,11667,historical_mapped,historical_crosswalk,90,340000,安徽省,341500,六安市,341522,霍邱县,341500,六安市,prefecture,unique_exact_name_under_mapped_parent,
510125,四川省,成都市,新都县,11548,historical_mapped,historical_crosswalk,85,510000,四川省,510100,成都市,510114,新都区,510100,成都市,prefecture,unique_canonical_name_under_mapped_parent,
320211,江苏省,无锡市,滨湖区,11491,current,current_code,100,320000,江苏省,320200,无锡市,320211,滨湖区,320200,无锡市,prefecture,current_code,
321181,江苏省,镇江市,丹阳市,11366,current,current_code,100,320000,江苏省,321100,镇江市,321181,丹阳市,321100,镇江市,prefecture,current_code,
310107,上海市,上海市,普陀区,11297,current,current_code,100,310000,上海市,,,310107,普陀区,310000,上海市,municipality,current_code,
510922,四川省,遂宁市,射洪县,11151,historical_mapped,historical_crosswalk,85,510000,四川省,510900,遂宁市,510981,射洪市,510900,遂宁市,prefecture,unique_canonical_name_under_mapped_parent,
320421,江苏省,常州市,武进县,11052,historical_mapped,historical_crosswalk,85,320000,江苏省,320400,常州市,320412,武进区,320400,常州市,prefecture,unique_canonical_name_under_mapped_parent,
510824,四川省,广元市,苍溪县,11049,current,current_code,100,510000,四川省,510800,广元市,510824,苍溪县,510800,广元市,prefecture,current_code,
330722,浙江省,金华市,永康县,11032,historical_mapped,historical_crosswalk,85,330000,浙江省,330700,金华市,330784,永康市,330700,金华市,prefecture,unique_canonical_name_under_mapped_parent,
320102,江苏省,南京市,玄武区,10999,current,current_code,100,320000,江苏省,320100,南京市,320102,玄武区,320100,南京市,prefecture,current_code,
362201,江西省,宜春地区,宜春市,10984,ambiguous,historical_crosswalk,100,,,,,,,,,,historical_code_reused,360900
350321,福建省,莆田市,莆田县,10973,partial,historical_crosswalk,85,350000,福建省,350300,莆田市,,,350300,莆田市,prefecture,unique_canonical_name_under_mapped_parent,
510921,四川省,遂宁市,蓬溪县,10893,current,current_code,100,510000,四川省,510900,遂宁市,510921,蓬溪县,510900,遂宁市,prefecture,current_code,
320830,江苏省,淮安市,盱眙县,10821,current,current_code,100,320000,江苏省,320800,淮安市,320830,盱眙县,320800,淮安市,prefecture,current_code,
321023,江苏省,扬州市,宝应县,10763,current,current_code,100,320000,江苏省,321000,扬州市,321023,宝应县,321000,扬州市,prefecture,current_code,
320624,江苏省,南通市,南通县,10719,partial,historical_crosswalk,85,320000,江苏省,320600,南通市,,,320600,南通市,prefecture,unique_canonical_name_under_mapped_parent,
320925,江苏省,盐城市,建湖县,10702,current,current_code,100,320000,江苏省,320900,盐城市,320925,建湖县,320900,盐城市,prefecture,current_code,
511027,四川省,内江市,简阳县,10663,historical_mapped,historical_crosswalk,85,510000,四川省,510100,成都市,510185,简阳市,510100,成都市,prefecture,unique_canonical_name,
511102,四川省,乐山市,市中区,10628,current,current_code,100,510000,四川省,511100,乐山市,511102,市中区,511100,乐山市,prefecture,current_code,
320511,江苏省,苏州市,郊区,10584,ambiguous,historical_crosswalk,95,,,,,,,,,,reviewed_city_suburb_split,320506;320507
350583,福建省,泉州市,南安市,10569,current,current_code,100,350000,福建省,350500,泉州市,350583,南安市,350500,泉州市,prefecture,current_code,
330227,浙江省,宁波市,鄞县,10548,partial,historical_crosswalk,70,330000,浙江省,330200,宁波市,,,330200,宁波市,prefecture,mapped_parent_only,
320481,江苏省,常州市,溧阳市,10545,current,current_code,100,320000,江苏省,320400,常州市,320481,溧阳市,320400,常州市,prefecture,current_code,
332623,浙江省,台州地区,温岭县,10498,ambiguous,historical_crosswalk,100,,,,,,,,,,historical_code_reused,331081
321281,江苏省,泰州市,兴化市,10408,current,current_code,100,320000,江苏省,321200,泰州市,321281,兴化市,321200,泰州市,prefecture,current_code,
320684,江苏省,南通市,海门市,10349,historical_mapped,historical_crosswalk,85,320000,江苏省,320600,南通市,320614,海门区,320600,南通市,prefecture,unique_canonical_name_under_mapped_parent,
320823,江苏省,淮安市,沭阳县,10338,historical_mapped,historical_crosswalk,90,320000,江苏省,321300,宿迁市,321322,沭阳县,321300,宿迁市,prefecture,unique_exact_name,
510502,四川省,泸州市,江阳区,10323,current,current_code,100,510000,四川省,510500,泸州市,510502,江阳区,510500,泸州市,prefecture,current_code,
320503,江苏省,苏州市,平江区,10310,historical_mapped,historical_crosswalk,95,320000,江苏省,320500,苏州市,320508,姑苏区,320500,苏州市,prefecture,reviewed_override,
510121,四川省,成都市,金堂县,10261,current,current_code,100,510000,四川省,510100,成都市,510121,金堂县,510100,成都市,prefecture,current_code,
510602,四川省,德阳市,市中区,10256,ambiguous,historical_crosswalk,95,,,,,,,,,,reviewed_city_center_split,510603;510604
510802,四川省,广元市,利州区,10186,current,current_code,100,510000,四川省,510800,广元市,510802,利州区,510800,广元市,prefecture,current_code,
510702,四川省,绵阳市,市中区,10182,ambiguous,historical_crosswalk,95,,,,,,,,,,reviewed_city_center_split,510703;510704
513030,四川省,达川地区,渠县,10094,ambiguous,historical_crosswalk,100,,,,,,,,,,historical_code_reused,511725
362202,江西省,宜春地区,丰城市,10074,ambiguous,historical_crosswalk,100,,,,,,,,,,historical_code_reused,360981
310102,上海市,上海市,南市区,10060,historical_mapped,historical_crosswalk,100,310000,上海市,,,310101,黄浦区,310000,上海市,municipality,reviewed_shanghai_district_merge,
413026,河南省,信阳地区,固始县,10058,historical_mapped,historical_crosswalk,90,410000,河南省,411500,信阳市,411525,固始县,411500,信阳市,prefecture,unique_exact_name_under_mapped_parent,
320501,江苏省,苏州市,,10040,partial,current_parent_code,60,320000,江苏省,320500,苏州市,,,320500,苏州市,prefecture,current_parent_code,
320882,江苏省,淮安市,淮安市,10034,partial,historical_crosswalk,90,320000,江苏省,320800,淮安市,,,320800,淮安市,prefecture,unique_exact_name_under_mapped_parent,
320114,江苏省,南京市,雨花台区,9946,current,current_code,100,320000,江苏省,320100,南京市,320114,雨花台区,320100,南京市,prefecture,current_code,
320103,江苏省,南京市,白下区,9884,partial,historical_crosswalk,70,320000,江苏省,320100,南京市,,,320100,南京市,prefecture,mapped_parent_only,
513022,四川省,达川地区,宣汉县,9841,ambiguous,historical_crosswalk,100,,,,,,,,,,historical_code_reused,511722
331081,浙江省,台州市,温岭市,9810,current,current_code,100,330000,浙江省,331000,台州市,331081,温岭市,331000,台州市,prefecture,current_code,
310108,上海市,上海市,闸北区,9779,historical_mapped,historical_crosswalk,100,310000,上海市,,,310106,静安区,310000,上海市,municipality,reviewed_shanghai_district_merge,
320825,江苏省,淮安市,泗阳县,9778,historical_mapped,historical_crosswalk,90,320000,江苏省,321300,宿迁市,321323,泗阳县,321300,宿迁市,prefecture,unique_exact_name,
332603,浙江省,台州地区,黄岩市,9713,historical_mapped,historical_crosswalk,85,330000,浙江省,331000,台州市,331003,黄岩区,331000,台州市,prefecture,unique_canonical_name,
320921,江苏省,盐城市,响水县,9565,current,current_code,100,320000,江苏省,320900,盐城市,320921,响水县,320900,盐城市,prefecture,current_code,
360122,江西省,南昌市,新建县,9562,ambiguous,historical_crosswalk,100,,,,,,,,,,historical_code_reused,360112
310101,上海市,上海市,黄浦区,9536,current,current_code,100,310000,上海市,,,310101,黄浦区,310000,上海市,municipality,current_code,
320821,江苏省,淮安市,淮阴县,9507,historical_mapped,historical_crosswalk,85,320000,江苏省,320800,淮安市,320804,淮阴区,320800,淮安市,prefecture,unique_canonical_name_under_mapped_parent,
339005,浙江省,浙江省直辖县级行政区划,萧山市,9477,historical_mapped,historical_crosswalk,85,330000,浙江省,330100,杭州市,330109,萧山区,330100,杭州市,prefecture,unique_canonical_name,
320622,江苏省,南通市,如皋县,9345,historical_mapped,historical_crosswalk,85,320000,江苏省,320600,南通市,320682,如皋市,320600,南通市,prefecture,unique_canonical_name_under_mapped_parent,
330381,浙江省,温州市,瑞安市,9335,current,current_code,100,330000,浙江省,330300,温州市,330381,瑞安市,330300,温州市,prefecture,current_code,
330382,浙江省,温州市,乐清市,9313,current,current_code,100,330000,浙江省,330300,温州市,330382,乐清市,330300,温州市,prefecture,current_code,
320902,江苏省,盐城市,亭湖区,9011,current,current_code,100,320000,江苏省,320900,盐城市,320902,亭湖区,320900,盐城市,prefecture,current_code,
210102,辽宁省,沈阳市,和平区,8989,current,current_code,100,210000,辽宁省,210100,沈阳市,210102,和平区,210100,沈阳市,prefecture,current_code,
510102,四川省,成都市,东城区,8872,ambiguous,historical_crosswalk,100,,,,,,,,,,cross_province_exact_name_requires_review,
220122,吉林省,长春市,农安县,8867,current,current_code,100,220000,吉林省,220100,长春市,220122,农安县,220100,长春市,prefecture,current_code,
510321,四川省,自贡市,荣县,8866,current,current_code,100,510000,四川省,510300,自贡市,510321,荣县,510300,自贡市,prefecture,current_code,
510124,四川省,成都市,郫县,8854,partial,historical_crosswalk,70,510000,四川省,510100,成都市,,,510100,成都市,prefecture,mapped_parent_only,
320381,江苏省,徐州市,新沂市,8836,current,current_code,100,320000,江苏省,320300,徐州市,320381,新沂市,320300,徐州市,prefecture,current_code,
330411,浙江省,嘉兴市,秀洲区,8766,current,current_code,100,330000,浙江省,330400,嘉兴市,330411,秀洲区,330400,嘉兴市,prefecture,current_code,
321323,江苏省,宿迁市,泗阳县,8760,current,current_code,100,320000,江苏省,321300,宿迁市,321323,泗阳县,321300,宿迁市,prefecture,current_code,
342425,安徽省,六安地区,舒城县,8678,historical_mapped,historical_crosswalk,90,340000,安徽省,341500,六安市,341523,舒城县,341500,六安市,prefecture,unique_exact_name_under_mapped_parent,
210106,辽宁省,沈阳市,铁西区,8667,current,current_code,100,210000,辽宁省,210100,沈阳市,210106,铁西区,210100,沈阳市,prefecture,current_code,
511024,四川省,内江市,威远县,8640,current,current_code,100,510000,四川省,511000,内江市,511024,威远县,511000,内江市,prefecture,current_code,
321183,江苏省,镇江市,句容市,8603,current,current_code,100,320000,江苏省,321100,镇江市,321183,句容市,321100,镇江市,prefecture,current_code,
511028,四川省,内江市,隆昌县,8567,historical_mapped,historical_crosswalk,85,510000,四川省,511000,内江市,511083,隆昌市,511000,内江市,prefecture,unique_canonical_name_under_mapped_parent,
210105,辽宁省,沈阳市,皇姑区,8556,current,current_code,100,210000,辽宁省,210100,沈阳市,210105,皇姑区,210100,沈阳市,prefecture,current_code,
331082,浙江省,台州市,临海市,8546,current,current_code,100,330000,浙江省,331000,台州市,331082,临海市,331000,台州市,prefecture,current_code,
320625,江苏省,南通市,海门县,8528,historical_mapped,historical_crosswalk,85,320000,江苏省,320600,南通市,320614,海门区,320600,南通市,prefecture,unique_canonical_name_under_mapped_parent,
321083,江苏省,扬州市,兴化市,8506,historical_mapped,historical_crosswalk,90,320000,江苏省,321200,泰州市,321281,兴化市,321200,泰州市,prefecture,unique_exact_name,
512921,四川省,南充地区,南充县,8456,partial,historical_crosswalk,85,510000,四川省,511300,南充市,,,511300,南充市,prefecture,unique_canonical_name_under_mapped_parent,
330425,浙江省,嘉兴市,桐乡县,8438,historical_mapped,historical_crosswalk,85,330000,浙江省,330400,嘉兴市,330483,桐乡市,330400,嘉兴市,prefecture,unique_canonical_name_under_mapped_parent,
360102,江西省,南昌市,东湖区,8421,current,current_code,100,360000,江西省,360100,南昌市,360102,东湖区,360100,南昌市,prefecture,current_code,
321081,江苏省,扬州市,仪征市,8413,current,current_code,100,320000,江苏省,321000,扬州市,321081,仪征市,321000,扬州市,prefecture,current_code,
330222,浙江省,宁波市,慈溪县,8401,historical_mapped,historical_crosswalk,85,330000,浙江省,330200,宁波市,330282,慈溪市,330200,宁波市,prefecture,unique_canonical_name_under_mapped_parent,
511021,四川省,内江市,内江县,8325,partial,historical_crosswalk,85,510000,四川省,511000,内江市,,,511000,内江市,prefecture,unique_canonical_name_under_mapped_parent,
512501,四川省,宜宾地区,宜宾市,8321,ambiguous,historical_crosswalk,100,,,,,,,,,,historical_code_reused,511500
510129,四川省,成都市,大邑县,8294,current,current_code,100,510000,四川省,510100,成都市,510129,大邑县,510100,成都市,prefecture,current_code,
330721,浙江省,金华市,金华县,8293,partial,historical_crosswalk,85,330000,浙江省,330700,金华市,,,330700,金华市,prefecture,unique_canonical_name_under_mapped_parent,
360502,江西省,新余市,渝水区,8255,current,current_code,100,360000,江西省,360500,新余市,360502,渝水区,360500,新余市,prefecture,current_code,
310106,上海市,上海市,静安区,8234,current,current_code,100,310000,上海市,,,310106,静安区,310000,上海市,municipality,current_code,
321084,江苏省,扬州市,高邮市,8213,current,current_code,100,320000,江苏省,321000,扬州市,321084,高邮市,321000,扬州市,prefecture,current_code,
510112,四川省,成都市,龙泉驿区,8209,current,current_code,100,510000,四川省,510100,成都市,510112,龙泉驿区,510100,成都市,prefecture,current_code,
350521,福建省,泉州市,惠安县,8199,current,current_code,100,350000,福建省,350500,泉州市,350521,惠安县,350500,泉州市,prefecture,current_code,
330121,浙江省,杭州市,萧山县,8167,historical_mapped,historical_crosswalk,85,330000,浙江省,330100,杭州市,330109,萧山区,330100,杭州市,prefecture,unique_canonical_name_under_mapped_parent,
511321,四川省,南充市,南部县,8167,current,current_code,100,510000,四川省,511300,南充市,511321,南部县,511300,南充市,prefecture,current_code,
210204,辽宁省,大连市,沙河口区,8155,current,current_code,100,210000,辽宁省,210200,大连市,210204,沙河口区,210200,大连市,prefecture,current_code,
210211,辽宁省,大连市,甘井子区,8147,current,current_code,100,210000,辽宁省,210200,大连市,210211,甘井子区,210200,大连市,prefecture,current_code,
362322,江西省,上饶地区,广丰县,8093,ambiguous,historical_crosswalk,100,,,,,,,,,,historical_code_reused,361103
512922,四川省,南充地区,南部县,8079,ambiguous,historical_crosswalk,100,,,,,,,,,,historical_code_reused,511321
510103,四川省,成都市,西城区,8059,ambiguous,historical_crosswalk,100,,,,,,,,,,cross_province_exact_name_requires_review,
513401,四川省,凉山彝族自治州,西昌市,8041,current,current_code,100,510000,四川省,513400,凉山彝族自治州,513401,西昌市,513400,凉山彝族自治州,prefecture,current_code,
362321,江西省,上饶地区,上饶县,8010,ambiguous,historical_crosswalk,100,,,,,,,,,,reviewed_code_reuse,360902;361104
310112,上海市,上海市,闵行区,7917,current,current_code,100,310000,上海市,,,310112,闵行区,310000,上海市,municipality,current_code,
350582,福建省,泉州市,晋江市,7917,current,current_code,100,350000,福建省,350500,泉州市,350582,晋江市,350500,泉州市,prefecture,current_code,
330725,浙江省,金华市,义乌县,7907,historical_mapped,historical_crosswalk,85,330000,浙江省,330700,金华市,330782,义乌市,330700,金华市,prefecture,unique_canonical_name_under_mapped_parent,
350102,福建省,福州市,鼓楼区,7905,current,current_code,100,350000,福建省,350100,福州市,350102,鼓楼区,350100,福州市,prefecture,current_code,
510181,四川省,成都市,都江堰市,7865,current,current_code,100,510000,四川省,510100,成都市,510181,都江堰市,510100,成都市,prefecture,current_code,
362329,江西省,上饶地区,余干县,7822,ambiguous,historical_crosswalk,100,,,,,,,,,,historical_code_reused,361127
342401,安徽省,六安地区,六安市,7816,partial,historical_crosswalk,90,340000,安徽省,341500,六安市,,,341500,六安市,prefecture,unique_exact_name_under_mapped_parent,
210921,辽宁省,阜新市,阜新蒙古族自治县,7812,current,current_code,100,210000,辽宁省,210900,阜新市,210921,阜新蒙古族自治县,210900,阜新市,prefecture,current_code,
513701,四川省,巴中地区,巴中市,7760,partial,historical_crosswalk,90,510000,四川省,511900,巴中市,,,511900,巴中市,prefecture,unique_exact_name_under_mapped_parent,
350322,福建省,莆田市,仙游县,7728,current,current_code,100,350000,福建省,350300,莆田市,350322,仙游县,350300,莆田市,prefecture,current_code,
320107,江苏省,南京市,下关区,7697,partial,historical_crosswalk,70,320000,江苏省,320100,南京市,,,320100,南京市,prefecture,mapped_parent_only,
330424,浙江省,嘉兴市,海盐县,7679,current,current_code,100,330000,浙江省,330400,嘉兴市,330424,海盐县,330400,嘉兴市,prefecture,current_code,
320626,江苏省,南通市,启东县,7619,historical_mapped,historical_crosswalk,85,320000,江苏省,320600,南通市,320681,启东市,320600,南通市,prefecture,unique_canonical_name_under_mapped_parent,
350524,福建省,泉州市,安溪县,7605,current,current_code,100,350000,福建省,350500,泉州市,350524,安溪县,350500,泉州市,prefecture,current_code,
310103,上海市,上海市,卢湾区,7598,historical_mapped,historical_crosswalk,100,310000,上海市,,,310101,黄浦区,310000,上海市,municipality,reviewed_shanghai_district_merge,
210104,辽宁省,沈阳市,大东区,7517,current,current_code,100,210000,辽宁省,210100,沈阳市,210104,大东区,210100,沈阳市,prefecture,current_code,
210103,辽宁省,沈阳市,沈河区,7474,current,current_code,100,210000,辽宁省,210100,沈阳市,210103,沈河区,210100,沈阳市,prefecture,current_code,
510723,四川省,绵阳市,盐亭县,7464,current,current_code,100,510000,四川省,510700,绵阳市,510723,盐亭县,510700,绵阳市,prefecture,current_code,
330523,浙江省,湖州市,安吉县,7457,current,current_code,100,330000,浙江省,330500,湖州市,330523,安吉县,330500,湖州市,prefecture,current_code,
510622,四川省,德阳市,绵竹县,7417,historical_mapped,historical_crosswalk,85,510000,四川省,510600,德阳市,510683,绵竹市,510600,德阳市,prefecture,unique_canonical_name_under_mapped_parent,
321123,江苏省,镇江市,句容县,7411,historical_mapped,historical_crosswalk,85,320000,江苏省,321100,镇江市,321183,句容市,321100,镇江市,prefecture,unique_canonical_name_under_mapped_parent,
330304,浙江省,温州市,瓯海区,7406,current,current_code,100,330000,浙江省,330300,温州市,330304,瓯海区,330300,温州市,prefecture,current_code,
332624,浙江省,台州地区,仙居县,7382,ambiguous,historical_crosswalk,100,,,,,,,,,,historical_code_reused,331024
220102,吉林省,长春市,南关区,7374,current,current_code,100,220000,吉林省,220100,长春市,220102,南关区,220100,长春市,prefecture,current_code,
321324,江苏省,宿迁市,泗洪县,7371,current,current_code,100,320000,江苏省,321300,宿迁市,321324,泗洪县,321300,宿迁市,prefecture,current_code,
320111,江苏省,南京市,浦口区,7347,current,current_code,100,320000,江苏省,320100,南京市,320111,浦口区,320100,南京市,prefecture,current_code,
513029,四川省,达川地区,大竹县,7336,ambiguous,historical_crosswalk,100,,,,,,,,,,historical_code_reused,511724
362502,江西省,抚州地区,,7323,unresolved,none,0,,,,,,,,,,none,
330522,浙江省,湖州市,长兴县,7313,current,current_code,100,330000,浙江省,330500,湖州市,330522,长兴县,330500,湖州市,prefecture,current_code,
510522,四川省,泸州市,合江县,7229,current,current_code,100,510000,四川省,510500,泸州市,510522,合江县,510500,泸州市,prefecture,current_code,
360424,江西省,九江市,修水县,7217,current,current_code,100,360000,江西省,360400,九江市,360424,修水县,360400,九江市,prefecture,current_code,
330226,浙江省,宁波市,宁海县,7163,current,current_code,100,330000,浙江省,330200,宁波市,330226,宁海县,330200,宁波市,prefecture,current_code,
510724,四川省,绵阳市,安县,7160,partial,historical_crosswalk,70,510000,四川省,510700,绵阳市,,,510700,绵阳市,prefecture,mapped_parent_only,
310225,上海市,上海市,南汇县,7150,historical_mapped,historical_crosswalk,95,310000,上海市,,,310115,浦东新区,310000,上海市,municipality,reviewed_shanghai_district_merge,
342623,安徽省,巢湖地区,无为县,7139,historical_mapped,historical_crosswalk,85,340000,安徽省,340200,芜湖市,340281,无为市,340200,芜湖市,prefecture,unique_canonical_name,
211224,辽宁省,铁岭市,昌图县,7136,current,current_code,100,210000,辽宁省,211200,铁岭市,211224,昌图县,211200,铁岭市,prefecture,current_code,
321102,江苏省,镇江市,京口区,7128,current,current_code,100,320000,江苏省,321100,镇江市,321102,京口区,321100,镇江市,prefecture,current_code,
330419,浙江省,嘉兴市,,7090,partial,current_parent_code,60,330000,浙江省,330400,嘉兴市,,,330400,嘉兴市,prefecture,current_parent_code,
513027,四川省,达县地区,巴中县,7044,ambiguous,historical_crosswalk,100,,,,,,,,,,historical_code_reused,511900
350121,福建省,福州市,闽侯县,6983,current,current_code,100,350000,福建省,350100,福州市,350121,闽侯县,350100,福州市,prefecture,current_code,
320602,江苏省,南通市,崇川区,6981,ambiguous,historical_crosswalk,100,,,,,,,,,,historical_code_reused,320613
360124,江西省,南昌市,进贤县,6973,current,current_code,100,360000,江西省,360100,南昌市,360124,进贤县,360100,南昌市,prefecture,current_code,
321121,江苏省,镇江市,丹徒县,6964,historical_mapped,historical_crosswalk,85,320000,江苏省,321100,镇江市,321112,丹徒区,321100,镇江市,prefecture,unique_canonical_name_under_mapped_parent,
330681,浙江省,绍兴市,诸暨市,6961,current,current_code,100,330000,浙江省,330600,绍兴市,330681,诸暨市,330600,绍兴市,prefecture,current_code,
210381,辽宁省,鞍山市,海城市,6952,current,current_code,100,210000,辽宁省,210300,鞍山市,210381,海城市,210300,鞍山市,prefecture,current_code,
510681,四川省,德阳市,广汉市,6878,current,current_code,100,510000,四川省,510600,德阳市,510681,广汉市,510600,德阳市,prefecture,current_code,
340823,安徽省,安庆市,枞阳县,6858,historical_mapped,historical_crosswalk,90,340000,安徽省,340700,铜陵市,340722,枞阳县,340700,铜陵市,prefecture,unique_exact_name,
321027,江苏省,扬州市,邗江县,6748,historical_mapped,historical_crosswalk,85,320000,江苏省,321000,扬州市,321003,邗江区,321000,扬州市,prefecture,unique_canonical_name_under_mapped_parent,
342626,安徽省,巢湖地区,和县,6746,historical_mapped,historical_crosswalk,90,340000,安徽省,340500,马鞍山市,340523,和县,340500,马鞍山市,prefecture,unique_exact_name,
210225,辽宁省,大连市,庄河县,6716,historical_mapped,historical_crosswalk,85,210000,辽宁省,210200,大连市,210283,庄河市,210200,大连市,prefecture,unique_canonical_name_under_mapped_parent,
330321,浙江省,温州市,瓯海县,6711,ambiguous,historical_crosswalk,100,,,,,,,,,,historical_code_reused,330304
360103,江西省,南昌市,西湖区,6710,current,current_code,100,360000,江西省,360100,南昌市,360103,西湖区,360100,南昌市,prefecture,current_code,
330225,浙江省,宁波市,象山县,6705,current,current_code,100,330000,浙江省,330200,宁波市,330225,象山县,330200,宁波市,prefecture,current_code,
320104,江苏省,南京市,秦淮区,6702,current,current_code,100,320000,江苏省,320100,南京市,320104,秦淮区,320100,南京市,prefecture,current_code,
310115,上海市,上海市,浦东新区,6699,current,current_code,100,310000,上海市,,,310115,浦东新区,310000,上海市,municipality,current_code,
320482,江苏省,常州市,金坛市,6668,historical_mapped,historical_crosswalk,85,320000,江苏省,320400,常州市,320413,金坛区,320400,常州市,prefecture,unique_canonical_name_under_mapped_parent,
320105,江苏省,南京市,建邺区,6664,current,current_code,100,320000,江苏省,320100,南京市,320105,建邺区,320100,南京市,prefecture,current_code,
210222,辽宁省,大连市,新金县,6656,partial,historical_crosswalk,70,210000,辽宁省,210200,大连市,,,210200,大连市,prefecture,mapped_parent_only,
511026,四川省,内江市,资阳县,6646,partial,historical_crosswalk,85,510000,四川省,512000,资阳市,,,512000,资阳市,prefecture,unique_canonical_name,
210281,辽宁省,大连市,瓦房店市,6640,current,current_code,100,210000,辽宁省,210200,大连市,210281,瓦房店市,210200,大连市,prefecture,current_code,
511122,四川省,乐山市,眉山县,6635,partial,historical_crosswalk,85,510000,四川省,511400,眉山市,,,511400,眉山市,prefecture,unique_canonical_name,
511324,四川省,南充市,仪陇县,6633,current,current_code,100,510000,四川省,511300,南充市,511324,仪陇县,511300,南充市,prefecture,current_code,
510123,四川省,成都市,温江县,6603,historical_mapped,historical_crosswalk,85,510000,四川省,510100,成都市,510115,温江区,510100,成都市,prefecture,unique_canonical_name_under_mapped_parent,
310221,上海市,上海市,上海县,6586,partial,historical_crosswalk,85,310000,上海市,,,,,310000,上海市,municipality,unique_canonical_name,
362323,江西省,上饶地区,玉山县,6586,ambiguous,historical_crosswalk,100,,,,,,,,,,historical_code_reused,361123
341122,安徽省,滁州市,来安县,6566,current,current_code,100,340000,安徽省,341100,滁州市,341122,来安县,341100,滁州市,prefecture,current_code,
360281,江西省,景德镇市,乐平市,6549,current,current_code,100,360000,江西省,360200,景德镇市,360281,乐平市,360200,景德镇市,prefecture,current_code,
510823,四川省,广元市,剑阁县,6540,current,current_code,100,510000,四川省,510800,广元市,510823,剑阁县,510800,广元市,prefecture,current_code,
330481,浙江省,嘉兴市,海宁市,6511,current,current_code,100,330000,浙江省,330400,嘉兴市,330481,海宁市,330400,嘉兴市,prefecture,current_code,
510182,四川省,成都市,彭州市,6493,current,current_code,100,510000,四川省,510100,成都市,510182,彭州市,510100,成都市,prefecture,current_code,
330726,浙江省,金华市,浦江县,6483,current,current_code,100,330000,浙江省,330700,金华市,330726,浦江县,330700,金华市,prefecture,current_code,
510184,四川省,成都市,崇州市,6460,current,current_code,100,510000,四川省,510100,成都市,510184,崇州市,510100,成都市,prefecture,current_code,
330821,浙江省,衢州市,衢县,6432,partial,historical_crosswalk,70,330000,浙江省,330800,衢州市,,,330800,衢州市,prefecture,mapped_parent_only,
320112,江苏省,南京市,大厂区,6430,partial,historical_crosswalk,70,320000,江苏省,320100,南京市,,,320100,南京市,prefecture,mapped_parent_only,
510781,四川省,绵阳市,江油市,6430,current,current_code,100,510000,四川省,510700,绵阳市,510781,江油市,510700,绵阳市,prefecture,current_code,
510128,四川省,成都市,崇庆县,6403,partial,historical_crosswalk,70,510000,四川省,510100,成都市,,,510100,成都市,prefecture,mapped_parent_only,
321284,江苏省,泰州市,姜堰市,6391,historical_mapped,historical_crosswalk,85,320000,江苏省,321200,泰州市,321204,姜堰区,321200,泰州市,prefecture,unique_canonical_name_under_mapped_parent,
510212,四川省,重庆市,沙坪坝区,6367,historical_mapped,historical_crosswalk,95,500000,重庆市,,,500106,沙坪坝区,500000,重庆市,municipality,reviewed_override,
360428,江西省,九江市,都昌县,6318,current,current_code,100,360000,江西省,360400,九江市,360428,都昌县,360400,九江市,prefecture,current_code,
510126,四川省,成都市,彭县,6257,partial,historical_crosswalk,70,510000,四川省,510100,成都市,,,510100,成都市,prefecture,mapped_parent_only,
330623,浙江省,绍兴市,嵊县,6243,partial,historical_crosswalk,70,330000,浙江省,330600,绍兴市,,,330600,绍兴市,prefecture,mapped_parent_only,
332621,浙江省,台州地区,临海县,6238,ambiguous,historical_crosswalk,100,,,,,,,,,,historical_code_reused,331082
513822,四川省,眉山地区,仁寿县,6215,historical_mapped,historical_crosswalk,90,510000,四川省,511400,眉山市,511421,仁寿县,511400,眉山市,prefecture,unique_exact_name_under_mapped_parent,
321282,江苏省,泰州市,靖江市,6186,current,current_code,100,320000,江苏省,321200,泰州市,321282,靖江市,321200,泰州市,prefecture,current_code,
342622,安徽省,巢湖地区,庐江县,6186,historical_mapped,historical_crosswalk,90,340000,安徽省,340100,合肥市,340124,庐江县,340100,合肥市,prefecture,unique_exact_name,
510113,四川省,成都市,青白江区,6171,current,current_code,100,510000,四川省,510100,成都市,510113,青白江区,510100,成都市,prefecture,current_code,
350181,福建省,福州市,福清市,6148,current,current_code,100,350000,福建省,350100,福州市,350181,福清市,350100,福州市,prefecture,current_code,
330682,浙江省,绍兴市,上虞市,6137,historical_mapped,historical_crosswalk,85,330000,浙江省,330600,绍兴市,330604,上虞区,330600,绍兴市,prefecture,unique_canonical_name_under_mapped_parent,
220381,吉林省,四平市,公主岭市,6133,historical_mapped,historical_crosswalk,90,220000,吉林省,220100,长春市,220184,公主岭市,220100,长春市,prefecture,unique_exact_name,
342422,安徽省,六安地区,寿县,6081,historical_mapped,historical_crosswalk,90,340000,安徽省,340400,淮南市,340422,寿县,340400,淮南市,prefecture,unique_exact_name,
350623,福建省,漳州市,漳浦县,6078,current,current_code,100,350000,福建省,350600,漳州市,350623,漳浦县,350600,漳州市,prefecture,current_code,
220322,吉林省,四平市,梨树县,6062,current,current_code,100,220000,吉林省,220300,四平市,220322,梨树县,220300,四平市,prefecture,current_code,
330219,浙江省,宁波市,余姚市,6030,historical_mapped,historical_crosswalk,90,330000,浙江省,330200,宁波市,330281,余姚市,330200,宁波市,prefecture,unique_exact_name_under_mapped_parent,
513001,四川省,达川地区,达川市,6009,ambiguous,historical_crosswalk,100,,,,,,,,,,historical_code_reused,511703
320724,江苏省,连云港市,灌南县,6007,current,current_code,100,320000,江苏省,320700,连云港市,320724,灌南县,320700,连云港市,prefecture,current_code,
330483,浙江省,嘉兴市,桐乡市,6003,current,current_code,100,330000,浙江省,330400,嘉兴市,330483,桐乡市,330400,嘉兴市,prefecture,current_code,
342222,安徽省,宿县地区,萧县,5996,historical_mapped,historical_crosswalk,90,340000,安徽省,341300,宿州市,341322,萧县,341300,宿州市,prefecture,unique_exact_name,
510111,四川省,成都市,金牛区,5925,historical_mapped,historical_crosswalk,90,510000,四川省,510100,成都市,510106,金牛区,510100,成都市,prefecture,unique_exact_name_under_mapped_parent,
511022,四川省,内江市,乐至县,5919,historical_mapped,historical_crosswalk,90,510000,四川省,512000,资阳市,512022,乐至县,512000,资阳市,prefecture,unique_exact_name,
510130,四川省,成都市,邛崃县,5915,historical_mapped,historical_crosswalk,85,510000,四川省,510100,成都市,510183,邛崃市,510100,成都市,prefecture,unique_canonical_name_under_mapped_parent,
210202,辽宁省,大连市,中山区,5889,current,current_code,100,210000,辽宁省,210200,大连市,210202,中山区,210200,大连市,prefecture,current_code,
510402,四川省,攀枝花市,东区,5871,current,current_code,100,510000,四川省,510400,攀枝花市,510402,东区,510400,攀枝花市,prefecture,current_code,
330501,浙江省,湖州市,,5867,partial,current_parent_code,60,330000,浙江省,330500,湖州市,,,330500,湖州市,prefecture,current_parent_code,
330329,浙江省,温州市,泰顺县,5848,current,current_code,100,330000,浙江省,330300,温州市,330329,泰顺县,330300,温州市,prefecture,current_code,
510107,四川省,成都市,武侯区,5825,current,current_code,100,510000,四川省,510100,成都市,510107,武侯区,510100,成都市,prefecture,current_code,
362204,江西省,宜春地区,高安市,5822,historical_mapped,historical_crosswalk,90,360000,江西省,360900,宜春市,360983,高安市,360900,宜春市,prefecture,unique_exact_name,
330702,浙江省,金华市,婺城区,5817,current,current_code,100,330000,浙江省,330700,金华市,330702,婺城区,330700,金华市,prefecture,current_code,
530111,云南省,昆明市,官渡区,5791,current,current_code,100,530000,云南省,530100,昆明市,530111,官渡区,530100,昆明市,prefecture,current_code,
330719,浙江省,金华市,,5779,partial,current_parent_code,60,330000,浙江省,330700,金华市,,,330700,金华市,prefecture,current_parent_code,
511123,四川省,乐山市,犍为县,5774,current,current_code,100,510000,四川省,511100,乐山市,511123,犍为县,511100,乐山市,prefecture,current_code,
362421,江西省,吉安地区,吉安县,5705,ambiguous,historical_crosswalk,100,,,,,,,,,,historical_code_reused,360821;360800
320828,江苏省,淮安市,淮安县,5668,ambiguous,historical_crosswalk,100,,,,,,,,,,multiple_canonical_name_targets,320800;320803
310224,上海市,上海市,川沙县,5643,unresolved,historical_crosswalk,0,,,,,,,,,,no_supported_successor,
510703,四川省,绵阳市,涪城区,5638,current,current_code,100,510000,四川省,510700,绵阳市,510703,涪城区,510700,绵阳市,prefecture,current_code,
330723,浙江省,金华市,武义县,5609,current,current_code,100,330000,浙江省,330700,金华市,330723,武义县,330700,金华市,prefecture,current_code,
510221,四川省,重庆市,长寿县,5595,historical_mapped,historical_crosswalk,85,500000,重庆市,,,500115,长寿区,500000,重庆市,municipality,unique_canonical_name_under_mapped_parent,
342224,安徽省,宿县地区,灵璧县,5590,historical_mapped,historical_crosswalk,90,340000,安徽省,341300,宿州市,341323,灵璧县,341300,宿州市,prefecture,unique_exact_name,
350128,福建省,福州市,平潭县,5588,current,current_code,100,350000,福建省,350100,福州市,350128,平潭县,350100,福州市,prefecture,current_code,
340321,安徽省,蚌埠市,怀远县,5586,current,current_code,100,340000,安徽省,340300,蚌埠市,340321,怀远县,340300,蚌埠市,prefecture,current_code,
320822,江苏省,淮安市,灌南县,5585,historical_mapped,historical_crosswalk,90,320000,江苏省,320700,连云港市,320724,灌南县,320700,连云港市,prefecture,unique_exact_name,
510106,四川省,成都市,金牛区,5569,current,current_code,100,510000,四川省,510100,成都市,510106,金牛区,510100,成都市,prefecture,current_code,
513101,四川省,雅安地区,雅安市,5541,partial,historical_crosswalk,90,510000,四川省,511800,雅安市,,,511800,雅安市,prefecture,unique_exact_name_under_mapped_parent,
330421,浙江省,嘉兴市,嘉善县,5535,current,current_code,100,330000,浙江省,330400,嘉兴市,330421,嘉善县,330400,嘉兴市,prefecture,current_code,
510224,四川省,重庆市,江北县,5521,ambiguous,historical_crosswalk,100,,,,,,,,,,reviewed_2025_liangjiang_split,500109;500157
320829,江苏省,淮安市,洪泽县,5517,historical_mapped,historical_crosswalk,85,320000,江苏省,320800,淮安市,320813,洪泽区,320800,淮安市,prefecture,unique_canonical_name_under_mapped_parent,
321002,江苏省,扬州市,广陵区,5493,current,current_code,100,320000,江苏省,321000,扬州市,321002,广陵区,321000,扬州市,prefecture,current_code,
342201,安徽省,宿县地区,宿州市,5471,partial,historical_crosswalk,90,340000,安徽省,341300,宿州市,,,341300,宿州市,prefecture,unique_exact_name_under_mapped_parent,
320982,江苏省,盐城市,大丰市,5461,historical_mapped,historical_crosswalk,85,320000,江苏省,320900,盐城市,320904,大丰区,320900,盐城市,prefecture,unique_canonical_name_under_mapped_parent,
320926,江苏省,盐城市,大丰县,5460,historical_mapped,historical_crosswalk,85,320000,江苏省,320900,盐城市,320904,大丰区,320900,盐城市,prefecture,unique_canonical_name_under_mapped_parent,
310226,上海市,上海市,奉贤县,5451,historical_mapped,historical_crosswalk,85,310000,上海市,,,310120,奉贤区,310000,上海市,municipality,unique_canonical_name,
210112,辽宁省,沈阳市,浑南区,5404,current,current_code,100,210000,辽宁省,210100,沈阳市,210112,浑南区,210100,沈阳市,prefecture,current_code,
210219,辽宁省,大连市,瓦房店市,5346,historical_mapped,historical_crosswalk,90,210000,辽宁省,210200,大连市,210281,瓦房店市,210200,大连市,prefecture,unique_exact_name_under_mapped_parent,
512925,四川省,南充地区,广安县,5323,ambiguous,historical_crosswalk,100,,,,,,,,,,historical_code_reused,511600;511602
412326,河南省,商丘地区,夏邑县,5317,historical_mapped,historical_crosswalk,90,410000,河南省,411400,商丘市,411426,夏邑县,411400,商丘市,prefecture,unique_exact_name_under_mapped_parent,
211103,辽宁省,盘锦市,兴隆台区,5313,current,current_code,100,210000,辽宁省,211100,盘锦市,211103,兴隆台区,211100,盘锦市,prefecture,current_code,
360111,江西省,南昌市,青山湖区,5312,current,current_code,100,360000,江西省,360100,南昌市,360111,青山湖区,360100,南昌市,prefecture,current_code,
513902,四川省,资阳地区,简阳市,5310,historical_mapped,historical_crosswalk,90,510000,四川省,510100,成都市,510185,简阳市,510100,成都市,prefecture,unique_exact_name,
330282,浙江省,宁波市,慈溪市,5305,current,current_code,100,330000,浙江省,330200,宁波市,330282,慈溪市,330200,宁波市,prefecture,current_code,
321028,江苏省,扬州市,泰县,5297,partial,historical_crosswalk,70,320000,江苏省,321000,扬州市,,,321000,扬州市,prefecture,mapped_parent_only,
341125,安徽省,滁州市,定远县,5278,current,current_code,100,340000,安徽省,341100,滁州市,341125,定远县,341100,滁州市,prefecture,current_code,
321025,江苏省,扬州市,泰兴县,5274,historical_mapped,historical_crosswalk,85,320000,江苏省,321200,泰州市,321283,泰兴市,321200,泰州市,prefecture,unique_canonical_name,
331003,浙江省,台州市,黄岩区,5254,current,current_code,100,330000,浙江省,331000,台州市,331003,黄岩区,331000,台州市,prefecture,current_code,
330624,浙江省,绍兴市,新昌县,5253,current,current_code,100,330000,浙江省,330600,绍兴市,330624,新昌县,330600,绍兴市,prefecture,current_code,
510132,四川省,成都市,新津县,5232,historical_mapped,historical_crosswalk,85,510000,四川省,510100,成都市,510118,新津区,510100,成都市,prefecture,unique_canonical_name_under_mapped_parent,
510625,四川省,德阳市,什邡县,5222,historical_mapped,historical_crosswalk,85,510000,四川省,510600,德阳市,510682,什邡市,510600,德阳市,prefecture,unique_canonical_name_under_mapped_parent,
512527,四川省,宜宾地区,宜宾县,5221,ambiguous,historical_crosswalk,100,,,,,,,,,,historical_code_reused,511500
320325,江苏省,徐州市,邳县,5218,partial,historical_crosswalk,70,320000,江苏省,320300,徐州市,,,320300,徐州市,prefecture,mapped_parent_only,
510213,四川省,重庆市,九龙坡区,5202,historical_mapped,historical_crosswalk,90,500000,重庆市,,,500107,九龙坡区,500000,重庆市,municipality,unique_exact_name_under_mapped_parent,
511126,四川省,乐山市,夹江县,5176,current,current_code,100,510000,四川省,511100,乐山市,511126,夹江县,511100,乐山市,prefecture,current_code,
210203,辽宁省,大连市,西岗区,5171,current,current_code,100,210000,辽宁省,210200,大连市,210203,西岗区,210200,大连市,prefecture,current_code,
220103,吉林省,长春市,宽城区,5156,current,current_code,100,220000,吉林省,220100,长春市,220103,宽城区,220100,长春市,prefecture,current_code,
320203,江苏省,无锡市,南长区,5156,partial,historical_crosswalk,70,320000,江苏省,320200,无锡市,,,320200,无锡市,prefecture,mapped_parent_only,
330106,浙江省,杭州市,西湖区,5134,current,current_code,100,330000,浙江省,330100,杭州市,330106,西湖区,330100,杭州市,prefecture,current_code,
330122,浙江省,杭州市,桐庐县,5100,current,current_code,100,330000,浙江省,330100,杭州市,330122,桐庐县,330100,杭州市,prefecture,current_code,
341226,安徽省,阜阳市,颍上县,5095,current,current_code,100,340000,安徽省,341200,阜阳市,341226,颍上县,341200,阜阳市,prefecture,current_code,
512927,四川省,南充地区,仪陇县,5095,ambiguous,historical_crosswalk,100,,,,,,,,,,historical_code_reused,511324
310222,上海市,上海市,嘉定县,5080,historical_mapped,historical_crosswalk,85,310000,上海市,,,310114,嘉定区,310000,上海市,municipality,unique_canonical_name,
511302,四川省,南充市,顺庆区,5064,current,current_code,100,510000,四川省,511300,南充市,511302,顺庆区,511300,南充市,prefecture,current_code,
511124,四川省,乐山市,井研县,5045,current,current_code,100,510000,四川省,511100,乐山市,511124,井研县,511100,乐山市,prefecture,current_code,
330328,浙江省,温州市,文成县,5036,current,current_code,100,330000,浙江省,330300,温州市,330328,文成县,330300,温州市,prefecture,current_code,
360123,江西省,南昌市,安义县,5034,current,current_code,100,360000,江西省,360100,南昌市,360123,安义县,360100,南昌市,prefecture,current_code,
510105,四川省,成都市,青羊区,5033,current,current_code,100,510000,四川省,510100,成都市,510105,青羊区,510100,成都市,prefecture,current_code,
320423,江苏省,常州市,溧阳县,5023,historical_mapped,historical_crosswalk,85,320000,江苏省,320400,常州市,320481,溧阳市,320400,常州市,prefecture,unique_canonical_name_under_mapped_parent,
220182,吉林省,长春市,榆树市,5018,current,current_code,100,220000,吉林省,220100,长春市,220182,榆树市,220100,长春市,prefecture,current_code,
362227,江西省,宜春地区,万载县,5006,ambiguous,historical_crosswalk,100,,,,,,,,,,historical_code_reused,360922
330123,浙江省,杭州市,富阳县,4987,historical_mapped,historical_crosswalk,85,330000,浙江省,330100,杭州市,330111,富阳区,330100,杭州市,prefecture,unique_canonical_name_under_mapped_parent,
510821,四川省,广元市,旺苍县,4972,current,current_code,100,510000,四川省,510800,广元市,510821,旺苍县,510800,广元市,prefecture,current_code,
510311,四川省,自贡市,沿滩区,4953,current,current_code,100,510000,四川省,510300,自贡市,510311,沿滩区,510300,自贡市,prefecture,current_code,
362401,江西省,吉安地区,吉安市,4947,ambiguous,historical_crosswalk,100,,,,,,,,,,historical_code_reused,360800;360821
511381,四川省,南充市,阆中市,4904,current,current_code,100,510000,四川省,511300,南充市,511381,阆中市,511300,南充市,prefecture,current_code,
330402,浙江省,嘉兴市,南湖区,4898,current,current_code,100,330000,浙江省,330400,嘉兴市,330402,南湖区,330400,嘉兴市,prefecture,current_code,
330782,浙江省,金华市,义乌市,4884,current,current_code,100,330000,浙江省,330700,金华市,330782,义乌市,330700,金华市,prefecture,current_code,
332526,浙江省,丽水地区,缙云县,4878,ambiguous,historical_crosswalk,100,,,,,,,,,,historical_code_reused,331122
210221,辽宁省,大连市,金县,4875,partial,historical_crosswalk,70,210000,辽宁省,210200,大连市,,,210200,大连市,prefecture,mapped_parent_only,
330625,浙江省,绍兴市,诸暨县,4874,historical_mapped,historical_crosswalk,85,330000,浙江省,330600,绍兴市,330681,诸暨市,330600,绍兴市,prefecture,unique_canonical_name_under_mapped_parent,
510222,四川省,重庆市,巴县,4863,historical_mapped,historical_crosswalk,95,500000,重庆市,,,500113,巴南区,500000,重庆市,municipality,reviewed_override,
310230,上海市,上海市,崇明县,4860,historical_mapped,historical_crosswalk,85,310000,上海市,,,310151,崇明区,310000,上海市,municipality,unique_canonical_name,
330482,浙江省,嘉兴市,平湖市,4858,current,current_code,100,330000,浙江省,330400,嘉兴市,330482,平湖市,330400,嘉兴市,prefecture,current_code,
330622,浙江省,绍兴市,上虞县,4802,historical_mapped,historical_crosswalk,85,330000,浙江省,330600,绍兴市,330604,上虞区,330600,绍兴市,prefecture,unique_canonical_name_under_mapped_parent,
342225,安徽省,宿县地区,泗县,4799,historical_mapped,historical_crosswalk,90,340000,安徽省,341300,宿州市,341324,泗县,341300,宿州市,prefecture,unique_exact_name,
530102,云南省,昆明市,五华区,4797,current,current_code,100,530000,云南省,530100,昆明市,530102,五华区,530100,昆明市,prefecture,current_code,
210213,辽宁省,大连市,金州区,4793,current,current_code,100,210000,辽宁省,210200,大连市,210213,金州区,210200,大连市,prefecture,current_code,
210114,辽宁省,沈阳市,于洪区,4766,current,current_code,100,210000,辽宁省,210100,沈阳市,210114,于洪区,210100,沈阳市,prefecture,current_code,
320831,江苏省,淮安市,金湖县,4762,current,current_code,100,320000,江苏省,320800,淮安市,320831,金湖县,320800,淮安市,prefecture,current_code,
510131,四川省,成都市,蒲江县,4752,current,current_code,100,510000,四川省,510100,成都市,510131,蒲江县,510100,成都市,prefecture,current_code,
360423,江西省,九江市,武宁县,4740,current,current_code,100,360000,江西省,360400,九江市,360423,武宁县,360400,九江市,prefecture,current_code,
512301,四川省,涪陵地区,涪陵市,4740,ambiguous,historical_crosswalk,100,,,,,,,,,,historical_code_reused,
530103,云南省,昆明市,盘龙区,4740,current,current_code,100,530000,云南省,530100,昆明市,530103,盘龙区,530100,昆明市,prefecture,current_code,
320202,江苏省,无锡市,崇安区,4738,partial,historical_crosswalk,70,320000,江苏省,320200,无锡市,,,320200,无锡市,prefecture,mapped_parent_only,
210402,辽宁省,抚顺市,新抚区,4724,current,current_code,100,210000,辽宁省,210400,抚顺市,210402,新抚区,210400,抚顺市,prefecture,current_code,
512930,四川省,南充地区,阆中县,4720,ambiguous,historical_crosswalk,100,,,,,,,,,,historical_code_reused,511381
362122,江西省,赣州地区,南康县,4717,ambiguous,historical_crosswalk,100,,,,,,,,,,historical_code_reused,360703
331002,浙江省,台州市,椒江区,4712,current,current_code,100,330000,浙江省,331000,台州市,331002,椒江区,331000,台州市,prefecture,current_code,
513122,四川省,雅安地区,名山县,4709,ambiguous,historical_crosswalk,100,,,,,,,,,,historical_code_reused,511803
330124,浙江省,杭州市,临安县,4683,historical_mapped,historical_crosswalk,85,330000,浙江省,330100,杭州市,330112,临安区,330100,杭州市,prefecture,unique_canonical_name_under_mapped_parent,
350104,福建省,福州市,仓山区,4679,current,current_code,100,350000,福建省,350100,福州市,350104,仓山区,350100,福州市,prefecture,current_code,
360311,江西省,萍乡市,上栗区,4678,historical_mapped,historical_crosswalk,85,360000,江西省,360300,萍乡市,360322,上栗县,360300,萍乡市,prefecture,unique_canonical_name_under_mapped_parent,
350127,福建省,福州市,福清县,4661,historical_mapped,historical_crosswalk,85,350000,福建省,350100,福州市,350181,福清市,350100,福州市,prefecture,unique_canonical_name_under_mapped_parent,
362422,江西省,吉安地区,吉水县,4660,ambiguous,historical_crosswalk,100,,,,,,,,,,historical_code_reused,360822
330825,浙江省,衢州市,龙游县,4654,current,current_code,100,330000,浙江省,330800,衢州市,330825,龙游县,330800,衢州市,prefecture,current_code,
350122,福建省,福州市,连江县,4639,current,current_code,100,350000,福建省,350100,福州市,350122,连江县,350100,福州市,prefecture,current_code,
330602,浙江省,绍兴市,越城区,4627,current,current_code,100,330000,浙江省,330600,绍兴市,330602,越城区,330600,绍兴市,prefecture,current_code,
332601,浙江省,台州地区,椒江市,4627,historical_mapped,historical_crosswalk,85,330000,浙江省,331000,台州市,331002,椒江区,331000,台州市,prefecture,unique_canonical_name,
510304,四川省,自贡市,大安区,4614,current,current_code,100,510000,四川省,510300,自贡市,510304,大安区,510300,自贡市,prefecture,current_code,
513901,四川省,资阳地区,资阳市,4611,partial,historical_crosswalk,90,510000,四川省,512000,资阳市,,,512000,资阳市,prefecture,unique_exact_name_under_mapped_parent,
510202,四川省,重庆市,渝中区,4599,ambiguous,historical_crosswalk,100,,,,,,,,,,historical_code_reused,500103
342221,安徽省,宿县地区,砀山县,4597,historical_mapped,historical_crosswalk,90,340000,安徽省,341300,宿州市,341321,砀山县,341300,宿州市,prefecture,unique_exact_name,
362222,江西省,宜春地区,高安县,4596,ambiguous,historical_crosswalk,100,,,,,,,,,,historical_code_reused,360983
362101,江西省,赣州地区,赣州市,4590,partial,historical_crosswalk,90,360000,江西省,360700,赣州市,,,360700,赣州市,prefecture,unique_exact_name,
320827,江苏省,淮安市,泗洪县,4584,historical_mapped,historical_crosswalk,90,320000,江苏省,321300,宿迁市,321324,泗洪县,321300,宿迁市,prefecture,unique_exact_name,
510525,四川省,泸州市,古蔺县,4559,current,current_code,100,510000,四川省,510500,泸州市,510525,古蔺县,510500,泸州市,prefecture,current_code,
341221,安徽省,阜阳市,临泉县,4552,current,current_code,100,340000,安徽省,341200,阜阳市,341221,临泉县,341200,阜阳市,prefecture,current_code,
210881,辽宁省,营口市,盖州市,4548,current,current_code,100,210000,辽宁省,210800,营口市,210881,盖州市,210800,营口市,prefecture,current_code,
350681,福建省,漳州市,龙海市,4547,ambiguous,historical_crosswalk,100,,,,,,,,,,historical_code_reused,
511112,四川省,乐山市,五通桥区,4547,current,current_code,100,510000,四川省,511100,乐山市,511112,五通桥区,511100,乐山市,prefecture,current_code,
513023,四川省,达川地区,开江县,4547,ambiguous,historical_crosswalk,100,,,,,,,,,,historical_code_reused,511723
330823,浙江省,衢州市,江山县,4545,historical_mapped,historical_crosswalk,85,330000,浙江省,330800,衢州市,330881,江山市,330800,衢州市,prefecture,unique_canonical_name_under_mapped_parent,
342426,安徽省,六安地区,金寨县,4538,historical_mapped,historical_crosswalk,90,340000,安徽省,341500,六安市,341524,金寨县,341500,六安市,prefecture,unique_exact_name_under_mapped_parent,
320404,江苏省,常州市,钟楼区,4535,current,current_code,100,320000,江苏省,320400,常州市,320404,钟楼区,320400,常州市,prefecture,current_code,
510108,四川省,成都市,成华区,4534,current,current_code,100,510000,四川省,510100,成都市,510108,成华区,510100,成都市,prefecture,current_code,
371324,山东省,临沂市,兰陵县,4520,current,current_code,100,370000,山东省,371300,临沂市,371324,兰陵县,371300,临沂市,prefecture,current_code,
341224,安徽省,阜阳市,蒙城县,4517,historical_mapped,historical_crosswalk,90,340000,安徽省,341600,亳州市,341622,蒙城县,341600,亳州市,prefecture,unique_exact_name,
320919,江苏省,盐城市,,4514,partial,current_parent_code,60,320000,江苏省,320900,盐城市,,,320900,盐城市,prefecture,current_parent_code,
512222,四川省,万县地区,开县,4508,ambiguous,historical_crosswalk,100,,,,,,,,,,historical_code_reused,
362301,江西省,上饶地区,上饶市,4502,ambiguous,historical_crosswalk,100,,,,,,,,,,historical_code_reused,361100
513723,四川省,巴中地区,平昌县,4498,historical_mapped,historical_crosswalk,90,510000,四川省,511900,巴中市,511923,平昌县,511900,巴中市,prefecture,unique_exact_name_under_mapped_parent,
360421,江西省,九江市,九江县,4472,partial,historical_crosswalk,85,360000,江西省,360400,九江市,,,360400,九江市,prefecture,unique_canonical_name_under_mapped_parent,
341227,安徽省,阜阳市,利辛县,4449,historical_mapped,historical_crosswalk,90,340000,安徽省,341600,亳州市,341623,利辛县,341600,亳州市,prefecture,unique_exact_name,
320402,江苏省,常州市,天宁区,4448,current,current_code,100,320000,江苏省,320400,常州市,320402,天宁区,320400,常州市,prefecture,current_code,
310228,上海市,上海市,金山县,4442,historical_mapped,historical_crosswalk,85,310000,上海市,,,310116,金山区,310000,上海市,municipality,unique_canonical_name,
210122,辽宁省,沈阳市,辽中县,4441,historical_mapped,historical_crosswalk,85,210000,辽宁省,210100,沈阳市,210115,辽中区,210100,沈阳市,prefecture,unique_canonical_name_under_mapped_parent,
350125,福建省,福州市,永泰县,4436,current,current_code,100,350000,福建省,350100,福州市,350125,永泰县,350100,福州市,prefecture,current_code,
320204,江苏省,无锡市,北塘区,4427,partial,historical_crosswalk,70,320000,江苏省,320200,无锡市,,,320200,无锡市,prefecture,mapped_parent_only,
510704,四川省,绵阳市,游仙区,4423,current,current_code,100,510000,四川省,510700,绵阳市,510704,游仙区,510700,绵阳市,prefecture,current_code,
510183,四川省,成都市,邛崃市,4413,current,current_code,100,510000,四川省,510100,成都市,510183,邛崃市,510100,成都市,prefecture,current_code,
332625,浙江省,台州地区,天台县,4402,ambiguous,historical_crosswalk,100,,,,,,,,,,historical_code_reused,331023
350111,福建省,福州市,晋安区,4400,current,current_code,100,350000,福建省,350100,福州市,350111,晋安区,350100,福州市,prefecture,current_code,
510725,四川省,绵阳市,梓潼县,4395,current,current_code,100,510000,四川省,510700,绵阳市,510725,梓潼县,510700,绵阳市,prefecture,current_code,
211322,辽宁省,朝阳市,建平县,4384,current,current_code,100,210000,辽宁省,211300,朝阳市,211322,建平县,211300,朝阳市,prefecture,current_code,
220221,吉林省,吉林市,永吉县,4377,current,current_code,100,220000,吉林省,220200,吉林市,220221,永吉县,220200,吉林市,prefecture,current_code,
220202,吉林省,吉林市,昌邑区,4374,current,current_code,100,220000,吉林省,220200,吉林市,220202,昌邑区,220200,吉林市,prefecture,current_code,
320311,江苏省,徐州市,泉山区,4366,current,current_code,100,320000,江苏省,320300,徐州市,320311,泉山区,320300,徐州市,prefecture,current_code,
220181,吉林省,长春市,九台市,4361,historical_mapped,historical_crosswalk,85,220000,吉林省,220100,长春市,220113,九台区,220100,长春市,prefecture,unique_canonical_name_under_mapped_parent,
510524,四川省,泸州市,叙永县,4358,current,current_code,100,510000,四川省,510500,泸州市,510524,叙永县,510500,泸州市,prefecture,current_code,
510302,四川省,自贡市,自流井区,4340,current,current_code,100,510000,四川省,510300,自贡市,510302,自流井区,510300,自贡市,prefecture,current_code,
512923,四川省,南充地区,岳池县,4338,ambiguous,historical_crosswalk,100,,,,,,,,,,historical_code_reused,511621
360203,江西省,景德镇市,珠山区,4337,current,current_code,100,360000,江西省,360200,景德镇市,360203,珠山区,360200,景德镇市,prefecture,current_code,
320305,江苏省,徐州市,贾汪区,4329,current,current_code,100,320000,江苏省,320300,徐州市,320305,贾汪区,320300,徐州市,prefecture,current_code,
210111,辽宁省,沈阳市,苏家屯区,4327,current,current_code,100,210000,辽宁省,210100,沈阳市,210111,苏家屯区,210100,沈阳市,prefecture,current_code,
341225,安徽省,阜阳市,阜南县,4327,current,current_code,100,340000,安徽省,341200,阜阳市,341225,阜南县,341200,阜阳市,prefecture,current_code,
341223,安徽省,阜阳市,涡阳县,4309,historical_mapped,historical_crosswalk,90,340000,安徽省,341600,亳州市,341621,涡阳县,341600,亳州市,prefecture,unique_exact_name,
332627,浙江省,台州地区,玉环县,4302,ambiguous,historical_crosswalk,100,,,,,,,,,,historical_code_reused,331083
362531,江西省,抚州地区,东乡县,4281,ambiguous,historical_crosswalk,100,,,,,,,,,,historical_code_reused,361003
510225,四川省,重庆市,江津县,4278,historical_mapped,historical_crosswalk,85,500000,重庆市,,,500116,江津区,500000,重庆市,municipality,unique_canonical_name_under_mapped_parent,
362334,江西省,上饶地区,婺源县,4263,historical_mapped,historical_crosswalk,90,360000,江西省,361100,上饶市,361130,婺源县,361100,上饶市,prefecture,unique_exact_name,
362426,江西省,吉安地区,泰和县,4254,ambiguous,historical_crosswalk,100,,,,,,,,,,historical_code_reused,360826
412724,河南省,周口地区,太康县,4248,historical_mapped,historical_crosswalk,90,410000,河南省,411600,周口市,411627,太康县,411600,周口市,prefecture,unique_exact_name_under_mapped_parent,
330206,浙江省,宁波市,北仑区,4237,current,current_code,100,330000,浙江省,330200,宁波市,330206,北仑区,330200,宁波市,prefecture,current_code,
310227,上海市,上海市,松江县,4225,historical_mapped,historical_crosswalk,85,310000,上海市,,,310117,松江区,310000,上海市,municipality,unique_canonical_name,
362203,江西省,宜春地区,樟树市,4222,historical_mapped,historical_crosswalk,90,360000,江西省,360900,宜春市,360982,樟树市,360900,宜春市,prefecture,unique_exact_name,
513821,四川省,眉山地区,眉山县,4209,partial,historical_crosswalk,85,510000,四川省,511400,眉山市,,,511400,眉山市,prefecture,unique_canonical_name_under_mapped_parent,
511521,四川省,宜宾市,宜宾县,4196,partial,historical_crosswalk,85,510000,四川省,511500,宜宾市,,,511500,宜宾市,prefecture,unique_canonical_name_under_mapped_parent,
330224,浙江省,宁波市,奉化县,4179,historical_mapped,historical_crosswalk,85,330000,浙江省,330200,宁波市,330213,奉化区,330200,宁波市,prefecture,unique_canonical_name_under_mapped_parent,
331004,浙江省,台州市,路桥区,4158,current,current_code,100,330000,浙江省,331000,台州市,331004,路桥区,331000,台州市,prefecture,current_code,
650102,新疆维吾尔自治区,乌鲁木齐市,天山区,4155,current,current_code,100,650000,新疆维吾尔自治区,650100,乌鲁木齐市,650102,天山区,650100,乌鲁木齐市,prefecture,current_code,
211302,辽宁省,朝阳市,双塔区,4112,current,current_code,100,210000,辽宁省,211300,朝阳市,211302,双塔区,211300,朝阳市,prefecture,current_code,
210302,辽宁省,鞍山市,铁东区,4108,current,current_code,100,210000,辽宁省,210300,鞍山市,210302,铁东区,210300,鞍山市,prefecture,current_code,
130221,河北省,唐山市,丰润县,4103,historical_mapped,historical_crosswalk,85,130000,河北省,130200,唐山市,130208,丰润区,130200,唐山市,prefecture,unique_canonical_name_under_mapped_parent,
510226,四川省,重庆市,合川县,4095,historical_mapped,historical_crosswalk,85,500000,重庆市,,,500117,合川区,500000,重庆市,municipality,unique_canonical_name_under_mapped_parent,
220722,吉林省,松原市,长岭县,4094,current,current_code,100,220000,吉林省,220700,松原市,220722,长岭县,220700,松原市,prefecture,current_code,
220204,吉林省,吉林市,船营区,4089,current,current_code,100,220000,吉林省,220200,吉林市,220204,船营区,220200,吉林市,prefecture,current_code,
330125,浙江省,杭州市,余杭县,4082,historical_mapped,historical_crosswalk,85,330000,浙江省,330100,杭州市,330110,余杭区,330100,杭州市,prefecture,unique_canonical_name_under_mapped_parent,
360302,江西省,萍乡市,安源区,4076,current,current_code,100,360000,江西省,360300,萍乡市,360302,安源区,360300,萍乡市,prefecture,current_code,
372922,山东省,菏泽地区,曹县,4073,historical_mapped,historical_crosswalk,90,370000,山东省,371700,菏泽市,371721,曹县,371700,菏泽市,prefecture,unique_exact_name_under_mapped_parent,
210882,辽宁省,营口市,大石桥市,4070,current,current_code,100,210000,辽宁省,210800,营口市,210882,大石桥市,210800,营口市,prefecture,current_code,
220105,吉林省,长春市,二道区,4069,current,current_code,100,220000,吉林省,220100,长春市,220105,二道区,220100,长春市,prefecture,current_code,
360782,江西省,赣州市,南康市,4066,historical_mapped,historical_crosswalk,85,360000,江西省,360700,赣州市,360703,南康区,360700,赣州市,prefecture,unique_canonical_name_under_mapped_parent,
310113,上海市,上海市,宝山区,4062,current,current_code,100,310000,上海市,,,310113,宝山区,310000,上海市,municipality,current_code,
510223,四川省,重庆市,綦江县,4061,historical_mapped,historical_crosswalk,95,500000,重庆市,,,500110,綦江区,500000,重庆市,municipality,reviewed_override,
360425,江西省,九江市,永修县,4059,current,current_code,100,360000,江西省,360400,九江市,360425,永修县,360400,九江市,prefecture,current_code,
513721,四川省,巴中地区,通江县,4046,historical_mapped,historical_crosswalk,90,510000,四川省,511900,巴中市,511921,通江县,511900,巴中市,prefecture,unique_exact_name_under_mapped_parent,
510228,四川省,重庆市,铜梁县,4039,historical_mapped,historical_crosswalk,85,500000,重庆市,,,500151,铜梁区,500000,重庆市,municipality,unique_canonical_name_under_mapped_parent,
330824,浙江省,衢州市,开化县,4036,current,current_code,100,330000,浙江省,330800,衢州市,330824,开化县,330800,衢州市,prefecture,current_code,
210726,辽宁省,锦州市,黑山县,4019,current,current_code,100,210000,辽宁省,210700,锦州市,210726,黑山县,210700,锦州市,prefecture,current_code,
513025,四川省,达县地区,通江县,4014,ambiguous,historical_crosswalk,100,,,,,,,,,,historical_code_reused,511921
310229,上海市,上海市,青浦县,4011,historical_mapped,historical_crosswalk,85,310000,上海市,,,310118,青浦区,310000,上海市,municipality,unique_canonical_name,
362228,江西省,宜春地区,上高县,4010,ambiguous,historical_crosswalk,100,,,,,,,,,,historical_code_reused,360923
330902,浙江省,舟山市,定海区,4005,current,current_code,100,330000,浙江省,330900,舟山市,330902,定海区,330900,舟山市,prefecture,current_code,
130229,河北省,唐山市,玉田县,4002,current,current_code,100,130000,河北省,130200,唐山市,130229,玉田县,130200,唐山市,prefecture,current_code,
370982,山东省,泰安市,新泰市,3991,current,current_code,100,370000,山东省,370900,泰安市,370982,新泰市,370900,泰安市,prefecture,current_code,
513124,四川省,雅安地区,汉源县,3987,ambiguous,historical_crosswalk,100,,,,,,,,,,historical_code_reused,511823
340521,安徽省,马鞍山市,当涂县,3983,current,current_code,100,340000,安徽省,340500,马鞍山市,340521,当涂县,340500,马鞍山市,prefecture,current_code,
350103,福建省,福州市,台江区,3980,current,current_code,100,350000,福建省,350100,福州市,350103,台江区,350100,福州市,prefecture,current_code,
510104,四川省,成都市,锦江区,3979,current,current_code,100,510000,四川省,510100,成都市,510104,锦江区,510100,成都市,prefecture,current_code,
512322,四川省,涪陵地区,垫江县,3972,ambiguous,historical_crosswalk,100,,,,,,,,,,historical_code_reused,
362226,江西省,宜春地区,奉新县,3971,ambiguous,historical_crosswalk,100,,,,,,,,,,historical_code_reused,360921
222401,吉林省,延边朝鲜族自治州,延吉市,3938,current,current_code,100,220000,吉林省,222400,延边朝鲜族自治州,222401,延吉市,222400,延边朝鲜族自治州,prefecture,current_code,
330281,浙江省,宁波市,余姚市,3927,current,current_code,100,330000,浙江省,330200,宁波市,330281,余姚市,330200,宁波市,prefecture,current_code,
330127,浙江省,杭州市,淳安县,3914,current,current_code,100,330000,浙江省,330100,杭州市,330127,淳安县,330100,杭州市,prefecture,current_code,
500101,重庆市,重庆市,万州区,3907,current,current_code,100,500000,重庆市,,,500101,万州区,500000,重庆市,municipality,current_code,
210922,辽宁省,阜新市,彰武县,3900,current,current_code,100,210000,辽宁省,210900,阜新市,210922,彰武县,210900,阜新市,prefecture,current_code,
532128,云南省,昭通地区,镇雄县,3900,historical_mapped,historical_crosswalk,90,530000,云南省,530600,昭通市,530627,镇雄县,530600,昭通市,prefecture,unique_exact_name_under_mapped_parent,
330802,浙江省,衢州市,柯城区,3894,current,current_code,100,330000,浙江省,330800,衢州市,330802,柯城区,330800,衢州市,prefecture,current_code,
511502,四川省,宜宾市,翠屏区,3892,current,current_code,100,510000,四川省,511500,宜宾市,511502,翠屏区,511500,宜宾市,prefecture,current_code,
342421,安徽省,六安地区,六安县,3883,partial,historical_crosswalk,85,340000,安徽省,341500,六安市,,,341500,六安市,prefecture,unique_canonical_name_under_mapped_parent,
350628,福建省,漳州市,平和县,3876,current,current_code,100,350000,福建省,350600,漳州市,350628,平和县,350600,漳州市,prefecture,current_code,
320802,江苏省,淮安市,清河区,3875,ambiguous,historical_crosswalk,100,,,,,,,,,,cross_province_exact_name_requires_review,
372901,山东省,菏泽地区,菏泽市,3875,partial,historical_crosswalk,90,370000,山东省,371700,菏泽市,,,371700,菏泽市,prefecture,unique_exact_name_under_mapped_parent,
513425,四川省,凉山彝族自治州,会理县,3869,ambiguous,historical_crosswalk,100,,,,,,,,,,historical_code_reused,
511181,四川省,乐山市,峨眉山市,3835,current,current_code,100,510000,四川省,511100,乐山市,511181,峨眉山市,511100,乐山市,prefecture,current_code,
412726,河南省,周口地区,郸城县,3831,historical_mapped,historical_crosswalk,90,410000,河南省,411600,周口市,411625,郸城县,411600,周口市,prefecture,unique_exact_name_under_mapped_parent,
510230,四川省,重庆市,大足县,3827,historical_mapped,historical_crosswalk,85,500000,重庆市,,,500111,大足区,500000,重庆市,municipality,unique_canonical_name_under_mapped_parent,
372925,山东省,菏泽地区,单县,3825,historical_mapped,historical_crosswalk,90,370000,山东省,371700,菏泽市,371722,单县,371700,菏泽市,prefecture,unique_exact_name_under_mapped_parent,
510227,四川省,重庆市,潼南县,3811,historical_mapped,historical_crosswalk,85,500000,重庆市,,,500152,潼南区,500000,重庆市,municipality,unique_canonical_name_under_mapped_parent,
360403,江西省,九江市,浔阳区,3805,current,current_code,100,360000,江西省,360400,九江市,360403,浔阳区,360400,九江市,prefecture,current_code,
360430,江西省,九江市,彭泽县,3800,current,current_code,100,360000,江西省,360400,九江市,360430,彭泽县,360400,九江市,prefecture,current_code,
320705,江苏省,连云港市,新浦区,3794,ambiguous,historical_crosswalk,100,,,,,,,,,,historical_code_reused,
211022,辽宁省,辽阳市,灯塔县,3790,historical_mapped,historical_crosswalk,85,210000,辽宁省,211000,辽阳市,211081,灯塔市,211000,辽阳市,prefecture,unique_canonical_name_under_mapped_parent,
330822,浙江省,衢州市,常山县,3785,current,current_code,100,330000,浙江省,330800,衢州市,330822,常山县,330800,衢州市,prefecture,current_code,
340822,安徽省,安庆市,怀宁县,3785,current,current_code,100,340000,安徽省,340800,安庆市,340822,怀宁县,340800,安庆市,prefecture,current_code,
511304,四川省,南充市,嘉陵区,3785,current,current_code,100,510000,四川省,511300,南充市,511304,嘉陵区,511300,南充市,prefecture,current_code,
330422,浙江省,嘉兴市,平湖县,3779,historical_mapped,historical_crosswalk,85,330000,浙江省,330400,嘉兴市,330482,平湖市,330400,嘉兴市,prefecture,unique_canonical_name_under_mapped_parent,
320411,江苏省,常州市,新北区,3776,current,current_code,100,320000,江苏省,320400,常州市,320411,新北区,320400,常州市,prefecture,current_code,
513722,四川省,巴中地区,南江县,3758,historical_mapped,historical_crosswalk,90,510000,四川省,511900,巴中市,511922,南江县,511900,巴中市,prefecture,unique_exact_name_under_mapped_parent,
350182,福建省,福州市,长乐市,3753,historical_mapped,historical_crosswalk,85,350000,福建省,350100,福州市,350112,长乐区,350100,福州市,prefecture,unique_canonical_name_under_mapped_parent,
320819,江苏省,淮安市,,3752,partial,current_parent_code,60,320000,江苏省,320800,淮安市,,,320800,淮安市,prefecture,current_parent_code,
340826,安徽省,安庆市,宿松县,3752,current,current_code,100,340000,安徽省,340800,安庆市,340826,宿松县,340800,安庆市,prefecture,current_code,
350500,福建省,泉州市,,3740,current,current_code,100,350000,福建省,350500,泉州市,,,350500,泉州市,prefecture,current_code,
211021,辽宁省,辽阳市,辽阳县,3728,current,current_code,100,210000,辽宁省,211000,辽阳市,211021,辽阳县,211000,辽阳市,prefecture,current_code,
362133,江西省,赣州地区,兴国县,3727,historical_mapped,historical_crosswalk,90,360000,江西省,360700,赣州市,360732,兴国县,360700,赣州市,prefecture,unique_exact_name,
362131,江西省,赣州地区,宁都县,3709,historical_mapped,historical_crosswalk,90,360000,江西省,360700,赣州市,360730,宁都县,360700,赣州市,prefecture,unique_exact_name,
362132,江西省,赣州地区,于都县,3702,historical_mapped,historical_crosswalk,90,360000,江西省,360700,赣州市,360731,于都县,360700,赣州市,prefecture,unique_exact_name,
362326,江西省,上饶地区,弋阳县,3700,ambiguous,historical_crosswalk,100,,,,,,,,,,historical_code_reused,361126
220881,吉林省,白城市,洮南市,3695,current,current_code,100,220000,吉林省,220800,白城市,220881,洮南市,220800,白城市,prefecture,current_code,
350600,福建省,漳州市,,3691,current,current_code,100,350000,福建省,350600,漳州市,,,350600,漳州市,prefecture,current_code,
320811,江苏省,淮安市,清浦区,3687,partial,historical_crosswalk,70,320000,江苏省,320800,淮安市,,,320800,淮安市,prefecture,mapped_parent_only,
350124,福建省,福州市,闽清县,3670,current,current_code,100,350000,福建省,350100,福州市,350124,闽清县,350100,福州市,prefecture,current_code,
340621,安徽省,淮北市,濉溪县,3668,current,current_code,100,340000,安徽省,340600,淮北市,340621,濉溪县,340600,淮北市,prefecture,current_code,
350212,福建省,厦门市,同安区,3662,current,current_code,100,350000,福建省,350200,厦门市,350212,同安区,350200,厦门市,prefecture,current_code,
510229,四川省,重庆市,永川县,3649,historical_mapped,historical_crosswalk,85,500000,重庆市,,,500118,永川区,500000,重庆市,municipality,unique_canonical_name_under_mapped_parent,
211321,辽宁省,朝阳市,朝阳县,3648,current,current_code,100,210000,辽宁省,211300,朝阳市,211321,朝阳县,211300,朝阳市,prefecture,current_code,
331023,浙江省,台州市,天台县,3648,current,current_code,100,330000,浙江省,331000,台州市,331023,天台县,331000,台州市,prefecture,current_code,
332522,浙江省,丽水地区,青田县,3644,ambiguous,historical_crosswalk,100,,,,,,,,,,historical_code_reused,331121
513026,四川省,达县地区,南江县,3633,ambiguous,historical_crosswalk,100,,,,,,,,,,historical_code_reused,511922
510211,四川省,重庆市,江北区,3603,historical_mapped,historical_crosswalk,100,500000,重庆市,,,500157,两江新区,500000,重庆市,municipality,reviewed_2025_liangjiang_adjustment,
341222,安徽省,阜阳市,太和县,3602,current,current_code,100,340000,安徽省,341200,阜阳市,341222,太和县,341200,阜阳市,prefecture,current_code,
412728,河南省,周口地区,沈丘县,3599,historical_mapped,historical_crosswalk,90,410000,河南省,411600,周口市,411624,沈丘县,411600,周口市,prefecture,unique_exact_name_under_mapped_parent,
510721,四川省,绵阳市,江油县,3598,historical_mapped,historical_crosswalk,85,510000,四川省,510700,绵阳市,510781,江油市,510700,绵阳市,prefecture,unique_canonical_name_under_mapped_parent,
362324,江西省,上饶地区,铅山县,3594,ambiguous,historical_crosswalk,100,,,,,,,,,,historical_code_reused,361124
412727,河南省,周口地区,淮阳县,3592,historical_mapped,historical_crosswalk,85,410000,河南省,411600,周口市,411603,淮阳区,411600,周口市,prefecture,unique_canonical_name_under_mapped_parent,
210623,辽宁省,丹东市,东沟县,3589,partial,historical_crosswalk,70,210000,辽宁省,210600,丹东市,,,210600,丹东市,prefecture,mapped_parent_only,
211381,辽宁省,朝阳市,北票市,3588,current,current_code,100,210000,辽宁省,211300,朝阳市,211381,北票市,211300,朝阳市,prefecture,current_code,
130123,河北省,石家庄市,正定县,3587,current,current_code,100,130000,河北省,130100,石家庄市,130123,正定县,130100,石家庄市,prefecture,current_code,
330203,浙江省,宁波市,海曙区,3566,current,current_code,100,330000,浙江省,330200,宁波市,330203,海曙区,330200,宁波市,prefecture,current_code,
210113,辽宁省,沈阳市,沈北新区,3564,current,current_code,100,210000,辽宁省,210100,沈阳市,210113,沈北新区,210100,沈阳市,prefecture,current_code,
360402,江西省,九江市,濂溪区,3552,current,current_code,100,360000,江西省,360400,九江市,360402,濂溪区,360400,九江市,prefecture,current_code,
130434,河北省,邯郸市,魏县,3545,current,current_code,100,130000,河北省,130400,邯郸市,130434,魏县,130400,邯郸市,prefecture,current_code,
211202,辽宁省,铁岭市,银州区,3541,current,current_code,100,210000,辽宁省,211200,铁岭市,211202,银州区,211200,铁岭市,prefecture,current_code,
330781,浙江省,金华市,兰溪市,3536,current,current_code,100,330000,浙江省,330700,金华市,330781,兰溪市,330700,金华市,prefecture,current_code,
321302,江苏省,宿迁市,宿城区,3535,current,current_code,100,320000,江苏省,321300,宿迁市,321302,宿城区,321300,宿迁市,prefecture,current_code,
210212,辽宁省,大连市,旅顺口区,3529,current,current_code,100,210000,辽宁省,210200,大连市,210212,旅顺口区,210200,大连市,prefecture,current_code,
362429,江西省,吉安地区,安福县,3515,ambiguous,historical_crosswalk,100,,,,,,,,,,historical_code_reused,360829
131081,河北省,廊坊市,霸州市,3511,current,current_code,100,130000,河北省,131000,廊坊市,131081,霸州市,131000,廊坊市,prefecture,current_code,
650103,新疆维吾尔自治区,乌鲁木齐市,沙依巴克区,3498,current,current_code,100,650000,新疆维吾尔自治区,650100,乌鲁木齐市,650103,沙依巴克区,650100,乌鲁木齐市,prefecture,current_code,
412702,河南省,周口地区,项城市,3494,historical_mapped,historical_crosswalk,90,410000,河南省,411600,周口市,411681,项城市,411600,周口市,prefecture,unique_exact_name_under_mapped_parent,
513031,四川省,达县地区,邻水县,3491,ambiguous,historical_crosswalk,100,,,,,,,,,,historical_code_reused,511623
411425,河南省,商丘市,虞城县,3471,current,current_code,100,410000,河南省,411400,商丘市,411425,虞城县,411400,商丘市,prefecture,current_code,
512901,四川省,南充地区,南充市,3471,partial,historical_crosswalk,90,510000,四川省,511300,南充市,,,511300,南充市,prefecture,unique_exact_name_under_mapped_parent,
512926,四川省,南充地区,蓬安县,3467,ambiguous,historical_crosswalk,100,,,,,,,,,,historical_code_reused,511323
511602,四川省,广安市,广安区,3463,current,current_code,100,510000,四川省,511600,广安市,511602,广安区,511600,广安市,prefecture,current_code,
220183,吉林省,长春市,德惠市,3461,current,current_code,100,220000,吉林省,220100,长春市,220183,德惠市,220100,长春市,prefecture,current_code,
511303,四川省,南充市,高坪区,3461,current,current_code,100,510000,四川省,511300,南充市,511303,高坪区,511300,南充市,prefecture,current_code,
220702,吉林省,松原市,宁江区,3460,current,current_code,100,220000,吉林省,220700,松原市,220702,宁江区,220700,松原市,prefecture,current_code,
222403,吉林省,延边朝鲜族自治州,敦化市,3456,current,current_code,100,220000,吉林省,222400,延边朝鲜族自治州,222403,敦化市,222400,延边朝鲜族自治州,prefecture,current_code,
513028,四川省,达县地区,平昌县,3445,ambiguous,historical_crosswalk,100,,,,,,,,,,historical_code_reused,511923
430124,湖南省,长沙市,宁乡县,3438,historical_mapped,historical_crosswalk,85,430000,湖南省,430100,长沙市,430182,宁乡市,430100,长沙市,prefecture,unique_canonical_name_under_mapped_parent,
210181,辽宁省,沈阳市,新民市,3434,current,current_code,100,210000,辽宁省,210100,沈阳市,210181,新民市,210100,沈阳市,prefecture,current_code,
210902,辽宁省,阜新市,海州区,3417,current,current_code,100,210000,辽宁省,210900,阜新市,210902,海州区,210900,阜新市,prefecture,current_code,
510231,四川省,重庆市,荣昌县,3415,historical_mapped,historical_crosswalk,85,500000,重庆市,,,500153,荣昌区,500000,重庆市,municipality,unique_canonical_name_under_mapped_parent,
330727,浙江省,金华市,磐安县,3409,current,current_code,100,330000,浙江省,330700,金华市,330727,磐安县,330700,金华市,prefecture,current_code,
320303,江苏省,徐州市,云龙区,3408,current,current_code,100,320000,江苏省,320300,徐州市,320303,云龙区,320300,徐州市,prefecture,current_code,
512928,四川省,南充地区,武胜县,3399,ambiguous,historical_crosswalk,100,,,,,,,,,,historical_code_reused,511622
360481,江西省,九江市,瑞昌市,3388,current,current_code,100,360000,江西省,360400,九江市,360481,瑞昌市,360400,九江市,prefecture,current_code,
220203,吉林省,吉林市,龙潭区,3380,current,current_code,100,220000,吉林省,220200,吉林市,220203,龙潭区,220200,吉林市,prefecture,current_code,
362427,江西省,吉安地区,遂川县,3378,ambiguous,historical_crosswalk,100,,,,,,,,,,historical_code_reused,360827
362525,江西省,抚州地区,崇仁县,3377,ambiguous,historical_crosswalk,100,,,,,,,,,,historical_code_reused,361024
362302,江西省,上饶地区,德兴市,3376,ambiguous,historical_crosswalk,100,,,,,,,,,,historical_code_reused,361181
511322,四川省,南充市,营山县,3371,current,current_code,100,510000,四川省,511300,南充市,511322,营山县,511300,南充市,prefecture,current_code,
610103,陕西省,西安市,碑林区,3339,current,current_code,100,610000,陕西省,610100,西安市,610103,碑林区,610100,西安市,prefecture,current_code,
330104,浙江省,杭州市,江干区,3299,ambiguous,historical_crosswalk,100,,,,,,,,,,historical_code_reused,
130302,河北省,秦皇岛市,海港区,3298,current,current_code,100,130000,河北省,130300,秦皇岛市,130302,海港区,130300,秦皇岛市,prefecture,current_code,
321111,江苏省,镇江市,润州区,3291,current,current_code,100,320000,江苏省,321100,镇江市,321111,润州区,321100,镇江市,prefecture,current_code,
512924,四川省,南充地区,营山县,3291,ambiguous,historical_crosswalk,100,,,,,,,,,,historical_code_reused,511322
330182,浙江省,杭州市,建德市,3288,current,current_code,100,330000,浙江省,330100,杭州市,330182,建德市,330100,杭州市,prefecture,current_code,
422802,湖北省,恩施土家族苗族自治州,利川市,3281,current,current_code,100,420000,湖北省,422800,恩施土家族苗族自治州,422802,利川市,422800,恩施土家族苗族自治州,prefecture,current_code,
652901,新疆维吾尔自治区,阿克苏地区,阿克苏市,3280,current,current_code,100,650000,新疆维吾尔自治区,652900,阿克苏地区,652901,阿克苏市,652900,阿克苏地区,prefecture,current_code,
110108,北京市,北京市,海淀区,3279,current,current_code,100,110000,北京市,,,110108,海淀区,110000,北京市,municipality,current_code,
372801,山东省,临沂地区,临沂市,3272,partial,historical_crosswalk,90,370000,山东省,371300,临沂市,,,371300,临沂市,prefecture,unique_exact_name_under_mapped_parent,
332626,浙江省,台州地区,三门县,3271,ambiguous,historical_crosswalk,100,,,,,,,,,,historical_code_reused,331022
331021,浙江省,台州市,玉环县,3268,historical_mapped,historical_crosswalk,85,330000,浙江省,331000,台州市,331083,玉环市,331000,台州市,prefecture,unique_canonical_name_under_mapped_parent,
362331,江西省,上饶地区,万年县,3267,ambiguous,historical_crosswalk,100,,,,,,,,,,historical_code_reused,361129
130322,河北省,秦皇岛市,昌黎县,3260,current,current_code,100,130000,河北省,130300,秦皇岛市,130322,昌黎县,130300,秦皇岛市,prefecture,current_code,
362425,江西省,吉安地区,永丰县,3252,ambiguous,historical_crosswalk,100,,,,,,,,,,historical_code_reused,360825
511323,四川省,南充市,蓬安县,3249,current,current_code,100,510000,四川省,511300,南充市,511323,蓬安县,511300,南充市,prefecture,current_code,
330205,浙江省,宁波市,江北区,3247,current,current_code,100,330000,浙江省,330200,宁波市,330205,江北区,330200,宁波市,prefecture,current_code,
370481,山东省,枣庄市,滕州市,3239,current,current_code,100,370000,山东省,370400,枣庄市,370481,滕州市,370400,枣庄市,prefecture,current_code,
220721,吉林省,松原市,前郭尔罗斯蒙古族自治县,3227,current,current_code,100,220000,吉林省,220700,松原市,220721,前郭尔罗斯蒙古族自治县,220700,松原市,prefecture,current_code,
510215,四川省,重庆市,北碚区,3227,historical_mapped,historical_crosswalk,90,500000,重庆市,,,500109,北碚区,500000,重庆市,municipality,unique_exact_name_under_mapped_parent,
211481,辽宁省,葫芦岛市,兴城市,3220,current,current_code,100,210000,辽宁省,211400,葫芦岛市,211481,兴城市,211400,葫芦岛市,prefecture,current_code,
412328,河南省,商丘地区,永城县,3211,historical_mapped,historical_crosswalk,85,410000,河南省,411400,商丘市,411481,永城市,411400,商丘市,prefecture,unique_canonical_name_under_mapped_parent,
150102,内蒙古自治区,呼和浩特市,新城区,3207,current,current_code,100,150000,内蒙古自治区,150100,呼和浩特市,150102,新城区,150100,呼和浩特市,prefecture,current_code,
512929,四川省,南充地区,西充县,3200,ambiguous,historical_crosswalk,100,,,,,,,,,,historical_code_reused,511325
321202,江苏省,泰州市,海陵区,3199,current,current_code,100,320000,江苏省,321200,泰州市,321202,海陵区,321200,泰州市,prefecture,current_code,
430181,湖南省,长沙市,浏阳市,3198,current,current_code,100,430000,湖南省,430100,长沙市,430181,浏阳市,430100,长沙市,prefecture,current_code,
321119,江苏省,镇江市,,3194,partial,current_parent_code,60,320000,江苏省,321100,镇江市,,,321100,镇江市,prefecture,current_parent_code,
360104,江西省,南昌市,青云谱区,3188,current,current_code,100,360000,江西省,360100,南昌市,360104,青云谱区,360100,南昌市,prefecture,current_code,
362123,江西省,赣州地区,信丰县,3185,ambiguous,historical_crosswalk,100,,,,,,,,,,historical_code_reused,360722
211121,辽宁省,盘锦市,大洼县,3173,historical_mapped,historical_crosswalk,85,210000,辽宁省,211100,盘锦市,211104,大洼区,211100,盘锦市,prefecture,unique_canonical_name_under_mapped_parent,
330183,浙江省,杭州市,富阳市,3172,historical_mapped,historical_crosswalk,85,330000,浙江省,330100,杭州市,330111,富阳区,330100,杭州市,prefecture,unique_canonical_name_under_mapped_parent,
642221,宁夏回族自治区,固原地区,固原县,3161,partial,historical_crosswalk,85,640000,宁夏回族自治区,640400,固原市,,,640400,固原市,prefecture,unique_canonical_name_under_mapped_parent,
321182,江苏省,镇江市,扬中市,3155,current,current_code,100,320000,江苏省,321100,镇江市,321182,扬中市,321100,镇江市,prefecture,current_code,
130622,河北省,保定市,清苑县,3154,historical_mapped,historical_crosswalk,85,130000,河北省,130600,保定市,130608,清苑区,130600,保定市,prefecture,unique_canonical_name_under_mapped_parent,
352601,福建省,龙岩地区,龙岩市,3153,ambiguous,historical_crosswalk,100,,,,,,,,,,historical_code_reused,350800
330322,浙江省,温州市,洞头县,3150,ambiguous,historical_crosswalk,100,,,,,,,,,,historical_code_reused,330305
511621,四川省,广安市,岳池县,3136,current,current_code,100,510000,四川省,511600,广安市,511621,岳池县,511600,广安市,prefecture,current_code,
320422,江苏省,常州市,金坛县,3135,historical_mapped,historical_crosswalk,85,320000,江苏省,320400,常州市,320413,金坛区,320400,常州市,prefecture,unique_canonical_name_under_mapped_parent,
210782,辽宁省,锦州市,北镇市,3133,current,current_code,100,210000,辽宁省,210700,锦州市,210782,北镇市,210700,锦州市,prefecture,current_code,
320611,江苏省,南通市,港闸区,3133,ambiguous,historical_crosswalk,100,,,,,,,,,,historical_code_reused,
332602,浙江省,台州地区,临海市,3129,historical_mapped,historical_crosswalk,90,330000,浙江省,331000,台州市,331082,临海市,331000,台州市,prefecture,unique_exact_name,
130429,河北省,邯郸市,永年县,3119,historical_mapped,historical_crosswalk,85,130000,河北省,130400,邯郸市,130408,永年区,130400,邯郸市,prefecture,unique_canonical_name_under_mapped_parent,
320302,江苏省,徐州市,鼓楼区,3119,current,current_code,100,320000,江苏省,320300,徐州市,320302,鼓楼区,320300,徐州市,prefecture,current_code,
430521,湖南省,邵阳市,邵东县,3119,ambiguous,historical_crosswalk,100,,,,,,,,,,historical_code_reused,430582
530381,云南省,曲靖市,宣威市,3114,current,current_code,100,530000,云南省,530300,曲靖市,530381,宣威市,530300,曲靖市,prefecture,current_code,
130223,河北省,唐山市,滦县,3112,partial,historical_crosswalk,70,130000,河北省,130200,唐山市,,,130200,唐山市,prefecture,mapped_parent_only,
130323,河北省,秦皇岛市,抚宁县,3111,historical_mapped,historical_crosswalk,85,130000,河北省,130300,秦皇岛市,130306,抚宁区,130300,秦皇岛市,prefecture,unique_canonical_name_under_mapped_parent,
330683,浙江省,绍兴市,嵊州市,3108,current,current_code,100,330000,浙江省,330600,绍兴市,330683,嵊州市,330600,绍兴市,prefecture,current_code,
372928,山东省,菏泽地区,郓城县,3098,historical_mapped,historical_crosswalk,90,370000,山东省,371700,菏泽市,371725,郓城县,371700,菏泽市,prefecture,unique_exact_name_under_mapped_parent,
130203,河北省,唐山市,路北区,3083,current,current_code,100,130000,河北省,130200,唐山市,130203,路北区,130200,唐山市,prefecture,current_code,
511325,四川省,南充市,西充县,3074,current,current_code,100,510000,四川省,511300,南充市,511325,西充县,511300,南充市,prefecture,current_code,
350426,福建省,三明市,尤溪县,3070,current,current_code,100,350000,福建省,350400,三明市,350426,尤溪县,350400,三明市,prefecture,current_code,
362424,江西省,吉安地区,新干县,3065,ambiguous,historical_crosswalk,100,,,,,,,,,,historical_code_reused,360824
510411,四川省,攀枝花市,仁和区,3054,current,current_code,100,510000,四川省,510400,攀枝花市,510411,仁和区,510400,攀枝花市,prefecture,current_code,
360427,江西省,九江市,星子县,3049,partial,historical_crosswalk,70,360000,江西省,360400,九江市,,,360400,九江市,prefecture,mapped_parent_only,
362229,江西省,宜春地区,宜丰县,3047,ambiguous,historical_crosswalk,100,,,,,,,,,,historical_code_reused,360924
530112,云南省,昆明市,西山区,3045,current,current_code,100,530000,云南省,530100,昆明市,530112,西山区,530100,昆明市,prefecture,current_code,
350627,福建省,漳州市,南靖县,3034,current,current_code,100,350000,福建省,350600,漳州市,350627,南靖县,350600,漳州市,prefecture,current_code,
410221,河南省,开封市,杞县,3030,current,current_code,100,410000,河南省,410200,开封市,410221,杞县,410200,开封市,prefecture,current_code,
360429,江西省,九江市,湖口县,3019,current,current_code,100,360000,江西省,360400,九江市,360429,湖口县,360400,九江市,prefecture,current_code,
360313,江西省,萍乡市,湘东区,3015,current,current_code,100,360000,江西省,360300,萍乡市,360313,湘东区,360300,萍乡市,prefecture,current_code,
412825,河南省,驻马店地区,上蔡县,3013,historical_mapped,historical_crosswalk,90,410000,河南省,411700,驻马店市,411722,上蔡县,411700,驻马店市,prefecture,unique_exact_name_under_mapped_parent,
429006,湖北省,省直辖县级行政区划,天门市,3012,current,current_code,100,420000,湖北省,,,429006,天门市,429006,天门市,province_direct_county,current_code,
512221,四川省,万县地区,万县,3012,ambiguous,historical_crosswalk,100,,,,,,,,,,historical_code_reused,
350525,福建省,泉州市,永春县,3002,current,current_code,100,350000,福建省,350500,泉州市,350525,永春县,350500,泉州市,prefecture,current_code,
130984,河北省,沧州市,河间市,2999,current,current_code,100,130000,河北省,130900,沧州市,130984,河间市,130900,沧州市,prefecture,current_code,
210703,辽宁省,锦州市,凌河区,2996,current,current_code,100,210000,辽宁省,210700,锦州市,210703,凌河区,210700,锦州市,prefecture,current_code,
341126,安徽省,滁州市,凤阳县,2992,current,current_code,100,340000,安徽省,341100,滁州市,341126,凤阳县,341100,滁州市,prefecture,current_code,
210404,辽宁省,抚顺市,望花区,2991,current,current_code,100,210000,辽宁省,210400,抚顺市,210404,望花区,210400,抚顺市,prefecture,current_code,
342127,安徽省,阜阳地区,阜南县,2988,historical_mapped,historical_crosswalk,90,340000,安徽省,341200,阜阳市,341225,阜南县,341200,阜阳市,prefecture,unique_exact_name_under_mapped_parent,
513922,四川省,资阳地区,乐至县,2975,historical_mapped,historical_crosswalk,90,510000,四川省,512000,资阳市,512022,乐至县,512000,资阳市,prefecture,unique_exact_name_under_mapped_parent,
512324,四川省,涪陵地区,丰都县,2968,ambiguous,historical_crosswalk,100,,,,,,,,,,historical_code_reused,
130224,河北省,唐山市,滦南县,2962,current,current_code,100,130000,河北省,130200,唐山市,130224,滦南县,130200,唐山市,prefecture,current_code,
330184,浙江省,杭州市,余杭市,2962,historical_mapped,historical_crosswalk,85,330000,浙江省,330100,杭州市,330110,余杭区,330100,杭州市,prefecture,unique_canonical_name_under_mapped_parent,
510214,四川省,重庆市,南岸区,2955,historical_mapped,historical_crosswalk,90,500000,重庆市,,,500108,南岸区,500000,重庆市,municipality,unique_exact_name_under_mapped_parent,
412723,河南省,周口地区,商水县,2937,historical_mapped,historical_crosswalk,90,410000,河南省,411600,周口市,411623,商水县,411600,周口市,prefecture,unique_exact_name_under_mapped_parent,
412725,河南省,周口地区,鹿邑县,2937,historical_mapped,historical_crosswalk,90,410000,河南省,411600,周口市,411628,鹿邑县,411600,周口市,prefecture,unique_exact_name_under_mapped_parent,
220124,吉林省,长春市,德惠县,2934,historical_mapped,historical_crosswalk,85,220000,吉林省,220100,长春市,220183,德惠市,220100,长春市,prefecture,unique_canonical_name_under_mapped_parent,
510603,四川省,德阳市,旌阳区,2934,current,current_code,100,510000,四川省,510600,德阳市,510603,旌阳区,510600,德阳市,prefecture,current_code,
220802,吉林省,白城市,洮北区,2931,current,current_code,100,220000,吉林省,220800,白城市,220802,洮北区,220800,白城市,prefecture,current_code,
362526,江西省,抚州地区,乐安县,2931,ambiguous,historical_crosswalk,100,,,,,,,,,,historical_code_reused,361025
360222,江西省,景德镇市,浮梁县,2928,current,current_code,100,360000,江西省,360200,景德镇市,360222,浮梁县,360200,景德镇市,prefecture,current_code,
211402,辽宁省,葫芦岛市,连山区,2914,current,current_code,100,210000,辽宁省,211400,葫芦岛市,211402,连山区,211400,葫芦岛市,prefecture,current_code,
500112,重庆市,重庆市,渝北区,2914,ambiguous,historical_crosswalk,100,,,,,,,,,,reviewed_2025_liangjiang_split,500109;500157
360681,江西省,鹰潭市,贵溪市,2911,current,current_code,100,360000,江西省,360600,鹰潭市,360681,贵溪市,360600,鹰潭市,prefecture,current_code,
210403,辽宁省,抚顺市,东洲区,2906,current,current_code,100,210000,辽宁省,210400,抚顺市,210403,东洲区,210400,抚顺市,prefecture,current_code,
362121,江西省,赣州地区,赣县,2906,ambiguous,historical_crosswalk,100,,,,,,,,,,historical_code_reused,360704
330521,浙江省,湖州市,德清县,2905,current,current_code,100,330000,浙江省,330500,湖州市,330521,德清县,330500,湖州市,prefecture,current_code,
500234,重庆市,重庆市,开县,2904,unresolved,historical_crosswalk,0,,,,,,,,,,no_supported_successor,
510523,四川省,泸州市,纳溪县,2904,historical_mapped,historical_crosswalk,85,510000,四川省,510500,泸州市,510503,纳溪区,510500,泸州市,prefecture,unique_canonical_name_under_mapped_parent,
321024,江苏省,扬州市,靖江县,2902,historical_mapped,historical_crosswalk,85,320000,江苏省,321200,泰州市,321282,靖江市,321200,泰州市,prefecture,unique_canonical_name,
220524,吉林省,通化市,柳河县,2897,current,current_code,100,220000,吉林省,220500,通化市,220524,柳河县,220500,通化市,prefecture,current_code,
360622,江西省,鹰潭市,余江县,2897,historical_mapped,historical_crosswalk,85,360000,江西省,360600,鹰潭市,360603,余江区,360600,鹰潭市,prefecture,unique_canonical_name_under_mapped_parent,
360521,江西省,新余市,分宜县,2893,current,current_code,100,360000,江西省,360500,新余市,360521,分宜县,360500,新余市,prefecture,current_code,
532101,云南省,昭通地区,昭通市,2893,partial,historical_crosswalk,90,530000,云南省,530600,昭通市,,,530600,昭通市,prefecture,unique_exact_name_under_mapped_parent,
352227,福建省,宁德地区,古田县,2891,ambiguous,historical_crosswalk,100,,,,,,,,,,historical_code_reused,350922
210724,辽宁省,锦州市,锦县,2880,partial,historical_crosswalk,70,210000,辽宁省,210700,锦州市,,,210700,锦州市,prefecture,mapped_parent_only,
350126,福建省,福州市,长乐县,2877,historical_mapped,historical_crosswalk,85,350000,福建省,350100,福州市,350112,长乐区,350100,福州市,prefecture,unique_canonical_name_under_mapped_parent,
510232,四川省,重庆市,璧山县,2877,historical_mapped,historical_crosswalk,85,500000,重庆市,,,500120,璧山区,500000,重庆市,municipality,unique_canonical_name_under_mapped_parent,
652201,新疆维吾尔自治区,哈密地区,哈密市,2877,partial,historical_crosswalk,90,650000,新疆维吾尔自治区,650500,哈密市,,,650500,哈密市,prefecture,unique_exact_name_under_mapped_parent,
220323,吉林省,四平市,伊通满族自治县,2865,current,current_code,100,220000,吉林省,220300,四平市,220323,伊通满族自治县,220300,四平市,prefecture,current_code,
430321,湖南省,湘潭市,湘潭县,2862,current,current_code,100,430000,湖南省,430300,湘潭市,430321,湘潭县,430300,湘潭市,prefecture,current_code,
650104,新疆维吾尔自治区,乌鲁木齐市,新市区,2845,current,current_code,100,650000,新疆维吾尔自治区,650100,乌鲁木齐市,650104,新市区,650100,乌鲁木齐市,prefecture,current_code,
330903,浙江省,舟山市,普陀区,2843,current,current_code,100,330000,浙江省,330900,舟山市,330903,普陀区,330900,舟山市,prefecture,current_code,
210304,辽宁省,鞍山市,立山区,2842,current,current_code,100,210000,辽宁省,210300,鞍山市,210304,立山区,210300,鞍山市,prefecture,current_code,
512323,四川省,涪陵地区,南川县,2841,ambiguous,historical_crosswalk,100,,,,,,,,,,historical_code_reused,
130425,河北省,邯郸市,大名县,2838,current,current_code,100,130000,河北省,130400,邯郸市,130425,大名县,130400,邯郸市,prefecture,current_code,
513433,四川省,凉山彝族自治州,冕宁县,2838,current,current_code,100,510000,四川省,513400,凉山彝族自治州,513433,冕宁县,513400,凉山彝族自治州,prefecture,current_code,
331022,浙江省,台州市,三门县,2833,current,current_code,100,330000,浙江省,331000,台州市,331022,三门县,331000,台州市,prefecture,current_code,
610125,陕西省,西安市,户县,2831,partial,historical_crosswalk,70,610000,陕西省,610100,西安市,,,610100,西安市,prefecture,mapped_parent_only,
362430,江西省,吉安地区,永新县,2815,ambiguous,historical_crosswalk,100,,,,,,,,,,historical_code_reused,360830
500382,重庆市,涪陵市,合川市,2812,historical_mapped,historical_crosswalk,85,500000,重庆市,,,500117,合川区,500000,重庆市,municipality,unique_canonical_name,
130682,河北省,保定市,定州市,2809,current,current_code,100,130000,河北省,130600,保定市,130682,定州市,130600,保定市,prefecture,current_code,
340322,安徽省,蚌埠市,五河县,2800,current,current_code,100,340000,安徽省,340300,蚌埠市,340322,五河县,340300,蚌埠市,prefecture,current_code,
220281,吉林省,吉林市,蛟河市,2783,current,current_code,100,220000,吉林省,220200,吉林市,220281,蛟河市,220200,吉林市,prefecture,current_code,
211421,辽宁省,葫芦岛市,绥中县,2777,current,current_code,100,210000,辽宁省,211400,葫芦岛市,211421,绥中县,211400,葫芦岛市,prefecture,current_code,
342601,安徽省,巢湖地区,巢湖市,2770,historical_mapped,historical_crosswalk,90,340000,安徽省,340100,合肥市,340181,巢湖市,340100,合肥市,prefecture,unique_exact_name,
410728,河南省,新乡市,长垣县,2769,historical_mapped,historical_crosswalk,85,410000,河南省,410700,新乡市,410783,长垣市,410700,新乡市,prefecture,unique_canonical_name_under_mapped_parent,
330211,浙江省,宁波市,镇海区,2768,current,current_code,100,330000,浙江省,330200,宁波市,330211,镇海区,330200,宁波市,prefecture,current_code,
500235,重庆市,重庆市,云阳县,2759,current,current_code,100,500000,重庆市,,,500235,云阳县,500000,重庆市,municipality,current_code,
340123,安徽省,合肥市,肥西县,2751,current,current_code,100,340000,安徽省,340100,合肥市,340123,肥西县,340100,合肥市,prefecture,current_code,
220724,吉林省,松原市,扶余县,2739,historical_mapped,historical_crosswalk,85,220000,吉林省,220700,松原市,220781,扶余市,220700,松原市,prefecture,unique_canonical_name_under_mapped_parent,
432503,湖南省,娄底地区,涟源市,2739,historical_mapped,historical_crosswalk,90,430000,湖南省,431300,娄底市,431382,涟源市,431300,娄底市,prefecture,unique_exact_name,
210802,辽宁省,营口市,站前区,2737,current,current_code,100,210000,辽宁省,210800,营口市,210802,站前区,210800,营口市,prefecture,current_code,
220502,吉林省,通化市,东昌区,2720,current,current_code,100,220000,吉林省,220500,通化市,220502,东昌区,220500,通化市,prefecture,current_code,
512223,四川省,万县地区,忠县,2713,ambiguous,historical_crosswalk,100,,,,,,,,,,historical_code_reused,
413027,河南省,信阳地区,商城县,2708,historical_mapped,historical_crosswalk,90,410000,河南省,411500,信阳市,411524,商城县,411500,信阳市,prefecture,unique_exact_name_under_mapped_parent,
330102,浙江省,杭州市,上城区,2703,current,current_code,100,330000,浙江省,330100,杭州市,330102,上城区,330100,杭州市,prefecture,current_code,
362102,江西省,赣州地区,瑞金市,2700,historical_mapped,historical_crosswalk,90,360000,江西省,360700,赣州市,360781,瑞金市,360700,赣州市,prefecture,unique_exact_name,
210124,辽宁省,沈阳市,法库县,2694,current,current_code,100,210000,辽宁省,210100,沈阳市,210124,法库县,210100,沈阳市,prefecture,current_code,
360702,江西省,赣州市,章贡区,2694,current,current_code,100,360000,江西省,360700,赣州市,360702,章贡区,360700,赣州市,prefecture,current_code,
513423,四川省,凉山彝族自治州,盐源县,2691,current,current_code,100,510000,四川省,513400,凉山彝族自治州,513423,盐源县,513400,凉山彝族自治州,prefecture,current_code,
612726,陕西省,榆林地区,定边县,2690,historical_mapped,historical_crosswalk,90,610000,陕西省,610800,榆林市,610825,定边县,610800,榆林市,prefecture,unique_exact_name_under_mapped_parent,
500381,重庆市,涪陵市,江津市,2689,historical_mapped,historical_crosswalk,85,500000,重庆市,,,500116,江津区,500000,重庆市,municipality,unique_canonical_name,
330126,浙江省,杭州市,建德县,2687,historical_mapped,historical_crosswalk,85,330000,浙江省,330100,杭州市,330182,建德市,330100,杭州市,prefecture,unique_canonical_name_under_mapped_parent,
652301,新疆维吾尔自治区,昌吉回族自治州,昌吉市,2686,current,current_code,100,650000,新疆维吾尔自治区,652300,昌吉回族自治州,652301,昌吉市,652300,昌吉回族自治州,prefecture,current_code,
210502,辽宁省,本溪市,平山区,2683,current,current_code,100,210000,辽宁省,210500,本溪市,210502,平山区,210500,本溪市,prefecture,current_code,
211324,辽宁省,朝阳市,喀喇沁左翼蒙古族自治县,2680,current,current_code,100,210000,辽宁省,211300,朝阳市,211324,喀喇沁左翼蒙古族自治县,211300,朝阳市,prefecture,current_code,
130102,河北省,石家庄市,长安区,2671,current,current_code,100,130000,河北省,130100,石家庄市,130102,长安区,130100,石家庄市,prefecture,current_code,
220822,吉林省,白城市,通榆县,2664,current,current_code,100,220000,吉林省,220800,白城市,220822,通榆县,220800,白城市,prefecture,current_code,
332501,浙江省,丽水地区,丽水市,2663,ambiguous,historical_crosswalk,100,,,,,,,,,,historical_code_reused,331100
610124,陕西省,西安市,周至县,2663,current,current_code,100,610000,陕西省,610100,西安市,610124,周至县,610100,西安市,prefecture,current_code,
650300,新疆维吾尔自治区,石河子市,,2660,ambiguous,historical_crosswalk,100,,,,,,,,,,unique_exact_name_under_mapped_parent,659001
432524,湖南省,娄底地区,新化县,2650,historical_mapped,historical_crosswalk,90,430000,湖南省,431300,娄底市,431322,新化县,431300,娄底市,prefecture,unique_exact_name,
610121,陕西省,西安市,长安县,2648,historical_mapped,historical_crosswalk,85,610000,陕西省,610100,西安市,610116,长安区,610100,西安市,prefecture,unique_canonical_name_under_mapped_parent,
211221,辽宁省,铁岭市,铁岭县,2644,current,current_code,100,210000,辽宁省,211200,铁岭市,211221,铁岭县,211200,铁岭市,prefecture,current_code,
352202,福建省,宁德地区,福安市,2643,historical_mapped,historical_crosswalk,90,350000,福建省,350900,宁德市,350981,福安市,350900,宁德市,prefecture,unique_exact_name,
350204,福建省,厦门市,开元区,2640,partial,historical_crosswalk,70,350000,福建省,350200,厦门市,,,350200,厦门市,prefecture,mapped_parent_only,
372926,山东省,菏泽地区,巨野县,2637,historical_mapped,historical_crosswalk,90,370000,山东省,371700,菏泽市,371724,巨野县,371700,菏泽市,prefecture,unique_exact_name_under_mapped_parent,
412827,河南省,驻马店地区,平舆县,2636,historical_mapped,historical_crosswalk,90,410000,河南省,411700,驻马店市,411723,平舆县,411700,驻马店市,prefecture,unique_exact_name_under_mapped_parent,
350221,福建省,厦门市,同安县,2634,historical_mapped,historical_crosswalk,85,350000,福建省,350200,厦门市,350212,同安区,350200,厦门市,prefecture,unique_canonical_name_under_mapped_parent,
622301,甘肃省,武威地区,武威市,2632,partial,historical_crosswalk,90,620000,甘肃省,620600,武威市,,,620600,武威市,prefecture,unique_exact_name_under_mapped_parent,
512531,四川省,宜宾地区,高县,2631,ambiguous,historical_crosswalk,100,,,,,,,,,,historical_code_reused,511525
320326,江苏省,徐州市,新沂县,2630,historical_mapped,historical_crosswalk,85,320000,江苏省,320300,徐州市,320381,新沂市,320300,徐州市,prefecture,unique_canonical_name_under_mapped_parent,
210321,辽宁省,鞍山市,台安县,2629,current,current_code,100,210000,辽宁省,210300,鞍山市,210321,台安县,210300,鞍山市,prefecture,current_code,
362528,江西省,抚州地区,金溪县,2627,ambiguous,historical_crosswalk,100,,,,,,,,,,historical_code_reused,361027
372301,山东省,滨州地区,滨州市,2625,partial,historical_crosswalk,90,370000,山东省,371600,滨州市,,,371600,滨州市,prefecture,unique_exact_name,
511111,四川省,乐山市,沙湾区,2619,current,current_code,100,510000,四川省,511100,乐山市,511111,沙湾区,511100,乐山市,prefecture,current_code,
510422,四川省,攀枝花市,盐边县,2616,current,current_code,100,510000,四川省,510400,攀枝花市,510422,盐边县,510400,攀枝花市,prefecture,current_code,
210423,辽宁省,抚顺市,清原满族自治县,2612,current,current_code,100,210000,辽宁省,210400,抚顺市,210423,清原满族自治县,210400,抚顺市,prefecture,current_code,
512529,四川省,宜宾地区,江安县,2611,ambiguous,historical_crosswalk,100,,,,,,,,,,historical_code_reused,511523
512225,四川省,万县地区,云阳县,2608,ambiguous,historical_crosswalk,100,,,,,,,,,,historical_code_reused,
210283,辽宁省,大连市,庄河市,2606,current,current_code,100,210000,辽宁省,210200,大连市,210283,庄河市,210200,大连市,prefecture,current_code,
152301,内蒙古自治区,哲里木盟,通辽市,2604,partial,historical_crosswalk,90,150000,内蒙古自治区,150500,通辽市,,,150500,通辽市,prefecture,unique_exact_name_under_mapped_parent,
370724,山东省,潍坊市,临朐县,2604,current,current_code,100,370000,山东省,370700,潍坊市,370724,临朐县,370700,潍坊市,prefecture,current_code,
362522,江西省,抚州地区,南城县,2603,ambiguous,historical_crosswalk,100,,,,,,,,,,historical_code_reused,361021
510822,四川省,广元市,青川县,2601,current,current_code,100,510000,四川省,510800,广元市,510822,青川县,510800,广元市,prefecture,current_code,
510403,四川省,攀枝花市,西区,2597,current,current_code,100,510000,四川省,510400,攀枝花市,510403,西区,510400,攀枝花市,prefecture,current_code,
350526,福建省,泉州市,德化县,2595,current,current_code,100,350000,福建省,350500,泉州市,350526,德化县,350500,泉州市,prefecture,current_code,
220581,吉林省,通化市,梅河口市,2594,current,current_code,100,220000,吉林省,220500,通化市,220581,梅河口市,220500,通化市,prefecture,current_code,
430626,湖南省,岳阳市,平江县,2589,current,current_code,100,430000,湖南省,430600,岳阳市,430626,平江县,430600,岳阳市,prefecture,current_code,
430421,湖南省,衡阳市,衡阳县,2587,current,current_code,100,430000,湖南省,430400,衡阳市,430421,衡阳县,430400,衡阳市,prefecture,current_code,
342130,安徽省,阜阳地区,利辛县,2586,historical_mapped,historical_crosswalk,90,340000,安徽省,341600,亳州市,341623,利辛县,341600,亳州市,prefecture,unique_exact_name,
350424,福建省,三明市,宁化县,2577,current,current_code,100,350000,福建省,350400,三明市,350424,宁化县,350400,三明市,prefecture,current_code,
511128,四川省,乐山市,彭山县,2577,historical_mapped,historical_crosswalk,85,510000,四川省,511400,眉山市,511403,彭山区,511400,眉山市,prefecture,unique_canonical_name,
362524,江西省,抚州地区,南丰县,2574,ambiguous,historical_crosswalk,100,,,,,,,,,,historical_code_reused,361023
412828,河南省,驻马店地区,新蔡县,2574,historical_mapped,historical_crosswalk,90,410000,河南省,411700,驻马店市,411729,新蔡县,411700,驻马店市,prefecture,unique_exact_name_under_mapped_parent,
512528,四川省,宜宾地区,南溪县,2571,ambiguous,historical_crosswalk,100,,,,,,,,,,historical_code_reused,511503
430121,湖南省,长沙市,长沙县,2564,current,current_code,100,430000,湖南省,430100,长沙市,430121,长沙县,430100,长沙市,prefecture,current_code,
342122,安徽省,阜阳地区,临泉县,2563,historical_mapped,historical_crosswalk,90,340000,安徽省,341200,阜阳市,341221,临泉县,341200,阜阳市,prefecture,unique_exact_name_under_mapped_parent,
211422,辽宁省,葫芦岛市,建昌县,2559,current,current_code,100,210000,辽宁省,211400,葫芦岛市,211422,建昌县,211400,葫芦岛市,prefecture,current_code,
330881,浙江省,衢州市,江山市,2558,current,current_code,100,330000,浙江省,330800,衢州市,330881,江山市,330800,衢州市,prefecture,current_code,
341281,安徽省,阜阳市,亳州市,2558,partial,historical_crosswalk,90,340000,安徽省,341600,亳州市,,,341600,亳州市,prefecture,unique_exact_name,
352225,福建省,宁德地区,霞浦县,2555,ambiguous,historical_crosswalk,100,,,,,,,,,,historical_code_reused,350921
532901,云南省,大理白族自治州,大理市,2551,current,current_code,100,530000,云南省,532900,大理白族自治州,532901,大理市,532900,大理白族自治州,prefecture,current_code,
341181,安徽省,滁州市,天长市,2547,current,current_code,100,340000,安徽省,341100,滁州市,341181,天长市,341100,滁州市,prefecture,current_code,
130225,河北省,唐山市,乐亭县,2545,current,current_code,100,130000,河北省,130200,唐山市,130225,乐亭县,130200,唐山市,prefecture,current_code,
350302,福建省,莆田市,城厢区,2544,current,current_code,100,350000,福建省,350300,莆田市,350302,城厢区,350300,莆田市,prefecture,current_code,
220422,吉林省,辽源市,东辽县,2536,current,current_code,100,220000,吉林省,220400,辽源市,220422,东辽县,220400,辽源市,prefecture,current_code,
620102,甘肃省,兰州市,城关区,2535,current,current_code,100,620000,甘肃省,620100,兰州市,620102,城关区,620100,兰州市,prefecture,current_code,
210121,辽宁省,沈阳市,新民县,2525,historical_mapped,historical_crosswalk,85,210000,辽宁省,210100,沈阳市,210181,新民市,210100,沈阳市,prefecture,unique_canonical_name_under_mapped_parent,
342501,安徽省,宣城地区,宣城市,2525,partial,historical_crosswalk,90,340000,安徽省,341800,宣城市,,,341800,宣城市,prefecture,unique_exact_name_under_mapped_parent,
210603,辽宁省,丹东市,振兴区,2522,current,current_code,100,210000,辽宁省,210600,丹东市,210603,振兴区,210600,丹东市,prefecture,current_code,
410526,河南省,安阳市,滑县,2521,current,current_code,100,410000,河南省,410500,安阳市,410526,滑县,410500,安阳市,prefecture,current_code,
510421,四川省,攀枝花市,米易县,2518,current,current_code,100,510000,四川省,510400,攀枝花市,510421,米易县,510400,攀枝花市,prefecture,current_code,
411081,河南省,许昌市,禹州市,2509,current,current_code,100,410000,河南省,411000,许昌市,411081,禹州市,411000,许昌市,prefecture,current_code,
220421,吉林省,辽源市,东丰县,2508,current,current_code,100,220000,吉林省,220400,辽源市,220421,东丰县,220400,辽源市,prefecture,current_code,
130634,河北省,保定市,曲阳县,2507,current,current_code,100,130000,河北省,130600,保定市,130634,曲阳县,130600,保定市,prefecture,current_code,
360312,江西省,萍乡市,芦溪区,2507,historical_mapped,historical_crosswalk,85,360000,江西省,360300,萍乡市,360323,芦溪县,360300,萍乡市,prefecture,unique_canonical_name_under_mapped_parent,
341124,安徽省,滁州市,全椒县,2499,current,current_code,100,340000,安徽省,341100,滁州市,341124,全椒县,341100,滁州市,prefecture,current_code,
522121,贵州省,遵义地区,遵义县,2485,partial,historical_crosswalk,85,520000,贵州省,520300,遵义市,,,520300,遵义市,prefecture,unique_canonical_name_under_mapped_parent,
612401,陕西省,安康地区,安康市,2481,partial,historical_crosswalk,90,610000,陕西省,610900,安康市,,,610900,安康市,prefecture,unique_exact_name_under_mapped_parent,
362501,江西省,抚州地区,临川市,2480,ambiguous,historical_crosswalk,100,,,,,,,,,,historical_code_reused,361002
341127,安徽省,滁州市,嘉山县,2478,partial,historical_crosswalk,70,340000,安徽省,341100,滁州市,,,341100,滁州市,prefecture,mapped_parent_only,
432801,湖南省,郴州地区,郴州市,2476,partial,historical_crosswalk,90,430000,湖南省,431000,郴州市,,,431000,郴州市,prefecture,unique_exact_name_under_mapped_parent,
410105,河南省,郑州市,金水区,2475,current,current_code,100,410000,河南省,410100,郑州市,410105,金水区,410100,郑州市,prefecture,current_code,
432522,湖南省,娄底地区,双峰县,2475,historical_mapped,historical_crosswalk,90,430000,湖南省,431300,娄底市,431321,双峰县,431300,娄底市,prefecture,unique_exact_name,
210727,辽宁省,锦州市,义县,2467,current,current_code,100,210000,辽宁省,210700,锦州市,210727,义县,210700,锦州市,prefecture,current_code,
371302,山东省,临沂市,兰山区,2467,current,current_code,100,370000,山东省,371300,临沂市,371302,兰山区,371300,临沂市,prefecture,current_code,
360621,江西省,鹰潭市,贵溪县,2463,historical_mapped,historical_crosswalk,85,360000,江西省,360600,鹰潭市,360681,贵溪市,360600,鹰潭市,prefecture,unique_canonical_name_under_mapped_parent,
330103,浙江省,杭州市,下城区,2459,ambiguous,historical_crosswalk,100,,,,,,,,,,historical_code_reused,
510923,四川省,遂宁市,大英县,2457,current,current_code,100,510000,四川省,510900,遂宁市,510923,大英县,510900,遂宁市,prefecture,current_code,
652801,新疆维吾尔自治区,巴音郭楞蒙古自治州,库尔勒市,2457,current,current_code,100,650000,新疆维吾尔自治区,652800,巴音郭楞蒙古自治州,652801,库尔勒市,652800,巴音郭楞蒙古自治州,prefecture,current_code,
330303,浙江省,温州市,龙湾区,2456,current,current_code,100,330000,浙江省,330300,温州市,330303,龙湾区,330300,温州市,prefecture,current_code,
411481,河南省,商丘市,永城市,2452,current,current_code,100,410000,河南省,411400,商丘市,411481,永城市,411400,商丘市,prefecture,current_code,
430422,湖南省,衡阳市,衡南县,2450,current,current_code,100,430000,湖南省,430400,衡阳市,430422,衡南县,430400,衡阳市,prefecture,current_code,
410223,河南省,开封市,尉氏县,2443,current,current_code,100,410000,河南省,410200,开封市,410223,尉氏县,410200,开封市,prefecture,current_code,
330204,浙江省,宁波市,江东区,2442,partial,historical_crosswalk,70,330000,浙江省,330200,宁波市,,,330200,宁波市,prefecture,mapped_parent_only,
220106,吉林省,长春市,绿园区,2438,current,current_code,100,220000,吉林省,220100,长春市,220106,绿园区,220100,长春市,prefecture,current_code,
340121,安徽省,合肥市,长丰县,2437,current,current_code,100,340000,安徽省,340100,合肥市,340121,长丰县,340100,合肥市,prefecture,current_code,
513426,四川省,凉山彝族自治州,会东县,2437,current,current_code,100,510000,四川省,513400,凉山彝族自治州,513426,会东县,513400,凉山彝族自治州,prefecture,current_code,
321085,江苏省,扬州市,靖江市,2435,historical_mapped,historical_crosswalk,90,320000,江苏省,321200,泰州市,321282,靖江市,321200,泰州市,prefecture,unique_exact_name,
513024,四川省,达县地区,万源县,2433,ambiguous,historical_crosswalk,100,,,,,,,,,,historical_code_reused,511781
340323,安徽省,蚌埠市,固镇县,2432,current,current_code,100,340000,安徽省,340300,蚌埠市,340323,固镇县,340300,蚌埠市,prefecture,current_code,
340122,安徽省,合肥市,肥东县,2429,current,current_code,100,340000,安徽省,340100,合肥市,340122,肥东县,340100,合肥市,prefecture,current_code,
370902,山东省,泰安市,泰山区,2429,current,current_code,100,370000,山东省,370900,泰安市,370902,泰山区,370900,泰安市,prefecture,current_code,
510624,四川省,德阳市,广汉县,2426,historical_mapped,historical_crosswalk,85,510000,四川省,510600,德阳市,510681,广汉市,510600,德阳市,prefecture,unique_canonical_name_under_mapped_parent,
362428,江西省,吉安地区,万安县,2425,ambiguous,historical_crosswalk,100,,,,,,,,,,historical_code_reused,360828
230103,黑龙江省,哈尔滨市,南岗区,2424,current,current_code,100,230000,黑龙江省,230100,哈尔滨市,230103,南岗区,230100,哈尔滨市,prefecture,current_code,
332528,浙江省,丽水地区,松阳县,2423,ambiguous,historical_crosswalk,100,,,,,,,,,,historical_code_reused,331124
511224,四川省,万县市,云阳县,2421,ambiguous,historical_crosswalk,100,,,,,,,,,,cross_province_exact_name_requires_review,
130481,河北省,邯郸市,武安市,2420,current,current_code,100,130000,河北省,130400,邯郸市,130481,武安市,130400,邯郸市,prefecture,current_code,
432822,湖南省,郴州地区,桂阳县,2418,historical_mapped,historical_crosswalk,90,430000,湖南省,431000,郴州市,431021,桂阳县,431000,郴州市,prefecture,unique_exact_name_under_mapped_parent,
411381,河南省,南阳市,邓州市,2417,current,current_code,100,410000,河南省,411300,南阳市,411381,邓州市,411300,南阳市,prefecture,current_code,
370921,山东省,泰安市,宁阳县,2416,current,current_code,100,370000,山东省,370900,泰安市,370921,宁阳县,370900,泰安市,prefecture,current_code,
371102,山东省,日照市,东港区,2415,current,current_code,100,370000,山东省,371100,日照市,371102,东港区,371100,日照市,prefecture,current_code,
410482,河南省,平顶山市,汝州市,2410,current,current_code,100,410000,河南省,410400,平顶山市,410482,汝州市,410400,平顶山市,prefecture,current_code,
500102,重庆市,重庆市,涪陵区,2409,current,current_code,100,500000,重庆市,,,500102,涪陵区,500000,重庆市,municipality,current_code,
371122,山东省,日照市,莒县,2403,current,current_code,100,370000,山东省,371100,日照市,371122,莒县,371100,日照市,prefecture,current_code,
512533,四川省,宜宾地区,珙县,2401,ambiguous,historical_crosswalk,100,,,,,,,,,,historical_code_reused,511526
412822,河南省,驻马店地区,泌阳县,2400,historical_mapped,historical_crosswalk,90,410000,河南省,411700,驻马店市,411726,泌阳县,411700,驻马店市,prefecture,unique_exact_name_under_mapped_parent,
659001,新疆维吾尔自治区,自治区直辖县级行政区划,石河子市,2396,current,current_code,100,650000,新疆维吾尔自治区,,,659001,石河子市,659001,石河子市,province_direct_county,current_code,
519004,四川省,四川省直辖县级行政区划,峨眉山市,2392,historical_mapped,historical_crosswalk,90,510000,四川省,511100,乐山市,511181,峨眉山市,511100,乐山市,prefecture,unique_exact_name,
332527,浙江省,丽水地区,遂昌县,2382,ambiguous,historical_crosswalk,100,,,,,,,,,,historical_code_reused,331123
533001,云南省,保山地区,保山市,2379,partial,historical_crosswalk,90,530000,云南省,530500,保山市,,,530500,保山市,prefecture,unique_exact_name_under_mapped_parent,
310111,上海市,上海市,吴淞区,2376,unresolved,historical_crosswalk,0,,,,,,,,,,no_supported_successor,
339011,浙江省,浙江省直辖县级行政区划,诸暨市,2376,historical_mapped,historical_crosswalk,90,330000,浙江省,330600,绍兴市,330681,诸暨市,330600,绍兴市,prefecture,unique_exact_name,
320304,江苏省,徐州市,九里区,2373,ambiguous,historical_crosswalk,100,,,,,,,,,,historical_code_reused,
410225,河南省,开封市,兰考县,2366,current,current_code,100,410000,河南省,410200,开封市,410225,兰考县,410200,开封市,prefecture,current_code,
362523,江西省,抚州地区,黎川县,2362,ambiguous,historical_crosswalk,100,,,,,,,,,,historical_code_reused,361022
511622,四川省,广安市,武胜县,2357,current,current_code,100,510000,四川省,511600,广安市,511622,武胜县,511600,广安市,prefecture,current_code,
610113,陕西省,西安市,雁塔区,2353,current,current_code,100,610000,陕西省,610100,西安市,610113,雁塔区,610100,西安市,prefecture,current_code,
429001,湖北省,省直辖县级行政区划,随州市,2348,partial,historical_crosswalk,90,420000,湖北省,421300,随州市,,,421300,随州市,prefecture,unique_exact_name,
610122,陕西省,西安市,蓝田县,2348,current,current_code,100,610000,陕西省,610100,西安市,610122,蓝田县,610100,西安市,prefecture,current_code,
130534,河北省,邢台市,清河县,2346,current,current_code,100,130000,河北省,130500,邢台市,130534,清河县,130500,邢台市,prefecture,current_code,
210311,辽宁省,鞍山市,千山区,2346,current,current_code,100,210000,辽宁省,210300,鞍山市,210311,千山区,210300,鞍山市,prefecture,current_code,
130684,河北省,保定市,高碑店市,2342,current,current_code,100,130000,河北省,130600,保定市,130684,高碑店市,130600,保定市,prefecture,current_code,
210702,辽宁省,锦州市,古塔区,2337,current,current_code,100,210000,辽宁省,210700,锦州市,210702,古塔区,210700,锦州市,prefecture,current_code,
210123,辽宁省,沈阳市,康平县,2334,current,current_code,100,210000,辽宁省,210100,沈阳市,210123,康平县,210100,沈阳市,prefecture,current_code,
370783,山东省,潍坊市,寿光市,2332,current,current_code,100,370000,山东省,370700,潍坊市,370783,寿光市,370700,潍坊市,prefecture,current_code,
500107,重庆市,重庆市,九龙坡区,2324,current,current_code,100,500000,重庆市,,,500107,九龙坡区,500000,重庆市,municipality,current_code,
321201,江苏省,泰州市,泰州市,2316,partial,historical_crosswalk,90,320000,江苏省,321200,泰州市,,,321200,泰州市,prefecture,unique_exact_name_under_mapped_parent,
332525,浙江省,丽水地区,庆元县,2314,ambiguous,historical_crosswalk,100,,,,,,,,,,historical_code_reused,331126
431003,湖南省,郴州市,苏仙区,2314,current,current_code,100,430000,湖南省,431000,郴州市,431003,苏仙区,431000,郴州市,prefecture,current_code,
211002,辽宁省,辽阳市,白塔区,2306,current,current_code,100,210000,辽宁省,211000,辽阳市,211002,白塔区,211000,辽阳市,prefecture,current_code,
211102,辽宁省,盘锦市,双台子区,2302,current,current_code,100,210000,辽宁省,211100,盘锦市,211102,双台子区,211100,盘锦市,prefecture,current_code,
340223,安徽省,芜湖市,南陵县,2301,current,current_code,100,340000,安徽省,340200,芜湖市,340223,南陵县,340200,芜湖市,prefecture,current_code,
220211,吉林省,吉林市,丰满区,2293,current,current_code,100,220000,吉林省,220200,吉林市,220211,丰满区,220200,吉林市,prefecture,current_code,
370911,山东省,泰安市,岱岳区,2291,current,current_code,100,370000,山东省,370900,泰安市,370911,岱岳区,370900,泰安市,prefecture,current_code,
362532,江西省,抚州地区,广昌县,2286,ambiguous,historical_crosswalk,100,,,,,,,,,,historical_code_reused,361030
512530,四川省,宜宾地区,长宁县,2281,ambiguous,historical_crosswalk,100,,,,,,,,,,historical_code_reused,511524
210504,辽宁省,本溪市,明山区,2279,current,current_code,100,210000,辽宁省,210500,本溪市,210504,明山区,210500,本溪市,prefecture,current_code,
210824,辽宁省,营口市,盖县,2272,partial,historical_crosswalk,70,210000,辽宁省,210800,营口市,,,210800,营口市,prefecture,mapped_parent_only,
360732,江西省,赣州市,兴国县,2268,current,current_code,100,360000,江西省,360700,赣州市,360732,兴国县,360700,赣州市,prefecture,current_code,
410122,河南省,郑州市,中牟县,2266,current,current_code,100,410000,河南省,410100,郑州市,410122,中牟县,410100,郑州市,prefecture,current_code,
420106,湖北省,武汉市,武昌区,2265,current,current_code,100,420000,湖北省,420100,武汉市,420106,武昌区,420100,武汉市,prefecture,current_code,
310114,上海市,上海市,嘉定区,2260,current,current_code,100,310000,上海市,,,310114,嘉定区,310000,上海市,municipality,current_code,
610502,陕西省,渭南市,临渭区,2260,current,current_code,100,610000,陕西省,610500,渭南市,610502,临渭区,610500,渭南市,prefecture,current_code,
500231,重庆市,重庆市,垫江县,2255,current,current_code,100,500000,重庆市,,,500231,垫江县,500000,重庆市,municipality,current_code,
500221,重庆市,重庆市,长寿县,2254,historical_mapped,historical_crosswalk,85,500000,重庆市,,,500115,长寿区,500000,重庆市,municipality,unique_canonical_name,
342901,安徽省,池州地区,贵池市,2253,historical_mapped,historical_crosswalk,85,340000,安徽省,341700,池州市,341702,贵池区,341700,池州市,prefecture,unique_canonical_name_under_mapped_parent,
610104,陕西省,西安市,莲湖区,2253,current,current_code,100,610000,陕西省,610100,西安市,610104,莲湖区,610100,西安市,prefecture,current_code,
320704,江苏省,连云港市,云台区,2249,ambiguous,historical_crosswalk,100,,,,,,,,,,historical_code_reused,
510303,四川省,自贡市,贡井区,2246,current,current_code,100,510000,四川省,510300,自贡市,510303,贡井区,510300,自贡市,prefecture,current_code,
420222,湖北省,黄石市,阳新县,2243,current,current_code,100,420000,湖北省,420200,黄石市,420222,阳新县,420200,黄石市,prefecture,current_code,
500225,重庆市,重庆市,大足县,2242,historical_mapped,historical_crosswalk,85,500000,重庆市,,,500111,大足区,500000,重庆市,municipality,unique_canonical_name,
350425,福建省,三明市,大田县,2238,current,current_code,100,350000,福建省,350400,三明市,350425,大田县,350400,三明市,prefecture,current_code,
340827,安徽省,安庆市,望江县,2229,current,current_code,100,340000,安徽省,340800,安庆市,340827,望江县,340800,安庆市,prefecture,current_code,
500383,重庆市,涪陵市,永川市,2220,historical_mapped,historical_crosswalk,85,500000,重庆市,,,500118,永川区,500000,重庆市,municipality,unique_canonical_name,
131002,河北省,廊坊市,安次区,2218,current,current_code,100,130000,河北省,131000,廊坊市,131002,安次区,131000,廊坊市,prefecture,current_code,
211382,辽宁省,朝阳市,凌源市,2218,current,current_code,100,210000,辽宁省,211300,朝阳市,211382,凌源市,211300,朝阳市,prefecture,current_code,
220402,吉林省,辽源市,龙山区,2218,current,current_code,100,220000,吉林省,220400,辽源市,220402,龙山区,220400,辽源市,prefecture,current_code,
220523,吉林省,通化市,辉南县,2215,current,current_code,100,220000,吉林省,220500,通化市,220523,辉南县,220500,通化市,prefecture,current_code,
513002,四川省,达川地区,万源市,2214,historical_mapped,historical_crosswalk,90,510000,四川省,511700,达州市,511781,万源市,511700,达州市,prefecture,unique_exact_name,
130105,河北省,石家庄市,新华区,2210,current,current_code,100,130000,河北省,130100,石家庄市,130105,新华区,130100,石家庄市,prefecture,current_code,
150203,内蒙古自治区,包头市,昆都仑区,2209,current,current_code,100,150000,内蒙古自治区,150200,包头市,150203,昆都仑区,150200,包头市,prefecture,current_code,
532224,云南省,曲靖地区,宣威县,2206,historical_mapped,historical_crosswalk,85,530000,云南省,530300,曲靖市,530381,宣威市,530300,曲靖市,prefecture,unique_canonical_name_under_mapped_parent,
642222,宁夏回族自治区,固原地区,海原县,2205,historical_mapped,historical_crosswalk,90,640000,宁夏回族自治区,640500,中卫市,640522,海原县,640500,中卫市,prefecture,unique_exact_name,
350802,福建省,龙岩市,新罗区,2201,current,current_code,100,350000,福建省,350800,龙岩市,350802,新罗区,350800,龙岩市,prefecture,current_code,
352201,福建省,宁德地区,宁德市,2197,ambiguous,historical_crosswalk,100,,,,,,,,,,historical_code_reused,350900
532301,云南省,楚雄彝族自治州,楚雄市,2192,current,current_code,100,530000,云南省,532300,楚雄彝族自治州,532301,楚雄市,532300,楚雄彝族自治州,prefecture,current_code,
511623,四川省,广安市,邻水县,2190,current,current_code,100,510000,四川省,511600,广安市,511623,邻水县,511600,广安市,prefecture,current_code,
430122,湖南省,长沙市,望城县,2187,historical_mapped,historical_crosswalk,85,430000,湖南省,430100,长沙市,430112,望城区,430100,长沙市,prefecture,unique_canonical_name_under_mapped_parent,
222303,吉林省,白城地区,扶余市,2184,historical_mapped,historical_crosswalk,90,220000,吉林省,220700,松原市,220781,扶余市,220700,松原市,prefecture,unique_exact_name,
510811,四川省,广元市,昭化区,2184,current,current_code,100,510000,四川省,510800,广元市,510811,昭化区,510800,广元市,prefecture,current_code,
370883,山东省,济宁市,邹城市,2183,current,current_code,100,370000,山东省,370800,济宁市,370883,邹城市,370800,济宁市,prefecture,current_code,
511127,四川省,乐山市,洪雅县,2183,historical_mapped,historical_crosswalk,90,510000,四川省,511400,眉山市,511423,洪雅县,511400,眉山市,prefecture,unique_exact_name,
210303,辽宁省,鞍山市,铁西区,2179,current,current_code,100,210000,辽宁省,210300,鞍山市,210303,铁西区,210300,鞍山市,prefecture,current_code,
360602,江西省,鹰潭市,月湖区,2176,current,current_code,100,360000,江西省,360600,鹰潭市,360602,月湖区,360600,鹰潭市,prefecture,current_code,
431021,湖南省,郴州市,桂阳县,2176,current,current_code,100,430000,湖南省,431000,郴州市,431021,桂阳县,431000,郴州市,prefecture,current_code,
152801,内蒙古自治区,巴彦淖尔盟,临河市,2171,ambiguous,historical_crosswalk,100,,,,,,,,,,historical_code_reused,150802
132201,河北省,邢台地区,南宫市,2167,ambiguous,historical_crosswalk,100,,,,,,,,,,historical_code_reused,130581
220283,吉林省,吉林市,舒兰市,2167,current,current_code,100,220000,吉林省,220200,吉林市,220283,舒兰市,220200,吉林市,prefecture,current_code,
371322,山东省,临沂市,郯城县,2166,current,current_code,100,370000,山东省,371300,临沂市,371322,郯城县,371300,临沂市,prefecture,current_code,
350823,福建省,龙岩市,上杭县,2163,current,current_code,100,350000,福建省,350800,龙岩市,350823,上杭县,350800,龙岩市,prefecture,current_code,
370923,山东省,泰安市,东平县,2163,current,current_code,100,370000,山东省,370900,泰安市,370923,东平县,370900,泰安市,prefecture,current_code,
371323,山东省,临沂市,沂水县,2152,current,current_code,100,370000,山东省,371300,临沂市,371323,沂水县,371300,临沂市,prefecture,current_code,
410522,河南省,安阳市,安阳县,2152,current,current_code,100,410000,河南省,410500,安阳市,410522,安阳县,410500,安阳市,prefecture,current_code,
130427,河北省,邯郸市,磁县,2149,current,current_code,100,130000,河北省,130400,邯郸市,130427,磁县,130400,邯郸市,prefecture,current_code,
370829,山东省,济宁市,嘉祥县,2148,current,current_code,100,370000,山东省,370800,济宁市,370829,嘉祥县,370800,济宁市,prefecture,current_code,
152723,内蒙古自治区,伊克昭盟,准格尔旗,2140,ambiguous,historical_crosswalk,100,,,,,,,,,,historical_code_reused,150622
429004,湖北省,省直辖县级行政区划,仙桃市,2139,current,current_code,100,420000,湖北省,,,429004,仙桃市,429004,仙桃市,province_direct_county,current_code,
340421,安徽省,淮南市,凤台县,2136,current,current_code,100,340000,安徽省,340400,淮南市,340421,凤台县,340400,淮南市,prefecture,current_code,
210282,辽宁省,大连市,普兰店市,2133,historical_mapped,historical_crosswalk,85,210000,辽宁省,210200,大连市,210214,普兰店区,210200,大连市,prefecture,unique_canonical_name_under_mapped_parent,
211223,辽宁省,铁岭市,西丰县,2132,current,current_code,100,210000,辽宁省,211200,铁岭市,211223,西丰县,211200,铁岭市,prefecture,current_code,
130627,河北省,保定市,唐县,2130,current,current_code,100,130000,河北省,130600,保定市,130627,唐县,130600,保定市,prefecture,current_code,
352230,福建省,宁德地区,周宁县,2130,historical_mapped,historical_crosswalk,90,350000,福建省,350900,宁德市,350925,周宁县,350900,宁德市,prefecture,unique_exact_name,
130921,河北省,沧州市,沧县,2128,current,current_code,100,130000,河北省,130900,沧州市,130921,沧县,130900,沧州市,prefecture,current_code,
360730,江西省,赣州市,宁都县,2124,current,current_code,100,360000,江西省,360700,赣州市,360730,宁都县,360700,赣州市,prefecture,current_code,
511129,四川省,乐山市,沐川县,2121,current,current_code,100,510000,四川省,511100,乐山市,511129,沐川县,511100,乐山市,prefecture,current_code,
130621,河北省,保定市,满城县,2120,historical_mapped,historical_crosswalk,85,130000,河北省,130600,保定市,130607,满城区,130600,保定市,prefecture,unique_canonical_name_under_mapped_parent,
431022,湖南省,郴州市,宜章县,2120,current,current_code,100,430000,湖南省,431000,郴州市,431022,宜章县,431000,郴州市,prefecture,current_code,
352624,福建省,龙岩地区,上杭县,2117,ambiguous,historical_crosswalk,100,,,,,,,,,,historical_code_reused,350823
512534,四川省,宜宾地区,兴文县,2113,ambiguous,historical_crosswalk,100,,,,,,,,,,historical_code_reused,511528
421023,湖北省,荆州市,监利县,2112,historical_mapped,historical_crosswalk,85,420000,湖北省,421000,荆州市,421088,监利市,421000,荆州市,prefecture,unique_canonical_name_under_mapped_parent,
500113,重庆市,重庆市,巴南区,2111,current,current_code,100,500000,重庆市,,,500113,巴南区,500000,重庆市,municipality,current_code,
130321,河北省,秦皇岛市,青龙满族自治县,2110,current,current_code,100,130000,河北省,130300,秦皇岛市,130321,青龙满族自治县,130300,秦皇岛市,prefecture,current_code,
410928,河南省,濮阳市,濮阳县,2110,current,current_code,100,410000,河南省,410900,濮阳市,410928,濮阳县,410900,濮阳市,prefecture,current_code,
220302,吉林省,四平市,铁西区,2109,current,current_code,100,220000,吉林省,220300,四平市,220302,铁西区,220300,四平市,prefecture,current_code,
131025,河北省,廊坊市,大城县,2104,current,current_code,100,130000,河北省,131000,廊坊市,131025,大城县,131000,廊坊市,prefecture,current_code,
342124,安徽省,阜阳地区,涡阳县,2101,historical_mapped,historical_crosswalk,90,340000,安徽省,341600,亳州市,341621,涡阳县,341600,亳州市,prefecture,unique_exact_name,
371327,山东省,临沂市,莒南县,2099,current,current_code,100,370000,山东省,371300,临沂市,371327,莒南县,371300,临沂市,prefecture,current_code,
500106,重庆市,重庆市,沙坪坝区,2099,current,current_code,100,500000,重庆市,,,500106,沙坪坝区,500000,重庆市,municipality,current_code,
440111,广东省,广州市,白云区,2095,current,current_code,100,440000,广东省,440100,广州市,440111,白云区,440100,广州市,prefecture,current_code,
371326,山东省,临沂市,平邑县,2093,current,current_code,100,370000,山东省,371300,临沂市,371326,平邑县,371300,临沂市,prefecture,current_code,
420111,湖北省,武汉市,洪山区,2091,current,current_code,100,420000,湖北省,420100,武汉市,420111,洪山区,420100,武汉市,prefecture,current_code,
421127,湖北省,黄冈市,黄梅县,2087,current,current_code,100,420000,湖北省,421100,黄冈市,421127,黄梅县,421100,黄冈市,prefecture,current_code,
500233,重庆市,重庆市,忠县,2086,current,current_code,100,500000,重庆市,,,500233,忠县,500000,重庆市,municipality,current_code,
510503,四川省,泸州市,纳溪区,2084,current,current_code,100,510000,四川省,510500,泸州市,510503,纳溪区,510500,泸州市,prefecture,current_code,
210522,辽宁省,本溪市,桓仁满族自治县,2080,current,current_code,100,210000,辽宁省,210500,本溪市,210522,桓仁满族自治县,210500,本溪市,prefecture,current_code,
211282,辽宁省,铁岭市,开原市,2079,current,current_code,100,210000,辽宁省,211200,铁岭市,211282,开原市,211200,铁岭市,prefecture,current_code,
412722,河南省,周口地区,西华县,2078,historical_mapped,historical_crosswalk,90,410000,河南省,411600,周口市,411622,西华县,411600,周口市,prefecture,unique_exact_name_under_mapped_parent,
350427,福建省,三明市,沙县,2074,ambiguous,historical_crosswalk,100,,,,,,,,,,historical_code_reused,
220821,吉林省,白城市,镇赉县,2073,current,current_code,100,220000,吉林省,220800,白城市,220821,镇赉县,220800,白城市,prefecture,current_code,
370782,山东省,潍坊市,诸城市,2073,current,current_code,100,370000,山东省,370700,潍坊市,370782,诸城市,370700,潍坊市,prefecture,current_code,
220282,吉林省,吉林市,桦甸市,2069,current,current_code,100,220000,吉林省,220200,吉林市,220282,桦甸市,220200,吉林市,prefecture,current_code,
371325,山东省,临沂市,费县,2069,current,current_code,100,370000,山东省,371300,临沂市,371325,费县,371300,临沂市,prefecture,current_code,
410224,河南省,开封市,开封县,2069,partial,historical_crosswalk,85,410000,河南省,410200,开封市,,,410200,开封市,prefecture,unique_canonical_name_under_mapped_parent,
431002,湖南省,郴州市,北湖区,2066,current,current_code,100,430000,湖南省,431000,郴州市,431002,北湖区,431000,郴州市,prefecture,current_code,
410423,河南省,平顶山市,鲁山县,2065,current,current_code,100,410000,河南省,410400,平顶山市,410423,鲁山县,410400,平顶山市,prefecture,current_code,
142601,山西省,临汾地区,临汾市,2057,partial,historical_crosswalk,90,140000,山西省,141000,临汾市,,,141000,临汾市,prefecture,unique_exact_name_under_mapped_parent,
612701,陕西省,榆林地区,榆林市,2055,partial,historical_crosswalk,90,610000,陕西省,610800,榆林市,,,610800,榆林市,prefecture,unique_exact_name_under_mapped_parent,
360721,江西省,赣州市,赣县,2053,historical_mapped,historical_crosswalk,85,360000,江西省,360700,赣州市,360704,赣县区,360700,赣州市,prefecture,unique_canonical_name_under_mapped_parent,
372330,山东省,滨州地区,邹平县,2050,historical_mapped,historical_crosswalk,85,370000,山东省,371600,滨州市,371681,邹平市,371600,滨州市,prefecture,unique_canonical_name,
220111,吉林省,长春市,郊区,2048,ambiguous,historical_crosswalk,100,,,,,,,,,,cross_province_exact_name_requires_review,
340824,安徽省,安庆市,潜山县,2048,historical_mapped,historical_crosswalk,85,340000,安徽省,340800,安庆市,340882,潜山市,340800,安庆市,prefecture,unique_canonical_name_under_mapped_parent,
220125,吉林省,长春市,双阳县,2047,historical_mapped,historical_crosswalk,85,220000,吉林省,220100,长春市,220112,双阳区,220100,长春市,prefecture,unique_canonical_name_under_mapped_parent,
520202,贵州省,六盘水市,盘县特区,2047,partial,historical_crosswalk,70,520000,贵州省,520200,六盘水市,,,520200,六盘水市,prefecture,mapped_parent_only,
420621,湖北省,襄阳市,襄阳县,2044,partial,historical_crosswalk,85,420000,湖北省,420600,襄阳市,,,420600,襄阳市,prefecture,unique_canonical_name_under_mapped_parent,
360731,江西省,赣州市,于都县,2041,current,current_code,100,360000,江西省,360700,赣州市,360731,于都县,360700,赣州市,prefecture,current_code,
513321,四川省,甘孜藏族自治州,康定县,2039,historical_mapped,historical_crosswalk,85,510000,四川省,513300,甘孜藏族自治州,513301,康定市,513300,甘孜藏族自治州,prefecture,unique_canonical_name_under_mapped_parent,
222324,吉林省,白城地区,前郭尔罗斯蒙古族自治县,2037,historical_mapped,historical_crosswalk,90,220000,吉林省,220700,松原市,220721,前郭尔罗斯蒙古族自治县,220700,松原市,prefecture,unique_exact_name,
610324,陕西省,宝鸡市,扶风县,2037,current,current_code,100,610000,陕西省,610300,宝鸡市,610324,扶风县,610300,宝鸡市,prefecture,current_code,
370781,山东省,潍坊市,青州市,2035,current,current_code,100,370000,山东省,370700,潍坊市,370781,青州市,370700,潍坊市,prefecture,current_code,
210624,辽宁省,丹东市,宽甸满族自治县,2028,current,current_code,100,210000,辽宁省,210600,丹东市,210624,宽甸满族自治县,210600,丹东市,prefecture,current_code,
532201,云南省,曲靖地区,曲靖市,2024,partial,historical_crosswalk,90,530000,云南省,530300,曲靖市,,,530300,曲靖市,prefecture,unique_exact_name_under_mapped_parent,
510727,四川省,绵阳市,平武县,2021,current,current_code,100,510000,四川省,510700,绵阳市,510727,平武县,510700,绵阳市,prefecture,current_code,
370283,山东省,青岛市,平度市,2011,current,current_code,100,370000,山东省,370200,青岛市,370283,平度市,370200,青岛市,prefecture,current_code,
610321,陕西省,宝鸡市,宝鸡县,2010,partial,historical_crosswalk,85,610000,陕西省,610300,宝鸡市,,,610300,宝鸡市,prefecture,unique_canonical_name_under_mapped_parent,
513525,四川省,黔江地区,彭水苗族土家族自治县,2009,ambiguous,historical_crosswalk,100,,,,,,,,,,cross_province_exact_name_requires_review,
512902,四川省,南充地区,华蓥市,2008,historical_mapped,historical_crosswalk,90,510000,四川省,511600,广安市,511681,华蓥市,511600,广安市,prefecture,unique_exact_name,
533023,云南省,保山地区,腾冲县,2007,historical_mapped,historical_crosswalk,85,530000,云南省,530500,保山市,530581,腾冲市,530500,保山市,prefecture,unique_canonical_name_under_mapped_parent,
370983,山东省,泰安市,肥城市,1998,current,current_code,100,370000,山东省,370900,泰安市,370983,肥城市,370900,泰安市,prefecture,current_code,
522401,贵州省,毕节地区,毕节市,1995,partial,historical_crosswalk,90,520000,贵州省,520500,毕节市,,,520500,毕节市,prefecture,unique_exact_name_under_mapped_parent,
430426,湖南省,衡阳市,祁东县,1992,current,current_code,100,430000,湖南省,430400,衡阳市,430426,祁东县,430400,衡阳市,prefecture,current_code,
512532,四川省,宜宾地区,筠连县,1992,ambiguous,historical_crosswalk,100,,,,,,,,,,historical_code_reused,511527
532233,云南省,曲靖地区,会泽县,1991,historical_mapped,historical_crosswalk,90,530000,云南省,530300,曲靖市,530326,会泽县,530300,曲靖市,prefecture,unique_exact_name_under_mapped_parent,
330105,浙江省,杭州市,拱墅区,1986,current,current_code,100,330000,浙江省,330100,杭州市,330105,拱墅区,330100,杭州市,prefecture,current_code,
210411,辽宁省,抚顺市,顺城区,1978,current,current_code,100,210000,辽宁省,210400,抚顺市,210411,顺城区,210400,抚顺市,prefecture,current_code,
352622,福建省,龙岩地区,长汀县,1978,ambiguous,historical_crosswalk,100,,,,,,,,,,historical_code_reused,350821
130982,河北省,沧州市,任丘市,1974,current,current_code,100,130000,河北省,130900,沧州市,130982,任丘市,130900,沧州市,prefecture,current_code,
131126,河北省,衡水市,故城县,1974,current,current_code,100,130000,河北省,131100,衡水市,131126,故城县,131100,衡水市,prefecture,current_code,
342921,安徽省,池州地区,东至县,1968,historical_mapped,historical_crosswalk,90,340000,安徽省,341700,池州市,341721,东至县,341700,池州市,prefecture,unique_exact_name_under_mapped_parent,
513622,四川省,广安地区,广安县,1968,ambiguous,historical_crosswalk,100,,,,,,,,,,multiple_canonical_name_targets,511600;511602
131082,河北省,廊坊市,三河市,1964,current,current_code,100,130000,河北省,131000,廊坊市,131082,三河市,131000,廊坊市,prefecture,current_code,
150430,内蒙古自治区,赤峰市,敖汉旗,1963,current,current_code,100,150000,内蒙古自治区,150400,赤峰市,150430,敖汉旗,150400,赤峰市,prefecture,current_code,
350301,福建省,莆田市,,1962,partial,current_parent_code,60,350000,福建省,350300,莆田市,,,350300,莆田市,prefecture,current_parent_code,
352124,福建省,南平地区,浦城县,1961,historical_mapped,historical_crosswalk,90,350000,福建省,350700,南平市,350722,浦城县,350700,南平市,prefecture,unique_exact_name,
610102,陕西省,西安市,新城区,1961,current,current_code,100,610000,陕西省,610100,西安市,610102,新城区,610100,西安市,prefecture,current_code,
360426,江西省,九江市,德安县,1958,current,current_code,100,360000,江西省,360400,九江市,360426,德安县,360400,九江市,prefecture,current_code,
431023,湖南省,郴州市,永兴县,1957,current,current_code,100,430000,湖南省,431000,郴州市,431023,永兴县,431000,郴州市,prefecture,current_code,
371202,山东省,莱芜市,莱城区,1956,unresolved,historical_crosswalk,0,,,,,,,,,,no_supported_successor,
432823,湖南省,郴州地区,永兴县,1956,historical_mapped,historical_crosswalk,90,430000,湖南省,431000,郴州市,431023,永兴县,431000,郴州市,prefecture,unique_exact_name_under_mapped_parent,
513524,四川省,黔江地区,酉阳土家族苗族自治县,1956,historical_mapped,historical_crosswalk,95,500000,重庆市,,,500242,酉阳土家族苗族自治县,500000,重庆市,municipality,reviewed_override,
350822,福建省,龙岩市,永定县,1955,historical_mapped,historical_crosswalk,85,350000,福建省,350800,龙岩市,350803,永定区,350800,龙岩市,prefecture,unique_canonical_name_under_mapped_parent,
372321,山东省,滨州地区,惠民县,1950,historical_mapped,historical_crosswalk,90,370000,山东省,371600,滨州市,371621,惠民县,371600,滨州市,prefecture,unique_exact_name,
150105,内蒙古自治区,呼和浩特市,赛罕区,1948,current,current_code,100,150000,内蒙古自治区,150100,呼和浩特市,150105,赛罕区,150100,呼和浩特市,prefecture,current_code,
130528,河北省,邢台市,宁晋县,1946,current,current_code,100,130000,河北省,130500,邢台市,130528,宁晋县,130500,邢台市,prefecture,current_code,
370302,山东省,淄博市,淄川区,1946,current,current_code,100,370000,山东省,370300,淄博市,370302,淄川区,370300,淄博市,prefecture,current_code,
500236,重庆市,重庆市,奉节县,1946,current,current_code,100,500000,重庆市,,,500236,奉节县,500000,重庆市,municipality,current_code,
352623,福建省,龙岩地区,永定县,1944,ambiguous,historical_crosswalk,100,,,,,,,,,,historical_code_reused,350803
370830,山东省,济宁市,汶上县,1944,current,current_code,100,370000,山东省,370800,济宁市,370830,汶上县,370800,济宁市,prefecture,current_code,
510726,四川省,绵阳市,北川羌族自治县,1943,current,current_code,100,510000,四川省,510700,绵阳市,510726,北川羌族自治县,510700,绵阳市,prefecture,current_code,
370502,山东省,东营市,东营区,1941,current,current_code,100,370000,山东省,370500,东营市,370502,东营区,370500,东营市,prefecture,current_code,
500223,重庆市,重庆市,潼南县,1941,historical_mapped,historical_crosswalk,85,500000,重庆市,,,500152,潼南区,500000,重庆市,municipality,unique_canonical_name,
510504,四川省,泸州市,龙马潭区,1941,current,current_code,100,510000,四川省,510500,泸州市,510504,龙马潭区,510500,泸州市,prefecture,current_code,
132801,河北省,廊坊地区,廊坊市,1940,partial,historical_crosswalk,90,130000,河北省,131000,廊坊市,,,131000,廊坊市,prefecture,unique_exact_name_under_mapped_parent,
130406,河北省,邯郸市,峰峰矿区,1938,current,current_code,100,130000,河北省,130400,邯郸市,130406,峰峰矿区,130400,邯郸市,prefecture,current_code,
512224,四川省,万县地区,梁平县,1937,ambiguous,historical_crosswalk,100,,,,,,,,,,historical_code_reused,
340825,安徽省,安庆市,太湖县,1935,current,current_code,100,340000,安徽省,340800,安庆市,340825,太湖县,340800,安庆市,prefecture,current_code,
332529,浙江省,丽水地区,景宁畲族自治县,1934,ambiguous,historical_crosswalk,100,,,,,,,,,,historical_code_reused,331127
500103,重庆市,重庆市,渝中区,1934,current,current_code,100,500000,重庆市,,,500103,渝中区,500000,重庆市,municipality,current_code,
654001,新疆维吾尔自治区,伊犁哈萨克自治州,奎屯市,1932,historical_mapped,historical_crosswalk,90,650000,新疆维吾尔自治区,654000,伊犁哈萨克自治州,654003,奎屯市,654000,伊犁哈萨克自治州,prefecture,unique_exact_name_under_mapped_parent,
130421,河北省,邯郸市,邯郸县,1930,partial,historical_crosswalk,85,130000,河北省,130400,邯郸市,,,130400,邯郸市,prefecture,unique_canonical_name_under_mapped_parent,
320703,江苏省,连云港市,连云区,1927,current,current_code,100,320000,江苏省,320700,连云港市,320703,连云区,320700,连云港市,prefecture,current_code,
222424,吉林省,延边朝鲜族自治州,汪清县,1926,current,current_code,100,220000,吉林省,222400,延边朝鲜族自治州,222424,汪清县,222400,延边朝鲜族自治州,prefecture,current_code,
321124,江苏省,镇江市,扬中县,1926,historical_mapped,historical_crosswalk,85,320000,江苏省,321100,镇江市,321182,扬中市,321100,镇江市,prefecture,unique_canonical_name_under_mapped_parent,
130124,河北省,石家庄市,栾城县,1925,ambiguous,historical_crosswalk,100,,,,,,,,,,historical_code_reused,130111
320706,江苏省,连云港市,海州区,1921,current,current_code,100,320000,江苏省,320700,连云港市,320706,海州区,320700,连云港市,prefecture,current_code,
430523,湖南省,邵阳市,邵阳县,1919,current,current_code,100,430000,湖南省,430500,邵阳市,430523,邵阳县,430500,邵阳市,prefecture,current_code,
430524,湖南省,邵阳市,隆回县,1919,current,current_code,100,430000,湖南省,430500,邵阳市,430524,隆回县,430500,邵阳市,prefecture,current_code,
430681,湖南省,岳阳市,汨罗市,1919,current,current_code,100,430000,湖南省,430600,岳阳市,430681,汨罗市,430600,岳阳市,prefecture,current_code,
210521,辽宁省,本溪市,本溪满族自治县,1916,current,current_code,100,210000,辽宁省,210500,本溪市,210521,本溪满族自治县,210500,本溪市,prefecture,current_code,
152323,内蒙古自治区,哲里木盟,科尔沁左翼后旗,1909,historical_mapped,historical_crosswalk,90,150000,内蒙古自治区,150500,通辽市,150522,科尔沁左翼后旗,150500,通辽市,prefecture,unique_exact_name,
642223,宁夏回族自治区,固原地区,西吉县,1908,historical_mapped,historical_crosswalk,90,640000,宁夏回族自治区,640400,固原市,640422,西吉县,640400,固原市,prefecture,unique_exact_name_under_mapped_parent,
350621,福建省,漳州市,龙海县,1907,historical_mapped,historical_crosswalk,85,350000,福建省,350600,漳州市,350604,龙海区,350600,漳州市,prefecture,unique_canonical_name_under_mapped_parent,
430281,湖南省,株洲市,醴陵市,1903,current,current_code,100,430000,湖南省,430200,株洲市,430281,醴陵市,430200,株洲市,prefecture,current_code,
130204,河北省,唐山市,古冶区,1902,current,current_code,100,130000,河北省,130200,唐山市,130204,古冶区,130200,唐山市,prefecture,current_code,
372929,山东省,菏泽地区,鄄城县,1900,historical_mapped,historical_crosswalk,90,370000,山东省,371700,菏泽市,371726,鄄城县,371700,菏泽市,prefecture,unique_exact_name_under_mapped_parent,
511525,四川省,宜宾市,高县,1897,current,current_code,100,510000,四川省,511500,宜宾市,511525,高县,511500,宜宾市,prefecture,current_code,
220602,吉林省,白山市,浑江区,1891,current,current_code,100,220000,吉林省,220600,白山市,220602,浑江区,220600,白山市,prefecture,current_code,
211203,辽宁省,铁岭市,铁法区,1890,partial,historical_crosswalk,70,210000,辽宁省,211200,铁岭市,,,211200,铁岭市,prefecture,mapped_parent_only,
360202,江西省,景德镇市,昌江区,1889,current,current_code,100,360000,江西省,360200,景德镇市,360202,昌江区,360200,景德镇市,prefecture,current_code,
210422,辽宁省,抚顺市,新宾满族自治县,1884,current,current_code,100,210000,辽宁省,210400,抚顺市,210422,新宾满族自治县,210400,抚顺市,prefecture,current_code,
130283,河北省,唐山市,迁安市,1879,current,current_code,100,130000,河北省,130200,唐山市,130283,迁安市,130200,唐山市,prefecture,current_code,
372930,山东省,菏泽地区,东明县,1879,historical_mapped,historical_crosswalk,90,370000,山东省,371700,菏泽市,371728,东明县,371700,菏泽市,prefecture,unique_exact_name_under_mapped_parent,
330283,浙江省,宁波市,奉化市,1877,historical_mapped,historical_crosswalk,85,330000,浙江省,330200,宁波市,330213,奉化区,330200,宁波市,prefecture,unique_canonical_name_under_mapped_parent,
352101,福建省,南平地区,南平市,1877,partial,historical_crosswalk,90,350000,福建省,350700,南平市,,,350700,南平市,prefecture,unique_exact_name,
350211,福建省,厦门市,集美区,1876,current,current_code,100,350000,福建省,350200,厦门市,350211,集美区,350200,厦门市,prefecture,current_code,
350624,福建省,漳州市,诏安县,1874,current,current_code,100,350000,福建省,350600,漳州市,350624,诏安县,350600,漳州市,prefecture,current_code,
513221,四川省,阿坝藏族羌族自治州,汶川县,1874,current,current_code,100,510000,四川省,513200,阿坝藏族羌族自治州,513221,汶川县,513200,阿坝藏族羌族自治州,prefecture,current_code,
150404,内蒙古自治区,赤峰市,松山区,1872,current,current_code,100,150000,内蒙古自治区,150400,赤峰市,150404,松山区,150400,赤峰市,prefecture,current_code,
610424,陕西省,咸阳市,乾县,1869,current,current_code,100,610000,陕西省,610400,咸阳市,610424,乾县,610400,咸阳市,prefecture,current_code,
130228,河北省,唐山市,遵化县,1868,ambiguous,historical_crosswalk,100,,,,,,,,,,historical_code_reused,130281
362135,江西省,赣州地区,会昌县,1868,historical_mapped,historical_crosswalk,90,360000,江西省,360700,赣州市,360733,会昌县,360700,赣州市,prefecture,unique_exact_name,
511523,四川省,宜宾市,江安县,1857,current,current_code,100,510000,四川省,511500,宜宾市,511523,江安县,511500,宜宾市,prefecture,current_code,
513521,四川省,黔江地区,石柱土家族自治县,1857,ambiguous,historical_crosswalk,100,,,,,,,,,,cross_province_exact_name_requires_review,
320201,江苏省,无锡市,,1854,partial,current_parent_code,60,320000,江苏省,320200,无锡市,,,320200,无锡市,prefecture,current_parent_code,
510812,四川省,广元市,朝天区,1854,current,current_code,100,510000,四川省,510800,广元市,510812,朝天区,510800,广元市,prefecture,current_code,
610526,陕西省,渭南市,蒲城县,1851,current,current_code,100,610000,陕西省,610500,渭南市,610526,蒲城县,610500,渭南市,prefecture,current_code,
142701,山西省,运城地区,运城市,1846,partial,historical_crosswalk,90,140000,山西省,140800,运城市,,,140800,运城市,prefecture,unique_exact_name_under_mapped_parent,
530326,云南省,曲靖市,会泽县,1845,current,current_code,100,530000,云南省,530300,曲靖市,530326,会泽县,530300,曲靖市,prefecture,current_code,
130635,河北省,保定市,蠡县,1843,current,current_code,100,130000,河北省,130600,保定市,130635,蠡县,130600,保定市,prefecture,current_code,
220303,吉林省,四平市,铁东区,1841,current,current_code,100,220000,吉林省,220300,四平市,220303,铁东区,220300,四平市,prefecture,current_code,
220621,吉林省,白山市,抚松县,1839,current,current_code,100,220000,吉林省,220600,白山市,220621,抚松县,220600,白山市,prefecture,current_code,
410103,河南省,郑州市,二七区,1839,current,current_code,100,410000,河南省,410100,郑州市,410103,二七区,410100,郑州市,prefecture,current_code,
642127,宁夏回族自治区,银南地区,同心县,1839,historical_mapped,historical_crosswalk,90,640000,宁夏回族自治区,640300,吴忠市,640324,同心县,640300,吴忠市,prefecture,unique_exact_name,
341204,安徽省,阜阳市,颍泉区,1838,current,current_code,100,340000,安徽省,341200,阜阳市,341204,颍泉区,341200,阜阳市,prefecture,current_code,
421126,湖北省,黄冈市,蕲春县,1837,current,current_code,100,420000,湖北省,421100,黄冈市,421126,蕲春县,421100,黄冈市,prefecture,current_code,
430223,湖南省,株洲市,攸县,1836,current,current_code,100,430000,湖南省,430200,株洲市,430223,攸县,430200,株洲市,prefecture,current_code,
220223,吉林省,吉林市,磐石县,1835,historical_mapped,historical_crosswalk,85,220000,吉林省,220200,吉林市,220284,磐石市,220200,吉林市,prefecture,unique_canonical_name_under_mapped_parent,
350123,福建省,福州市,罗源县,1834,current,current_code,100,350000,福建省,350100,福州市,350123,罗源县,350100,福州市,prefecture,current_code,
370811,山东省,济宁市,任城区,1833,current,current_code,100,370000,山东省,370800,济宁市,370811,任城区,370800,济宁市,prefecture,current_code,
130324,河北省,秦皇岛市,卢龙县,1827,current,current_code,100,130000,河北省,130300,秦皇岛市,130324,卢龙县,130300,秦皇岛市,prefecture,current_code,
320881,江苏省,淮安市,宿迁市,1826,partial,historical_crosswalk,90,320000,江苏省,321300,宿迁市,,,321300,宿迁市,prefecture,unique_exact_name,
350625,福建省,漳州市,长泰县,1824,ambiguous,historical_crosswalk,100,,,,,,,,,,historical_code_reused,
512326,四川省,涪陵地区,武隆县,1823,ambiguous,historical_crosswalk,100,,,,,,,,,,historical_code_reused,
330921,浙江省,舟山市,岱山县,1822,current,current_code,100,330000,浙江省,330900,舟山市,330921,岱山县,330900,舟山市,prefecture,current_code,
513437,四川省,凉山彝族自治州,雷波县,1822,current,current_code,100,510000,四川省,513400,凉山彝族自治州,513437,雷波县,513400,凉山彝族自治州,prefecture,current_code,
430522,湖南省,邵阳市,新邵县,1820,current,current_code,100,430000,湖南省,430500,邵阳市,430522,新邵县,430500,邵阳市,prefecture,current_code,
610523,陕西省,渭南市,大荔县,1811,current,current_code,100,610000,陕西省,610500,渭南市,610523,大荔县,610500,渭南市,prefecture,current_code,
421022,湖北省,荆州市,公安县,1808,current,current_code,100,420000,湖北省,421000,荆州市,421022,公安县,421000,荆州市,prefecture,current_code,
220882,吉林省,白城市,大安市,1804,current,current_code,100,220000,吉林省,220800,白城市,220882,大安市,220800,白城市,prefecture,current_code,
342625,安徽省,巢湖地区,含山县,1804,historical_mapped,historical_crosswalk,90,340000,安徽省,340500,马鞍山市,340522,含山县,340500,马鞍山市,prefecture,unique_exact_name,
370784,山东省,潍坊市,安丘市,1804,current,current_code,100,370000,山东省,370700,潍坊市,370784,安丘市,370700,潍坊市,prefecture,current_code,
610115,陕西省,西安市,临潼区,1803,current,current_code,100,610000,陕西省,610100,西安市,610115,临潼区,610100,西安市,prefecture,current_code,
131026,河北省,廊坊市,文安县,1799,current,current_code,100,130000,河北省,131000,廊坊市,131026,文安县,131000,廊坊市,prefecture,current_code,
130403,河北省,邯郸市,丛台区,1798,current,current_code,100,130000,河北省,130400,邯郸市,130403,丛台区,130400,邯郸市,prefecture,current_code,
130423,河北省,邯郸市,临漳县,1798,current,current_code,100,130000,河北省,130400,邯郸市,130423,临漳县,130400,邯郸市,prefecture,current_code,
430481,湖南省,衡阳市,耒阳市,1798,current,current_code,100,430000,湖南省,430400,衡阳市,430481,耒阳市,430400,衡阳市,prefecture,current_code,
360722,江西省,赣州市,信丰县,1793,current,current_code,100,360000,江西省,360700,赣州市,360722,信丰县,360700,赣州市,prefecture,current_code,
150402,内蒙古自治区,赤峰市,红山区,1792,current,current_code,100,150000,内蒙古自治区,150400,赤峰市,150402,红山区,150400,赤峰市,prefecture,current_code,
370602,山东省,烟台市,芝罘区,1792,current,current_code,100,370000,山东省,370600,烟台市,370602,芝罘区,370600,烟台市,prefecture,current_code,
340821,安徽省,安庆市,桐城县,1791,historical_mapped,historical_crosswalk,85,340000,安徽省,340800,安庆市,340881,桐城市,340800,安庆市,prefecture,unique_canonical_name_under_mapped_parent,
500224,重庆市,重庆市,铜梁县,1791,historical_mapped,historical_crosswalk,85,500000,重庆市,,,500151,铜梁区,500000,重庆市,municipality,unique_canonical_name,
410727,河南省,新乡市,封丘县,1788,current,current_code,100,410000,河南省,410700,新乡市,410727,封丘县,410700,新乡市,prefecture,current_code,
412721,河南省,周口地区,扶沟县,1788,historical_mapped,historical_crosswalk,90,410000,河南省,411600,周口市,411621,扶沟县,411600,周口市,prefecture,unique_exact_name_under_mapped_parent,
362232,江西省,宜春地区,靖安县,1787,ambiguous,historical_crosswalk,100,,,,,,,,,,historical_code_reused,360925
220121,吉林省,长春市,榆树县,1785,historical_mapped,historical_crosswalk,85,220000,吉林省,220100,长春市,220182,榆树市,220100,长春市,prefecture,unique_canonical_name_under_mapped_parent,
370406,山东省,枣庄市,山亭区,1783,current,current_code,100,370000,山东省,370400,枣庄市,370406,山亭区,370400,枣庄市,prefecture,current_code,
360781,江西省,赣州市,瑞金市,1782,current,current_code,100,360000,江西省,360700,赣州市,360781,瑞金市,360700,赣州市,prefecture,current_code,
362325,江西省,上饶地区,横峰县,1782,ambiguous,historical_crosswalk,100,,,,,,,,,,historical_code_reused,361125
500222,重庆市,重庆市,綦江县,1778,historical_mapped,historical_crosswalk,85,500000,重庆市,,,500110,綦江区,500000,重庆市,municipality,unique_canonical_name,
152722,内蒙古自治区,伊克昭盟,达拉特旗,1774,ambiguous,historical_crosswalk,100,,,,,,,,,,historical_code_reused,150621
130521,河北省,邢台市,邢台县,1772,partial,historical_crosswalk,85,130000,河北省,130500,邢台市,,,130500,邢台市,prefecture,unique_canonical_name_under_mapped_parent,
321011,江苏省,扬州市,维扬区,1772,ambiguous,historical_crosswalk,100,,,,,,,,,,historical_code_reused,
410521,河南省,安阳市,林县,1772,partial,historical_crosswalk,70,410000,河南省,410500,安阳市,,,410500,安阳市,prefecture,mapped_parent_only,
131125,河北省,衡水市,安平县,1770,current,current_code,100,130000,河北省,131100,衡水市,131125,安平县,131100,衡水市,prefecture,current_code,
130182,河北省,石家庄市,藁城市,1769,historical_mapped,historical_crosswalk,85,130000,河北省,130100,石家庄市,130109,藁城区,130100,石家庄市,prefecture,unique_canonical_name_under_mapped_parent,
362527,江西省,抚州地区,宜黄县,1768,ambiguous,historical_crosswalk,100,,,,,,,,,,historical_code_reused,361026
522101,贵州省,遵义地区,遵义市,1767,partial,historical_crosswalk,90,520000,贵州省,520300,遵义市,,,520300,遵义市,prefecture,unique_exact_name_under_mapped_parent,
150202,内蒙古自治区,包头市,东河区,1766,current,current_code,100,150000,内蒙古自治区,150200,包头市,150202,东河区,150200,包头市,prefecture,current_code,
610528,陕西省,渭南市,富平县,1765,current,current_code,100,610000,陕西省,610500,渭南市,610528,富平县,610500,渭南市,prefecture,current_code,
411325,河南省,南阳市,内乡县,1760,current,current_code,100,410000,河南省,411300,南阳市,411325,内乡县,411300,南阳市,prefecture,current_code,
532524,云南省,红河哈尼族彝族自治州,建水县,1760,current,current_code,100,530000,云南省,532500,红河哈尼族彝族自治州,532524,建水县,532500,红河哈尼族彝族自治州,prefecture,current_code,
340222,安徽省,芜湖市,繁昌县,1758,historical_mapped,historical_crosswalk,85,340000,安徽省,340200,芜湖市,340212,繁昌区,340200,芜湖市,prefecture,unique_canonical_name_under_mapped_parent,
370682,山东省,烟台市,莱阳市,1758,current,current_code,100,370000,山东省,370600,烟台市,370682,莱阳市,370600,烟台市,prefecture,current_code,
130638,河北省,保定市,雄县,1756,current,current_code,100,130000,河北省,130600,保定市,130638,雄县,130600,保定市,prefecture,current_code,
512226,四川省,万县地区,奉节县,1755,ambiguous,historical_crosswalk,100,,,,,,,,,,historical_code_reused,
352224,福建省,宁德地区,福鼎县,1754,ambiguous,historical_crosswalk,100,,,,,,,,,,historical_code_reused,350982
410422,河南省,平顶山市,叶县,1754,current,current_code,100,410000,河南省,410400,平顶山市,410422,叶县,410400,平顶山市,prefecture,current_code,
370828,山东省,济宁市,金乡县,1752,current,current_code,100,370000,山东省,370800,济宁市,370828,金乡县,370800,济宁市,prefecture,current_code,
130103,河北省,石家庄市,桥东区,1751,historical_mapped,historical_crosswalk,90,130000,河北省,130700,张家口市,130702,桥东区,130700,张家口市,prefecture,unique_exact_name,
610111,陕西省,西安市,灞桥区,1751,current,current_code,100,610000,陕西省,610100,西安市,610111,灞桥区,610100,西安市,prefecture,current_code,
370702,山东省,潍坊市,潍城区,1748,current,current_code,100,370000,山东省,370700,潍坊市,370702,潍城区,370700,潍坊市,prefecture,current_code,
210821,辽宁省,营口市,营口县,1746,partial,historical_crosswalk,85,210000,辽宁省,210800,营口市,,,210800,营口市,prefecture,unique_canonical_name_under_mapped_parent,
152322,内蒙古自治区,哲里木盟,科尔沁左翼中旗,1743,historical_mapped,historical_crosswalk,90,150000,内蒙古自治区,150500,通辽市,150521,科尔沁左翼中旗,150500,通辽市,prefecture,unique_exact_name,
310223,上海市,上海市,宝山县,1741,historical_mapped,historical_crosswalk,85,310000,上海市,,,310113,宝山区,310000,上海市,municipality,unique_canonical_name,
370826,山东省,济宁市,微山县,1740,current,current_code,100,370000,山东省,370800,济宁市,370826,微山县,370800,济宁市,prefecture,current_code,
420683,湖北省,襄阳市,枣阳市,1740,current,current_code,100,420000,湖北省,420600,襄阳市,420683,枣阳市,420600,襄阳市,prefecture,current_code,
350303,福建省,莆田市,涵江区,1737,current,current_code,100,350000,福建省,350300,莆田市,350303,涵江区,350300,莆田市,prefecture,current_code,
430624,湖南省,岳阳市,湘阴县,1737,current,current_code,100,430000,湖南省,430600,岳阳市,430624,湘阴县,430600,岳阳市,prefecture,current_code,
332521,浙江省,丽水地区,丽水县,1736,ambiguous,historical_crosswalk,100,,,,,,,,,,historical_code_reused,331100
500226,重庆市,重庆市,荣昌县,1736,historical_mapped,historical_crosswalk,85,500000,重庆市,,,500153,荣昌区,500000,重庆市,municipality,unique_canonical_name,
341203,安徽省,阜阳市,颍东区,1726,current,current_code,100,340000,安徽省,341200,阜阳市,341203,颍东区,341200,阜阳市,prefecture,current_code,
222426,吉林省,延边朝鲜族自治州,安图县,1722,current,current_code,100,220000,吉林省,222400,延边朝鲜族自治州,222426,安图县,222400,延边朝鲜族自治州,prefecture,current_code,
370725,山东省,潍坊市,昌乐县,1722,current,current_code,100,370000,山东省,370700,潍坊市,370725,昌乐县,370700,潍坊市,prefecture,current_code,
340221,安徽省,芜湖市,芜湖县,1720,partial,historical_crosswalk,85,340000,安徽省,340200,芜湖市,,,340200,芜湖市,prefecture,unique_canonical_name_under_mapped_parent,
610431,陕西省,咸阳市,武功县,1717,current,current_code,100,610000,陕西省,610400,咸阳市,610431,武功县,610400,咸阳市,prefecture,current_code,
130602,河北省,保定市,竞秀区,1715,current,current_code,100,130000,河北省,130600,保定市,130602,竞秀区,130600,保定市,prefecture,current_code,
222405,吉林省,延边朝鲜族自治州,龙井市,1715,current,current_code,100,220000,吉林省,222400,延边朝鲜族自治州,222405,龙井市,222400,延边朝鲜族自治州,prefecture,current_code,
372924,山东省,菏泽地区,成武县,1714,historical_mapped,historical_crosswalk,90,370000,山东省,371700,菏泽市,371723,成武县,371700,菏泽市,prefecture,unique_exact_name_under_mapped_parent,
130503,河北省,邢台市,信都区,1711,current,current_code,100,130000,河北省,130500,邢台市,130503,信都区,130500,邢台市,prefecture,current_code,
513621,四川省,广安地区,岳池县,1708,historical_mapped,historical_crosswalk,90,510000,四川省,511600,广安市,511621,岳池县,511600,广安市,prefecture,unique_exact_name_under_mapped_parent,
130226,河北省,唐山市,迁安县,1707,ambiguous,historical_crosswalk,100,,,,,,,,,,historical_code_reused,130283
412322,河南省,商丘地区,商丘县,1707,partial,historical_crosswalk,85,410000,河南省,411400,商丘市,,,411400,商丘市,prefecture,unique_canonical_name_under_mapped_parent,
370102,山东省,济南市,历下区,1705,current,current_code,100,370000,山东省,370100,济南市,370102,历下区,370100,济南市,prefecture,current_code,
533221,云南省,丽江地区,丽江纳西族自治县,1702,partial,historical_crosswalk,70,530000,云南省,530700,丽江市,,,530700,丽江市,prefecture,mapped_parent_only,
130227,河北省,唐山市,迁西县,1700,current,current_code,100,130000,河北省,130200,唐山市,130227,迁西县,130200,唐山市,prefecture,current_code,
532501,云南省,红河哈尼族彝族自治州,个旧市,1700,current,current_code,100,530000,云南省,532500,红河哈尼族彝族自治州,532501,个旧市,532500,红河哈尼族彝族自治州,prefecture,current_code,
350783,福建省,南平市,建瓯市,1698,current,current_code,100,350000,福建省,350700,南平市,350783,建瓯市,350700,南平市,prefecture,current_code,
341182,安徽省,滁州市,明光市,1697,current,current_code,100,340000,安徽省,341100,滁州市,341182,明光市,341100,滁州市,prefecture,current_code,
513522,四川省,黔江地区,秀山土家族苗族自治县,1695,ambiguous,historical_crosswalk,100,,,,,,,,,,cross_province_exact_name_requires_review,
411024,河南省,许昌市,鄢陵县,1693,current,current_code,100,410000,河南省,411000,许昌市,411024,鄢陵县,411000,许昌市,prefecture,current_code,
412826,河南省,驻马店地区,汝南县,1693,historical_mapped,historical_crosswalk,90,410000,河南省,411700,驻马店市,411727,汝南县,411700,驻马店市,prefecture,unique_exact_name_under_mapped_parent,
352625,福建省,龙岩地区,武平县,1692,ambiguous,historical_crosswalk,100,,,,,,,,,,historical_code_reused,350824
210323,辽宁省,鞍山市,岫岩满族自治县,1690,current,current_code,100,210000,辽宁省,210300,鞍山市,210323,岫岩满族自治县,210300,鞍山市,prefecture,current_code,
132401,河北省,保定地区,定州市,1689,ambiguous,historical_crosswalk,100,,,,,,,,,,historical_code_reused,130682
130402,河北省,邯郸市,邯山区,1687,current,current_code,100,130000,河北省,130400,邯郸市,130402,邯山区,130400,邯郸市,prefecture,current_code,
110105,北京市,北京市,朝阳区,1685,current,current_code,100,110000,北京市,,,110105,朝阳区,110000,北京市,municipality,current_code,
132903,河北省,沧州地区,任丘市,1682,ambiguous,historical_crosswalk,100,,,,,,,,,,historical_code_reused,130982
410102,河南省,郑州市,中原区,1682,current,current_code,100,410000,河南省,410100,郑州市,410102,中原区,410100,郑州市,prefecture,current_code,
532331,云南省,楚雄彝族自治州,禄丰县,1681,ambiguous,historical_crosswalk,100,,,,,,,,,,historical_code_reused,
530127,云南省,昆明市,嵩明县,1680,current,current_code,100,530000,云南省,530100,昆明市,530127,嵩明县,530100,昆明市,prefecture,current_code,
370303,山东省,淄博市,张店区,1679,current,current_code,100,370000,山东省,370300,淄博市,370303,张店区,370300,淄博市,prefecture,current_code,
410782,河南省,新乡市,辉县市,1678,current,current_code,100,410000,河南省,410700,新乡市,410782,辉县市,410700,新乡市,prefecture,current_code,
513424,四川省,凉山彝族自治州,德昌县,1677,current,current_code,100,510000,四川省,513400,凉山彝族自治州,513424,德昌县,513400,凉山彝族自治州,prefecture,current_code,
220222,吉林省,吉林市,舒兰县,1672,historical_mapped,historical_crosswalk,85,220000,吉林省,220200,吉林市,220283,舒兰市,220200,吉林市,prefecture,unique_canonical_name_under_mapped_parent,
411123,河南省,漯河市,郾城县,1672,historical_mapped,historical_crosswalk,85,410000,河南省,411100,漯河市,411103,郾城区,411100,漯河市,prefecture,unique_canonical_name_under_mapped_parent,
130106,河北省,石家庄市,郊区,1670,ambiguous,historical_crosswalk,100,,,,,,,,,,cross_province_exact_name_requires_review,
371321,山东省,临沂市,沂南县,1669,current,current_code,100,370000,山东省,371300,临沂市,371321,沂南县,371300,临沂市,prefecture,current_code,
420984,湖北省,孝感市,汉川市,1669,current,current_code,100,420000,湖北省,420900,孝感市,420984,汉川市,420900,孝感市,prefecture,current_code,
342523,安徽省,宣城地区,广德县,1668,historical_mapped,historical_crosswalk,85,340000,安徽省,341800,宣城市,341882,广德市,341800,宣城市,prefecture,unique_canonical_name_under_mapped_parent,
130202,河北省,唐山市,路南区,1667,current,current_code,100,130000,河北省,130200,唐山市,130202,路南区,130200,唐山市,prefecture,current_code,
610322,陕西省,宝鸡市,凤翔县,1667,ambiguous,historical_crosswalk,100,,,,,,,,,,historical_code_reused,
610323,陕西省,宝鸡市,岐山县,1667,current,current_code,100,610000,陕西省,610300,宝鸡市,610323,岐山县,610300,宝鸡市,prefecture,current_code,
130104,河北省,石家庄市,桥西区,1666,current,current_code,100,130000,河北省,130100,石家庄市,130104,桥西区,130100,石家庄市,prefecture,current_code,
372501,山东省,聊城地区,聊城市,1666,partial,historical_crosswalk,90,370000,山东省,371500,聊城市,,,371500,聊城市,prefecture,unique_exact_name_under_mapped_parent,
411524,河南省,信阳市,商城县,1666,current,current_code,100,410000,河南省,411500,信阳市,411524,商城县,411500,信阳市,prefecture,current_code,
150204,内蒙古自治区,包头市,青山区,1665,current,current_code,100,150000,内蒙古自治区,150200,包头市,150204,青山区,150200,包头市,prefecture,current_code,
612301,陕西省,汉中地区,汉中市,1663,partial,historical_crosswalk,90,610000,陕西省,610700,汉中市,,,610700,汉中市,prefecture,unique_exact_name_under_mapped_parent,
410426,河南省,平顶山市,襄城县,1662,historical_mapped,historical_crosswalk,90,410000,河南省,411000,许昌市,411025,襄城县,411000,许昌市,prefecture,unique_exact_name,
130625,河北省,保定市,徐水县,1658,historical_mapped,historical_crosswalk,85,130000,河北省,130600,保定市,130609,徐水区,130600,保定市,prefecture,unique_canonical_name_under_mapped_parent,
220382,吉林省,四平市,双辽市,1657,current,current_code,100,220000,吉林省,220300,四平市,220382,双辽市,220300,四平市,prefecture,current_code,
150429,内蒙古自治区,赤峰市,宁城县,1652,current,current_code,100,150000,内蒙古自治区,150400,赤峰市,150429,宁城县,150400,赤峰市,prefecture,current_code,
412824,河南省,驻马店地区,西平县,1652,historical_mapped,historical_crosswalk,90,410000,河南省,411700,驻马店市,411721,西平县,411700,驻马店市,prefecture,unique_exact_name_under_mapped_parent,
362423,江西省,吉安地区,峡江县,1649,ambiguous,historical_crosswalk,100,,,,,,,,,,historical_code_reused,360823
410725,河南省,新乡市,原阳县,1646,current,current_code,100,410000,河南省,410700,新乡市,410725,原阳县,410700,新乡市,prefecture,current_code,
513126,四川省,雅安地区,天全县,1640,ambiguous,historical_crosswalk,100,,,,,,,,,,historical_code_reused,511825
210421,辽宁省,抚顺市,抚顺县,1635,current,current_code,100,210000,辽宁省,210400,抚顺市,210421,抚顺县,210400,抚顺市,prefecture,current_code,
140202,山西省,大同市,城区,1634,ambiguous,historical_crosswalk,100,,,,,,,,,,multiple_exact_name_targets,140302;140502
142431,山西省,晋中地区,平遥县,1633,ambiguous,historical_crosswalk,100,,,,,,,,,,historical_code_reused,140728
211319,辽宁省,朝阳市,北票市,1632,historical_mapped,historical_crosswalk,90,210000,辽宁省,211300,朝阳市,211381,北票市,211300,朝阳市,prefecture,unique_exact_name_under_mapped_parent,
620422,甘肃省,白银市,会宁县,1632,current,current_code,100,620000,甘肃省,620400,白银市,620422,会宁县,620400,白银市,prefecture,current_code,
332502,浙江省,丽水地区,龙泉市,1629,ambiguous,historical_crosswalk,100,,,,,,,,,,historical_code_reused,331181
372328,山东省,滨州地区,博兴县,1629,historical_mapped,historical_crosswalk,90,370000,山东省,371600,滨州市,371625,博兴县,371600,滨州市,prefecture,unique_exact_name,
411528,河南省,信阳市,息县,1628,current,current_code,100,410000,河南省,411500,信阳市,411528,息县,411500,信阳市,prefecture,current_code,
412327,河南省,商丘地区,柘城县,1626,historical_mapped,historical_crosswalk,90,410000,河南省,411400,商丘市,411424,柘城县,411400,商丘市,prefecture,unique_exact_name_under_mapped_parent,
430103,湖南省,长沙市,天心区,1625,current,current_code,100,430000,湖南省,430100,长沙市,430103,天心区,430100,长沙市,prefecture,current_code,
510283,四川省,重庆市,江津市,1624,historical_mapped,historical_crosswalk,85,500000,重庆市,,,500116,江津区,500000,重庆市,municipality,unique_canonical_name_under_mapped_parent,
430602,湖南省,岳阳市,岳阳楼区,1623,current,current_code,100,430000,湖南省,430600,岳阳市,430602,岳阳楼区,430600,岳阳市,prefecture,current_code,
372823,山东省,临沂地区,苍山县,1620,partial,historical_crosswalk,70,370000,山东省,371300,临沂市,,,371300,临沂市,prefecture,mapped_parent_only,
420881,湖北省,荆门市,钟祥市,1616,current,current_code,100,420000,湖北省,420800,荆门市,420881,钟祥市,420800,荆门市,prefecture,current_code,
413024,河南省,信阳地区,潢川县,1615,historical_mapped,historical_crosswalk,90,410000,河南省,411500,信阳市,411526,潢川县,411500,信阳市,prefecture,unique_exact_name_under_mapped_parent,
220112,吉林省,长春市,双阳区,1606,current,current_code,100,220000,吉林省,220100,长春市,220112,双阳区,220100,长春市,prefecture,current_code,
362127,江西省,赣州地区,安远县,1602,ambiguous,historical_crosswalk,100,,,,,,,,,,historical_code_reused,360726
220324,吉林省,四平市,双辽县,1598,historical_mapped,historical_crosswalk,85,220000,吉林省,220300,四平市,220382,双辽市,220300,四平市,prefecture,unique_canonical_name_under_mapped_parent,
372923,山东省,菏泽地区,定陶县,1598,historical_mapped,historical_crosswalk,85,370000,山东省,371700,菏泽市,371703,定陶区,371700,菏泽市,prefecture,unique_canonical_name_under_mapped_parent,
410425,河南省,平顶山市,郏县,1598,current,current_code,100,410000,河南省,410400,平顶山市,410425,郏县,410400,平顶山市,prefecture,current_code,
430623,湖南省,岳阳市,华容县,1597,current,current_code,100,430000,湖南省,430600,岳阳市,430623,华容县,430600,岳阳市,prefecture,current_code,
440923,广东省,茂名市,电白县,1595,historical_mapped,historical_crosswalk,85,440000,广东省,440900,茂名市,440904,电白区,440900,茂名市,prefecture,unique_canonical_name_under_mapped_parent,
342427,安徽省,六安地区,霍山县,1594,historical_mapped,historical_crosswalk,90,340000,安徽省,341500,六安市,341525,霍山县,341500,六安市,prefecture,unique_exact_name_under_mapped_parent,
411527,河南省,信阳市,淮滨县,1594,current,current_code,100,410000,河南省,411500,信阳市,411527,淮滨县,411500,信阳市,prefecture,current_code,
352229,福建省,宁德地区,寿宁县,1593,ambiguous,historical_crosswalk,100,,,,,,,,,,historical_code_reused,350924
411023,河南省,许昌市,许昌县,1592,partial,historical_crosswalk,85,410000,河南省,411000,许昌市,,,411000,许昌市,prefecture,unique_canonical_name_under_mapped_parent,
513123,四川省,雅安地区,荥经县,1592,ambiguous,historical_crosswalk,100,,,,,,,,,,historical_code_reused,511822
421123,湖北省,黄冈市,罗田县,1591,current,current_code,100,420000,湖北省,421100,黄冈市,421123,罗田县,421100,黄冈市,prefecture,current_code,
130281,河北省,唐山市,遵化市,1590,current,current_code,100,130000,河北省,130200,唐山市,130281,遵化市,130200,唐山市,prefecture,current_code,
370305,山东省,淄博市,临淄区,1590,current,current_code,100,370000,山东省,370300,淄博市,370305,临淄区,370300,淄博市,prefecture,current_code,
610112,陕西省,西安市,未央区,1588,current,current_code,100,610000,陕西省,610100,西安市,610112,未央区,610100,西安市,prefecture,current_code,
120104,天津市,天津市,南开区,1587,current,current_code,100,120000,天津市,,,120104,南开区,120000,天津市,municipality,current_code,
350622,福建省,漳州市,云霄县,1584,current,current_code,100,350000,福建省,350600,漳州市,350622,云霄县,350600,漳州市,prefecture,current_code,
130628,河北省,保定市,高阳县,1581,current,current_code,100,130000,河北省,130600,保定市,130628,高阳县,130600,保定市,prefecture,current_code,
422201,湖北省,孝感地区,孝感市,1575,partial,historical_crosswalk,90,420000,湖北省,420900,孝感市,,,420900,孝感市,prefecture,unique_exact_name_under_mapped_parent,
410181,河南省,郑州市,巩义市,1572,current,current_code,100,410000,河南省,410100,郑州市,410181,巩义市,410100,郑州市,prefecture,current_code,
610101,陕西省,西安市,,1572,partial,current_parent_code,60,610000,陕西省,610100,西安市,,,610100,西安市,prefecture,current_parent_code,
120222,天津市,天津市,武清县,1569,historical_mapped,historical_crosswalk,85,120000,天津市,,,120114,武清区,120000,天津市,municipality,unique_canonical_name,
430723,湖南省,常德市,澧县,1569,current,current_code,100,430000,湖南省,430700,常德市,430723,澧县,430700,常德市,prefecture,current_code,
410327,河南省,洛阳市,宜阳县,1567,current,current_code,100,410000,河南省,410300,洛阳市,410327,宜阳县,410300,洛阳市,prefecture,current_code,
130681,河北省,保定市,涿州市,1566,current,current_code,100,130000,河北省,130600,保定市,130681,涿州市,130600,保定市,prefecture,current_code,
152201,内蒙古自治区,兴安盟,乌兰浩特市,1566,current,current_code,100,150000,内蒙古自治区,152200,兴安盟,152201,乌兰浩特市,152200,兴安盟,prefecture,current_code,
130821,河北省,承德市,承德县,1565,current,current_code,100,130000,河北省,130800,承德市,130821,承德县,130800,承德市,prefecture,current_code,
370282,山东省,青岛市,即墨市,1565,historical_mapped,historical_crosswalk,85,370000,山东省,370200,青岛市,370215,即墨区,370200,青岛市,prefecture,unique_canonical_name_under_mapped_parent,
410823,河南省,焦作市,武陟县,1565,current,current_code,100,410000,河南省,410800,焦作市,410823,武陟县,410800,焦作市,prefecture,current_code,
220723,吉林省,松原市,乾安县,1563,current,current_code,100,220000,吉林省,220700,松原市,220723,乾安县,220700,松原市,prefecture,current_code,
362124,江西省,赣州地区,大余县,1563,ambiguous,historical_crosswalk,100,,,,,,,,,,historical_code_reused,360723
500109,重庆市,重庆市,北碚区,1563,current,current_code,100,500000,重庆市,,,500109,北碚区,500000,重庆市,municipality,current_code,
500105,重庆市,重庆市,江北区,1562,historical_mapped,historical_crosswalk,100,500000,重庆市,,,500157,两江新区,500000,重庆市,municipality,reviewed_2025_liangjiang_adjustment,
210711,辽宁省,锦州市,太和区,1561,current,current_code,100,210000,辽宁省,210700,锦州市,210711,太和区,210700,锦州市,prefecture,current_code,
430424,湖南省,衡阳市,衡东县,1560,current,current_code,100,430000,湖南省,430400,衡阳市,430424,衡东县,430400,衡阳市,prefecture,current_code,
410329,河南省,洛阳市,伊川县,1558,current,current_code,100,410000,河南省,410300,洛阳市,410329,伊川县,410300,洛阳市,prefecture,current_code,
350722,福建省,南平市,浦城县,1557,current,current_code,100,350000,福建省,350700,南平市,350722,浦城县,350700,南平市,prefecture,current_code,
350821,福建省,龙岩市,长汀县,1556,current,current_code,100,350000,福建省,350800,龙岩市,350821,长汀县,350800,龙岩市,prefecture,current_code,
530125,云南省,昆明市,宜良县,1555,current,current_code,100,530000,云南省,530100,昆明市,530125,宜良县,530100,昆明市,prefecture,current_code,
210621,辽宁省,丹东市,凤城满族自治县,1553,ambiguous,historical_crosswalk,100,,,,,,,,,,historical_code_reused,
321022,江苏省,扬州市,高邮县,1553,historical_mapped,historical_crosswalk,85,320000,江苏省,321000,扬州市,321084,高邮市,321000,扬州市,prefecture,unique_canonical_name_under_mapped_parent,
210804,辽宁省,营口市,鲅鱼圈区,1551,current,current_code,100,210000,辽宁省,210800,营口市,210804,鲅鱼圈区,210800,营口市,prefecture,current_code,
620503,甘肃省,天水市,麦积区,1549,current,current_code,100,620000,甘肃省,620500,天水市,620503,麦积区,620500,天水市,prefecture,current_code,
500230,重庆市,重庆市,丰都县,1547,current,current_code,100,500000,重庆市,,,500230,丰都县,500000,重庆市,municipality,current_code,
210622,辽宁省,丹东市,岫岩满族自治县,1545,ambiguous,historical_crosswalk,100,,,,,,,,,,historical_code_reused,210323
532621,云南省,文山壮族苗族自治州,文山县,1543,historical_mapped,historical_crosswalk,85,530000,云南省,532600,文山壮族苗族自治州,532601,文山市,532600,文山壮族苗族自治州,prefecture,unique_canonical_name_under_mapped_parent,
430621,湖南省,岳阳市,岳阳县,1541,current,current_code,100,430000,湖南省,430600,岳阳市,430621,岳阳县,430600,岳阳市,prefecture,current_code,
430903,湖南省,益阳市,赫山区,1541,current,current_code,100,430000,湖南省,430900,益阳市,430903,赫山区,430900,益阳市,prefecture,current_code,
350702,福建省,南平市,延平区,1538,current,current_code,100,350000,福建省,350700,南平市,350702,延平区,350700,南平市,prefecture,current_code,
510127,四川省,成都市,灌县,1535,partial,historical_crosswalk,70,510000,四川省,510100,成都市,,,510100,成都市,prefecture,mapped_parent_only,
522422,贵州省,毕节地区,大方县,1535,historical_mapped,historical_crosswalk,90,520000,贵州省,520500,毕节市,520521,大方县,520500,毕节市,prefecture,unique_exact_name_under_mapped_parent,
142401,山西省,晋中地区,榆次市,1534,historical_mapped,historical_crosswalk,85,140000,山西省,140700,晋中市,140702,榆次区,140700,晋中市,prefecture,unique_canonical_name,
342101,安徽省,阜阳地区,阜阳市,1533,partial,historical_crosswalk,90,340000,安徽省,341200,阜阳市,,,341200,阜阳市,prefecture,unique_exact_name_under_mapped_parent,
432824,湖南省,郴州地区,宜章县,1532,historical_mapped,historical_crosswalk,90,430000,湖南省,431000,郴州市,431022,宜章县,431000,郴州市,prefecture,unique_exact_name_under_mapped_parent,
220521,吉林省,通化市,通化县,1527,current,current_code,100,220000,吉林省,220500,通化市,220521,通化县,220500,通化市,prefecture,current_code,
431081,湖南省,郴州市,资兴市,1527,current,current_code,100,430000,湖南省,431000,郴州市,431081,资兴市,431000,郴州市,prefecture,current_code,
131022,河北省,廊坊市,固安县,1522,current,current_code,100,130000,河北省,131000,廊坊市,131022,固安县,131000,廊坊市,prefecture,current_code,
410184,河南省,郑州市,新郑市,1522,current,current_code,100,410000,河南省,410100,郑州市,410184,新郑市,410100,郑州市,prefecture,current_code,
152326,内蒙古自治区,哲里木盟,奈曼旗,1517,historical_mapped,historical_crosswalk,90,150000,内蒙古自治区,150500,通辽市,150525,奈曼旗,150500,通辽市,prefecture,unique_exact_name,
610425,陕西省,咸阳市,礼泉县,1517,current,current_code,100,610000,陕西省,610400,咸阳市,610425,礼泉县,610400,咸阳市,prefecture,current_code,
511522,四川省,宜宾市,南溪县,1516,historical_mapped,historical_crosswalk,85,510000,四川省,511500,宜宾市,511503,南溪区,511500,宜宾市,prefecture,unique_canonical_name_under_mapped_parent,
342522,安徽省,宣城地区,郎溪县,1514,historical_mapped,historical_crosswalk,90,340000,安徽省,341800,宣城市,341821,郎溪县,341800,宣城市,prefecture,unique_exact_name_under_mapped_parent,
520102,贵州省,贵阳市,南明区,1513,current,current_code,100,520000,贵州省,520100,贵阳市,520102,南明区,520100,贵阳市,prefecture,current_code,
120225,天津市,天津市,蓟县,1512,historical_mapped,historical_crosswalk,95,120000,天津市,,,120119,蓟州区,120000,天津市,municipality,reviewed_override,
210803,辽宁省,营口市,西市区,1511,current,current_code,100,210000,辽宁省,210800,营口市,210803,西市区,210800,营口市,prefecture,current_code,
532627,云南省,文山壮族苗族自治州,广南县,1511,current,current_code,100,530000,云南省,532600,文山壮族苗族自治州,532627,广南县,532600,文山壮族苗族自治州,prefecture,current_code,
130582,河北省,邢台市,沙河市,1509,current,current_code,100,130000,河北省,130500,邢台市,130582,沙河市,130500,邢台市,prefecture,current_code,
131127,河北省,衡水市,景县,1509,current,current_code,100,130000,河北省,131100,衡水市,131127,景县,131100,衡水市,prefecture,current_code,
222301,吉林省,白城地区,白城市,1508,partial,historical_crosswalk,90,220000,吉林省,220800,白城市,,,220800,白城市,prefecture,unique_exact_name_under_mapped_parent,
130133,河北省,石家庄市,赵县,1507,current,current_code,100,130000,河北省,130100,石家庄市,130133,赵县,130100,石家庄市,prefecture,current_code,
350205,福建省,厦门市,海沧区,1507,current,current_code,100,350000,福建省,350200,厦门市,350205,海沧区,350200,厦门市,prefecture,current_code,
532526,云南省,红河哈尼族彝族自治州,弥勒县,1506,historical_mapped,historical_crosswalk,85,530000,云南省,532500,红河哈尼族彝族自治州,532504,弥勒市,532500,红河哈尼族彝族自治州,prefecture,unique_canonical_name_under_mapped_parent,
370402,山东省,枣庄市,市中区,1505,current,current_code,100,370000,山东省,370400,枣庄市,370402,市中区,370400,枣庄市,prefecture,current_code,
132829,河北省,廊坊地区,大城县,1503,historical_mapped,historical_crosswalk,90,130000,河北省,131000,廊坊市,131025,大城县,131000,廊坊市,prefecture,unique_exact_name_under_mapped_parent,
362128,江西省,赣州地区,龙南县,1501,ambiguous,historical_crosswalk,100,,,,,,,,,,historical_code_reused,360783
510216,四川省,重庆市,万盛区,1501,ambiguous,historical_crosswalk,100,,,,,,,,,,historical_code_reused,
132828,河北省,廊坊地区,文安县,1498,historical_mapped,historical_crosswalk,90,130000,河北省,131000,廊坊市,131026,文安县,131000,廊坊市,prefecture,unique_exact_name_under_mapped_parent,
152701,内蒙古自治区,伊克昭盟,东胜市,1497,historical_mapped,historical_crosswalk,85,150000,内蒙古自治区,150600,鄂尔多斯市,150602,东胜区,150600,鄂尔多斯市,prefecture,unique_canonical_name,
422801,湖北省,恩施土家族苗族自治州,恩施市,1497,current,current_code,100,420000,湖北省,422800,恩施土家族苗族自治州,422801,恩施市,422800,恩施土家族苗族自治州,prefecture,current_code,
610402,陕西省,咸阳市,秦都区,1497,current,current_code,100,610000,陕西省,610400,咸阳市,610402,秦都区,610400,咸阳市,prefecture,current_code,
620502,甘肃省,天水市,秦州区,1495,current,current_code,100,620000,甘肃省,620500,天水市,620502,秦州区,620500,天水市,prefecture,current_code,
513434,四川省,凉山彝族自治州,越西县,1492,current,current_code,100,510000,四川省,513400,凉山彝族自治州,513434,越西县,513400,凉山彝族自治州,prefecture,current_code,
130626,河北省,保定市,定兴县,1490,current,current_code,100,130000,河北省,130600,保定市,130626,定兴县,130600,保定市,prefecture,current_code,
341103,安徽省,滁州市,南谯区,1488,current,current_code,100,340000,安徽省,341100,滁州市,341103,南谯区,341100,滁州市,prefecture,current_code,
610423,陕西省,咸阳市,泾阳县,1488,current,current_code,100,610000,陕西省,610400,咸阳市,610423,泾阳县,610400,咸阳市,prefecture,current_code,
410621,河南省,鹤壁市,浚县,1486,current,current_code,100,410000,河南省,410600,鹤壁市,410621,浚县,410600,鹤壁市,prefecture,current_code,
421181,湖北省,黄冈市,麻城市,1486,current,current_code,100,420000,湖北省,421100,黄冈市,421181,麻城市,421100,黄冈市,prefecture,current_code,
513823,四川省,眉山地区,彭山县,1486,historical_mapped,historical_crosswalk,85,510000,四川省,511400,眉山市,511403,彭山区,511400,眉山市,prefecture,unique_canonical_name_under_mapped_parent,
211122,辽宁省,盘锦市,盘山县,1477,current,current_code,100,210000,辽宁省,211100,盘锦市,211122,盘山县,211100,盘锦市,prefecture,current_code,
370832,山东省,济宁市,梁山县,1477,current,current_code,100,370000,山东省,370800,济宁市,370832,梁山县,370800,济宁市,prefecture,current_code,
130532,河北省,邢台市,平乡县,1476,current,current_code,100,130000,河北省,130500,邢台市,130532,平乡县,130500,邢台市,prefecture,current_code,
372822,山东省,临沂地区,郯城县,1473,historical_mapped,historical_crosswalk,90,370000,山东省,371300,临沂市,371322,郯城县,371300,临沂市,prefecture,unique_exact_name_under_mapped_parent,
410222,河南省,开封市,通许县,1473,current,current_code,100,410000,河南省,410200,开封市,410222,通许县,410200,开封市,prefecture,current_code,
511081,四川省,内江市,资阳市,1473,partial,historical_crosswalk,90,510000,四川省,512000,资阳市,,,512000,资阳市,prefecture,unique_exact_name,
410881,河南省,焦作市,济源市,1471,historical_mapped,historical_crosswalk,90,410000,河南省,,,419001,济源市,419001,济源市,province_direct_county,unique_exact_name,
130222,河北省,唐山市,丰南县,1468,historical_mapped,historical_crosswalk,85,130000,河北省,130200,唐山市,130207,丰南区,130200,唐山市,prefecture,unique_canonical_name_under_mapped_parent,
150426,内蒙古自治区,赤峰市,翁牛特旗,1468,current,current_code,100,150000,内蒙古自治区,150400,赤峰市,150426,翁牛特旗,150400,赤峰市,prefecture,current_code,
370882,山东省,济宁市,兖州市,1467,historical_mapped,historical_crosswalk,85,370000,山东省,370800,济宁市,370812,兖州区,370800,济宁市,prefecture,unique_canonical_name_under_mapped_parent,
371312,山东省,临沂市,河东区,1466,current,current_code,100,370000,山东省,371300,临沂市,371312,河东区,371300,临沂市,prefecture,current_code,
510281,四川省,重庆市,永川市,1466,historical_mapped,historical_crosswalk,85,500000,重庆市,,,500118,永川区,500000,重庆市,municipality,unique_canonical_name_under_mapped_parent,
532527,云南省,红河哈尼族彝族自治州,泸西县,1466,current,current_code,100,530000,云南省,532500,红河哈尼族彝族自治州,532527,泸西县,532500,红河哈尼族彝族自治州,prefecture,current_code,
442000,广东省,中山市,中山市,1462,current,current_code,100,440000,广东省,442000,中山市,,,442000,中山市,prefecture,current_code,
510282,四川省,重庆市,合川市,1462,historical_mapped,historical_crosswalk,85,500000,重庆市,,,500117,合川区,500000,重庆市,municipality,unique_canonical_name_under_mapped_parent,
513223,四川省,阿坝藏族羌族自治州,茂县,1462,current,current_code,100,510000,四川省,513200,阿坝藏族羌族自治州,513223,茂县,513200,阿坝藏族羌族自治州,prefecture,current_code,
430224,湖南省,株洲市,茶陵县,1461,current,current_code,100,430000,湖南省,430200,株洲市,430224,茶陵县,430200,株洲市,prefecture,current_code,
370786,山东省,潍坊市,昌邑市,1452,current,current_code,100,370000,山东省,370700,潍坊市,370786,昌邑市,370700,潍坊市,prefecture,current_code,
512201,四川省,万县地区,万县市,1451,ambiguous,historical_crosswalk,100,,,,,,,,,,historical_code_reused,
342128,安徽省,阜阳地区,颍上县,1450,historical_mapped,historical_crosswalk,90,340000,安徽省,341200,阜阳市,341226,颍上县,341200,阜阳市,prefecture,unique_exact_name_under_mapped_parent,
350481,福建省,三明市,永安市,1449,current,current_code,100,350000,福建省,350400,三明市,350481,永安市,350400,三明市,prefecture,current_code,
432831,湖南省,郴州地区,安仁县,1449,historical_mapped,historical_crosswalk,90,430000,湖南省,431000,郴州市,431028,安仁县,431000,郴州市,prefecture,unique_exact_name_under_mapped_parent,
513523,四川省,黔江地区,黔江土家族苗族自治县,1448,unresolved,historical_crosswalk,0,,,,,,,,,,no_supported_successor,
652325,新疆维吾尔自治区,昌吉回族自治州,奇台县,1447,current,current_code,100,650000,新疆维吾尔自治区,652300,昌吉回族自治州,652325,奇台县,652300,昌吉回族自治州,prefecture,current_code,
211003,辽宁省,辽阳市,文圣区,1446,current,current_code,100,210000,辽宁省,211000,辽阳市,211003,文圣区,211000,辽阳市,prefecture,current_code,
332622,浙江省,台州地区,黄岩县,1446,ambiguous,historical_crosswalk,100,,,,,,,,,,historical_code_reused,331003
350203,福建省,厦门市,思明区,1445,current,current_code,100,350000,福建省,350200,厦门市,350203,思明区,350200,厦门市,prefecture,current_code,
532801,云南省,西双版纳傣族自治州,景洪市,1444,current,current_code,100,530000,云南省,532800,西双版纳傣族自治州,532801,景洪市,532800,西双版纳傣族自治州,prefecture,current_code,
500227,重庆市,重庆市,璧山县,1443,historical_mapped,historical_crosswalk,85,500000,重庆市,,,500120,璧山区,500000,重庆市,municipality,unique_canonical_name,
341202,安徽省,阜阳市,颍州区,1440,current,current_code,100,340000,安徽省,341200,阜阳市,341202,颍州区,341200,阜阳市,prefecture,current_code,
620421,甘肃省,白银市,靖远县,1440,current,current_code,100,620000,甘肃省,620400,白银市,620421,靖远县,620400,白银市,prefecture,current_code,
152601,内蒙古自治区,乌兰察布盟,集宁市,1436,ambiguous,historical_crosswalk,100,,,,,,,,,,historical_code_reused,150902
370802,山东省,济宁市,市中区,1436,ambiguous,historical_crosswalk,100,,,,,,,,,,multiple_exact_name_targets,370103;370402
410527,河南省,安阳市,内黄县,1436,current,current_code,100,410000,河南省,410500,安阳市,410527,内黄县,410500,安阳市,prefecture,current_code,
130205,河北省,唐山市,开平区,1435,current,current_code,100,130000,河北省,130200,唐山市,130205,开平区,130200,唐山市,prefecture,current_code,
371082,山东省,威海市,荣成市,1435,current,current_code,100,370000,山东省,371000,威海市,371082,荣成市,371000,威海市,prefecture,current_code,
612724,陕西省,榆林地区,横山县,1433,historical_mapped,historical_crosswalk,85,610000,陕西省,610800,榆林市,610803,横山区,610800,榆林市,prefecture,unique_canonical_name_under_mapped_parent,
622201,甘肃省,张掖地区,张掖市,1432,partial,historical_crosswalk,90,620000,甘肃省,620700,张掖市,,,620700,张掖市,prefecture,unique_exact_name_under_mapped_parent,
130282,河北省,唐山市,丰南市,1431,historical_mapped,historical_crosswalk,85,130000,河北省,130200,唐山市,130207,丰南区,130200,唐山市,prefecture,unique_canonical_name_under_mapped_parent,
510682,四川省,德阳市,什邡市,1430,current,current_code,100,510000,四川省,510600,德阳市,510682,什邡市,510600,德阳市,prefecture,current_code,
513824,四川省,眉山地区,洪雅县,1427,historical_mapped,historical_crosswalk,90,510000,四川省,511400,眉山市,511423,洪雅县,511400,眉山市,prefecture,unique_exact_name_under_mapped_parent,
520103,贵州省,贵阳市,云岩区,1427,current,current_code,100,520000,贵州省,520100,贵阳市,520103,云岩区,520100,贵阳市,prefecture,current_code,
622727,甘肃省,平凉地区,静宁县,1427,historical_mapped,historical_crosswalk,90,620000,甘肃省,620800,平凉市,620826,静宁县,620800,平凉市,prefecture,unique_exact_name_under_mapped_parent,
362137,江西省,赣州地区,石城县,1426,historical_mapped,historical_crosswalk,90,360000,江西省,360700,赣州市,360735,石城县,360700,赣州市,prefecture,unique_exact_name,
511130,四川省,乐山市,青神县,1426,historical_mapped,historical_crosswalk,90,510000,四川省,511400,眉山市,511425,青神县,511400,眉山市,prefecture,unique_exact_name,
530121,云南省,昆明市,呈贡县,1426,ambiguous,historical_crosswalk,100,,,,,,,,,,historical_code_reused,530114
142724,山西省,运城地区,临猗县,1423,ambiguous,historical_crosswalk,100,,,,,,,,,,historical_code_reused,140821
342823,安徽省,安庆地区,枞阳县,1423,historical_mapped,historical_crosswalk,90,340000,安徽省,340700,铜陵市,340722,枞阳县,340700,铜陵市,prefecture,unique_exact_name,
210503,辽宁省,本溪市,溪湖区,1422,current,current_code,100,210000,辽宁省,210500,本溪市,210503,溪湖区,210500,本溪市,prefecture,current_code,
211323,辽宁省,朝阳市,凌源县,1421,historical_mapped,historical_crosswalk,85,210000,辽宁省,211300,朝阳市,211382,凌源市,211300,朝阳市,prefecture,unique_canonical_name_under_mapped_parent,
360105,江西省,南昌市,湾里区,1420,partial,historical_crosswalk,70,360000,江西省,360100,南昌市,,,360100,南昌市,prefecture,mapped_parent_only,
440105,广东省,广州市,海珠区,1416,current,current_code,100,440000,广东省,440100,广州市,440105,海珠区,440100,广州市,prefecture,current_code,
150103,内蒙古自治区,呼和浩特市,回民区,1414,current,current_code,100,150000,内蒙古自治区,150100,呼和浩特市,150103,回民区,150100,呼和浩特市,prefecture,current_code,
532126,云南省,昭通地区,永善县,1410,historical_mapped,historical_crosswalk,90,530000,云南省,530600,昭通市,530625,永善县,530600,昭通市,prefecture,unique_exact_name_under_mapped_parent,
513125,四川省,雅安地区,石棉县,1409,ambiguous,historical_crosswalk,100,,,,,,,,,,historical_code_reused,511824
132229,河北省,邢台地区,宁晋县,1408,historical_mapped,historical_crosswalk,90,130000,河北省,130500,邢台市,130528,宁晋县,130500,邢台市,prefecture,unique_exact_name_under_mapped_parent,
432821,湖南省,郴州地区,郴县,1408,partial,historical_crosswalk,70,430000,湖南省,431000,郴州市,,,431000,郴州市,prefecture,mapped_parent_only,
150221,内蒙古自治区,包头市,土默特右旗,1406,current,current_code,100,150000,内蒙古自治区,150200,包头市,150221,土默特右旗,150200,包头市,prefecture,current_code,
220284,吉林省,吉林市,磐石市,1404,current,current_code,100,220000,吉林省,220200,吉林市,220284,磐石市,220200,吉林市,prefecture,current_code,
352228,福建省,宁德地区,屏南县,1404,ambiguous,historical_crosswalk,100,,,,,,,,,,historical_code_reused,350923
132930,河北省,沧州地区,黄骅县,1403,historical_mapped,historical_crosswalk,85,130000,河北省,130900,沧州市,130983,黄骅市,130900,沧州市,prefecture,unique_canonical_name_under_mapped_parent,
130529,河北省,邢台市,巨鹿县,1401,current,current_code,100,130000,河北省,130500,邢台市,130529,巨鹿县,130500,邢台市,prefecture,current_code,
440106,广东省,广州市,天河区,1400,current,current_code,100,440000,广东省,440100,广州市,440106,天河区,440100,广州市,prefecture,current_code,
620523,甘肃省,天水市,甘谷县,1399,current,current_code,100,620000,甘肃省,620500,天水市,620523,甘谷县,620500,天水市,prefecture,current_code,
411324,河南省,南阳市,镇平县,1398,current,current_code,100,410000,河南省,411300,南阳市,411324,镇平县,411300,南阳市,prefecture,current_code,
130525,河北省,邢台市,隆尧县,1396,current,current_code,100,130000,河北省,130500,邢台市,130525,隆尧县,130500,邢台市,prefecture,current_code,
371081,山东省,威海市,文登市,1395,historical_mapped,historical_crosswalk,85,370000,山东省,371000,威海市,371003,文登区,371000,威海市,prefecture,unique_canonical_name_under_mapped_parent,
130502,河北省,邢台市,襄都区,1394,current,current_code,100,130000,河北省,130500,邢台市,130502,襄都区,130500,邢台市,prefecture,current_code,
511524,四川省,宜宾市,长宁县,1391,current,current_code,100,510000,四川省,511500,宜宾市,511524,长宁县,511500,宜宾市,prefecture,current_code,
150121,内蒙古自治区,呼和浩特市,土默特左旗,1389,current,current_code,100,150000,内蒙古自治区,150100,呼和浩特市,150121,土默特左旗,150100,呼和浩特市,prefecture,current_code,
512535,四川省,宜宾地区,屏山县,1383,historical_mapped,historical_crosswalk,90,510000,四川省,511500,宜宾市,511529,屏山县,511500,宜宾市,prefecture,unique_exact_name,
532401,云南省,玉溪地区,玉溪市,1383,partial,historical_crosswalk,90,530000,云南省,530400,玉溪市,,,530400,玉溪市,prefecture,unique_exact_name_under_mapped_parent,
130424,河北省,邯郸市,成安县,1382,current,current_code,100,130000,河北省,130400,邯郸市,130424,成安县,130400,邯郸市,prefecture,current_code,
513623,四川省,广安地区,武胜县,1381,historical_mapped,historical_crosswalk,90,510000,四川省,511600,广安市,511622,武胜县,511600,广安市,prefecture,unique_exact_name_under_mapped_parent,
140102,山西省,太原市,南城区,1378,ambiguous,historical_crosswalk,100,,,,,,,,,,cross_province_canonical_name_requires_review,
210682,辽宁省,丹东市,凤城市,1378,current,current_code,100,210000,辽宁省,210600,丹东市,210682,凤城市,210600,丹东市,prefecture,current_code,
430682,湖南省,岳阳市,临湘市,1378,current,current_code,100,430000,湖南省,430600,岳阳市,430682,临湘市,430600,岳阳市,prefecture,current_code,
522501,贵州省,安顺地区,安顺市,1378,partial,historical_crosswalk,90,520000,贵州省,520400,安顺市,,,520400,安顺市,prefecture,unique_exact_name_under_mapped_parent,
610302,陕西省,宝鸡市,渭滨区,1378,current,current_code,100,610000,陕西省,610300,宝鸡市,610302,渭滨区,610300,宝鸡市,prefecture,current_code,
610126,陕西省,西安市,高陵县,1377,historical_mapped,historical_crosswalk,85,610000,陕西省,610100,西安市,610117,高陵区,610100,西安市,prefecture,unique_canonical_name_under_mapped_parent,
152104,内蒙古自治区,呼伦贝尔盟,牙克石市,1376,historical_mapped,historical_crosswalk,90,150000,内蒙古自治区,150700,呼伦贝尔市,150782,牙克石市,150700,呼伦贝尔市,prefecture,unique_exact_name_under_mapped_parent,
340104,安徽省,合肥市,蜀山区,1376,current,current_code,100,340000,安徽省,340100,合肥市,340104,蜀山区,340100,合肥市,prefecture,current_code,
522122,贵州省,遵义地区,桐梓县,1375,historical_mapped,historical_crosswalk,90,520000,贵州省,520300,遵义市,520322,桐梓县,520300,遵义市,prefecture,unique_exact_name_under_mapped_parent,
341102,安徽省,滁州市,琅琊区,1374,current,current_code,100,340000,安徽省,341100,滁州市,341102,琅琊区,341100,滁州市,prefecture,current_code,
410381,河南省,洛阳市,偃师市,1374,ambiguous,historical_crosswalk,100,,,,,,,,,,historical_code_reused,
142725,山西省,运城地区,万荣县,1373,ambiguous,historical_crosswalk,100,,,,,,,,,,historical_code_reused,140822
142201,山西省,忻州地区,忻州市,1372,partial,historical_crosswalk,90,140000,山西省,140900,忻州市,,,140900,忻州市,prefecture,unique_exact_name,
350626,福建省,漳州市,东山县,1372,current,current_code,100,350000,福建省,350600,漳州市,350626,东山县,350600,漳州市,prefecture,current_code,
511202,四川省,万县市,龙宝区,1371,partial,historical_crosswalk,70,510000,四川省,,,,,,,,mapped_parent_only,
321020,江苏省,扬州市,,1370,partial,current_parent_code,60,320000,江苏省,321000,扬州市,,,321000,扬州市,prefecture,current_parent_code,
421083,湖北省,荆州市,洪湖市,1370,current,current_code,100,420000,湖北省,421000,荆州市,421083,洪湖市,421000,荆州市,prefecture,current_code,
421182,湖北省,黄冈市,武穴市,1367,current,current_code,100,420000,湖北省,421100,黄冈市,421182,武穴市,421100,黄冈市,prefecture,current_code,
511526,四川省,宜宾市,珙县,1367,current,current_code,100,510000,四川省,511500,宜宾市,511526,珙县,511500,宜宾市,prefecture,current_code,
640102,宁夏回族自治区,银川市,城区,1367,ambiguous,historical_crosswalk,100,,,,,,,,,,cross_province_exact_name_requires_review,
421081,湖北省,荆州市,石首市,1366,current,current_code,100,420000,湖北省,421000,荆州市,421081,石首市,421000,荆州市,prefecture,current_code,
610114,陕西省,西安市,阎良区,1366,current,current_code,100,610000,陕西省,610100,西安市,610114,阎良区,610100,西安市,prefecture,current_code,
412823,河南省,驻马店地区,遂平县,1365,historical_mapped,historical_crosswalk,90,410000,河南省,411700,驻马店市,411728,遂平县,411700,驻马店市,prefecture,unique_exact_name_under_mapped_parent,
370284,山东省,青岛市,胶南市,1364,partial,historical_crosswalk,70,370000,山东省,370200,青岛市,,,370200,青岛市,prefecture,mapped_parent_only,
411303,河南省,南阳市,卧龙区,1361,current,current_code,100,410000,河南省,411300,南阳市,411303,卧龙区,411300,南阳市,prefecture,current_code,
500228,重庆市,重庆市,梁平县,1358,historical_mapped,historical_crosswalk,85,500000,重庆市,,,500155,梁平区,500000,重庆市,municipality,unique_canonical_name,
532123,云南省,昭通地区,巧家县,1352,historical_mapped,historical_crosswalk,90,530000,云南省,530600,昭通市,530622,巧家县,530600,昭通市,prefecture,unique_exact_name_under_mapped_parent,
410922,河南省,濮阳市,清丰县,1351,current,current_code,100,410000,河南省,410900,濮阳市,410922,清丰县,410900,濮阳市,prefecture,current_code,
532923,云南省,大理白族自治州,祥云县,1350,current,current_code,100,530000,云南省,532900,大理白族自治州,532923,祥云县,532900,大理白族自治州,prefecture,current_code,
222302,吉林省,白城地区,洮南市,1349,historical_mapped,historical_crosswalk,90,220000,吉林省,220800,白城市,220881,洮南市,220800,白城市,prefecture,unique_exact_name_under_mapped_parent,
413023,河南省,信阳地区,信阳县,1349,partial,historical_crosswalk,85,410000,河南省,411500,信阳市,,,411500,信阳市,prefecture,unique_canonical_name_under_mapped_parent,
370723,山东省,潍坊市,寿光县,1347,historical_mapped,historical_crosswalk,85,370000,山东省,370700,潍坊市,370783,寿光市,370700,潍坊市,prefecture,unique_canonical_name_under_mapped_parent,
430725,湖南省,常德市,桃源县,1346,current,current_code,100,430000,湖南省,430700,常德市,430725,桃源县,430700,常德市,prefecture,current_code,
412829,河南省,驻马店地区,正阳县,1344,historical_mapped,historical_crosswalk,90,410000,河南省,411700,驻马店市,411724,正阳县,411700,驻马店市,prefecture,unique_exact_name_under_mapped_parent,
370523,山东省,东营市,广饶县,1343,current,current_code,100,370000,山东省,370500,东营市,370523,广饶县,370500,东营市,prefecture,current_code,
372323,山东省,滨州地区,阳信县,1343,historical_mapped,historical_crosswalk,90,370000,山东省,371600,滨州市,371622,阳信县,371600,滨州市,prefecture,unique_exact_name,
413025,河南省,信阳地区,光山县,1342,historical_mapped,historical_crosswalk,90,410000,河南省,411500,信阳市,411522,光山县,411500,信阳市,prefecture,unique_exact_name_under_mapped_parent,
522124,贵州省,遵义地区,正安县,1338,historical_mapped,historical_crosswalk,90,520000,贵州省,520300,遵义市,520324,正安县,520300,遵义市,prefecture,unique_exact_name_under_mapped_parent,
530322,云南省,曲靖市,陆良县,1338,current,current_code,100,530000,云南省,530300,曲靖市,530322,陆良县,530300,曲靖市,prefecture,current_code,
120103,天津市,天津市,河西区,1337,current,current_code,100,120000,天津市,,,120103,河西区,120000,天津市,municipality,current_code,
422823,湖北省,恩施土家族苗族自治州,巴东县,1332,current,current_code,100,420000,湖北省,422800,恩施土家族苗族自治州,422823,巴东县,422800,恩施土家族苗族自治州,prefecture,current_code,
362125,江西省,赣州地区,上犹县,1330,ambiguous,historical_crosswalk,100,,,,,,,,,,historical_code_reused,360724
530128,云南省,昆明市,禄劝彝族苗族自治县,1330,current,current_code,100,530000,云南省,530100,昆明市,530128,禄劝彝族苗族自治县,530100,昆明市,prefecture,current_code,
140103,山西省,太原市,北城区,1327,partial,historical_crosswalk,70,140000,山西省,140100,太原市,,,140100,太原市,prefecture,mapped_parent_only,
513624,四川省,广安地区,邻水县,1327,historical_mapped,historical_crosswalk,90,510000,四川省,511600,广安市,511623,邻水县,511600,广安市,prefecture,unique_exact_name_under_mapped_parent,
622827,甘肃省,庆阳地区,镇原县,1327,historical_mapped,historical_crosswalk,90,620000,甘肃省,621000,庆阳市,621027,镇原县,621000,庆阳市,prefecture,unique_exact_name_under_mapped_parent,
610404,陕西省,咸阳市,渭城区,1326,current,current_code,100,610000,陕西省,610400,咸阳市,610404,渭城区,610400,咸阳市,prefecture,current_code,
350403,福建省,三明市,三元区,1323,ambiguous,historical_crosswalk,100,,,,,,,,,,historical_code_reused,
130929,河北省,沧州市,献县,1322,current,current_code,100,130000,河北省,130900,沧州市,130929,献县,130900,沧州市,prefecture,current_code,
220319,吉林省,四平市,公主岭市,1322,historical_mapped,historical_crosswalk,90,220000,吉林省,220100,长春市,220184,公主岭市,220100,长春市,prefecture,unique_exact_name,
132825,河北省,廊坊地区,永清县,1321,historical_mapped,historical_crosswalk,90,130000,河北省,131000,廊坊市,131023,永清县,131000,廊坊市,prefecture,unique_exact_name_under_mapped_parent,
320405,江苏省,常州市,戚墅堰区,1320,partial,historical_crosswalk,70,320000,江苏省,320400,常州市,,,320400,常州市,prefecture,mapped_parent_only,
620522,甘肃省,天水市,秦安县,1319,current,current_code,100,620000,甘肃省,620500,天水市,620522,秦安县,620500,天水市,prefecture,current_code,
530302,云南省,曲靖市,麒麟区,1318,current,current_code,100,530000,云南省,530300,曲靖市,530302,麒麟区,530300,曲靖市,prefecture,current_code,
350629,福建省,漳州市,华安县,1317,current,current_code,100,350000,福建省,350600,漳州市,350629,华安县,350600,漳州市,prefecture,current_code,
500108,重庆市,重庆市,南岸区,1317,current,current_code,100,500000,重庆市,,,500108,南岸区,500000,重庆市,municipality,current_code,
642226,宁夏回族自治区,固原地区,彭阳县,1316,historical_mapped,historical_crosswalk,90,640000,宁夏回族自治区,640400,固原市,640425,彭阳县,640400,固原市,prefecture,unique_exact_name_under_mapped_parent,
532124,云南省,昭通地区,盐津县,1315,historical_mapped,historical_crosswalk,90,530000,云南省,530600,昭通市,530623,盐津县,530600,昭通市,prefecture,unique_exact_name_under_mapped_parent,
222323,吉林省,白城地区,长岭县,1313,historical_mapped,historical_crosswalk,90,220000,吉林省,220700,松原市,220722,长岭县,220700,松原市,prefecture,unique_exact_name,
411424,河南省,商丘市,柘城县,1313,current,current_code,100,410000,河南省,411400,商丘市,411424,柘城县,411400,商丘市,prefecture,current_code,
511132,四川省,乐山市,峨边彝族自治县,1313,current,current_code,100,510000,四川省,511100,乐山市,511132,峨边彝族自治县,511100,乐山市,prefecture,current_code,
430703,湖南省,常德市,鼎城区,1311,current,current_code,100,430000,湖南省,430700,常德市,430703,鼎城区,430700,常德市,prefecture,current_code,
411122,河南省,漯河市,临颍县,1309,current,current_code,100,410000,河南省,411100,漯河市,411122,临颍县,411100,漯河市,prefecture,current_code,
370304,山东省,淄博市,博山区,1307,current,current_code,100,370000,山东省,370300,淄博市,370304,博山区,370300,淄博市,prefecture,current_code,
620103,甘肃省,兰州市,七里河区,1307,current,current_code,100,620000,甘肃省,620100,兰州市,620103,七里河区,620100,兰州市,prefecture,current_code,
110111,北京市,北京市,房山区,1305,current,current_code,100,110000,北京市,,,110111,房山区,110000,北京市,municipality,current_code,
372324,山东省,滨州地区,无棣县,1305,historical_mapped,historical_crosswalk,90,370000,山东省,371600,滨州市,371623,无棣县,371600,滨州市,prefecture,unique_exact_name,
320584,江苏省,苏州市,吴江市,1304,historical_mapped,historical_crosswalk,85,320000,江苏省,320500,苏州市,320509,吴江区,320500,苏州市,prefecture,unique_canonical_name_under_mapped_parent,
441900,广东省,东莞市,东莞市,1304,current,current_code,100,440000,广东省,441900,东莞市,,,441900,东莞市,prefecture,current_code,
511225,四川省,万县市,奉节县,1304,ambiguous,historical_crosswalk,100,,,,,,,,,,cross_province_exact_name_requires_review,
432501,湖南省,娄底地区,娄底市,1303,partial,historical_crosswalk,90,430000,湖南省,431300,娄底市,,,431300,娄底市,prefecture,unique_exact_name,
142625,山西省,临汾地区,洪洞县,1296,ambiguous,historical_crosswalk,100,,,,,,,,,,historical_code_reused,141024
370827,山东省,济宁市,鱼台县,1296,current,current_code,100,370000,山东省,370800,济宁市,370827,鱼台县,370800,济宁市,prefecture,current_code,
422130,湖北省,黄冈地区,黄梅县,1295,historical_mapped,historical_crosswalk,90,420000,湖北省,421100,黄冈市,421127,黄梅县,421100,黄冈市,prefecture,unique_exact_name_under_mapped_parent,
130428,河北省,邯郸市,肥乡县,1294,historical_mapped,historical_crosswalk,85,130000,河北省,130400,邯郸市,130407,肥乡区,130400,邯郸市,prefecture,unique_canonical_name_under_mapped_parent,
140402,山西省,长治市,城区,1294,ambiguous,historical_crosswalk,100,,,,,,,,,,multiple_exact_name_targets,140302;140502
440126,广东省,广州市,番禺县,1293,historical_mapped,historical_crosswalk,85,440000,广东省,440100,广州市,440113,番禺区,440100,广州市,prefecture,unique_canonical_name_under_mapped_parent,
152101,内蒙古自治区,呼伦贝尔盟,海拉尔市,1292,historical_mapped,historical_crosswalk,85,150000,内蒙古自治区,150700,呼伦贝尔市,150702,海拉尔区,150700,呼伦贝尔市,prefecture,unique_canonical_name_under_mapped_parent,
222404,吉林省,延边朝鲜族自治州,珲春市,1292,current,current_code,100,220000,吉林省,222400,延边朝鲜族自治州,222404,珲春市,222400,延边朝鲜族自治州,prefecture,current_code,
211222,辽宁省,铁岭市,开原县,1290,historical_mapped,historical_crosswalk,85,210000,辽宁省,211200,铁岭市,211282,开原市,211200,铁岭市,prefecture,unique_canonical_name_under_mapped_parent,
430381,湖南省,湘潭市,湘乡市,1290,current,current_code,100,430000,湖南省,430300,湘潭市,430381,湘乡市,430300,湘潭市,prefecture,current_code,
640221,宁夏回族自治区,石嘴山市,平罗县,1290,current,current_code,100,640000,宁夏回族自治区,640200,石嘴山市,640221,平罗县,640200,石嘴山市,prefecture,current_code,
350824,福建省,龙岩市,武平县,1289,current,current_code,100,350000,福建省,350800,龙岩市,350824,武平县,350800,龙岩市,prefecture,current_code,
430111,湖南省,长沙市,雨花区,1289,current,current_code,100,430000,湖南省,430100,长沙市,430111,雨花区,430100,长沙市,prefecture,current_code,
412321,河南省,商丘地区,虞城县,1288,historical_mapped,historical_crosswalk,90,410000,河南省,411400,商丘市,411425,虞城县,411400,商丘市,prefecture,unique_exact_name_under_mapped_parent,
362126,江西省,赣州地区,崇义县,1287,ambiguous,historical_crosswalk,100,,,,,,,,,,historical_code_reused,360725
142702,山西省,运城地区,永济市,1284,historical_mapped,historical_crosswalk,90,140000,山西省,140800,运城市,140881,永济市,140800,运城市,prefecture,unique_exact_name_under_mapped_parent,
210604,辽宁省,丹东市,振安区,1283,current,current_code,100,210000,辽宁省,210600,丹东市,210604,振安区,210600,丹东市,prefecture,current_code,
511133,四川省,乐山市,马边彝族自治县,1283,current,current_code,100,510000,四川省,511100,乐山市,511133,马边彝族自治县,511100,乐山市,prefecture,current_code,
152824,内蒙古自治区,巴彦淖尔盟,乌拉特前旗,1282,ambiguous,historical_crosswalk,100,,,,,,,,,,historical_code_reused,150823
370831,山东省,济宁市,泗水县,1281,current,current_code,100,370000,山东省,370800,济宁市,370831,泗水县,370800,济宁市,prefecture,current_code,
532129,云南省,昭通地区,彝良县,1281,historical_mapped,historical_crosswalk,90,530000,云南省,530600,昭通市,530628,彝良县,530600,昭通市,prefecture,unique_exact_name_under_mapped_parent,
211226,辽宁省,铁岭市,法库县,1280,historical_mapped,historical_crosswalk,90,210000,辽宁省,210100,沈阳市,210124,法库县,210100,沈阳市,prefecture,unique_exact_name,
440102,广东省,广州市,东山区,1278,ambiguous,historical_crosswalk,100,,,,,,,,,,cross_province_exact_name_requires_review,
140522,山西省,晋城市,阳城县,1277,current,current_code,100,140000,山西省,140500,晋城市,140522,阳城县,140500,晋城市,prefecture,current_code,
372523,山东省,聊城地区,莘县,1276,ambiguous,historical_crosswalk,100,,,,,,,,,,historical_code_reused,371522
652323,新疆维吾尔自治区,昌吉回族自治州,呼图壁县,1275,current,current_code,100,650000,新疆维吾尔自治区,652300,昌吉回族自治州,652323,呼图壁县,652300,昌吉回族自治州,prefecture,current_code,
410901,河南省,濮阳市,,1274,partial,current_parent_code,60,410000,河南省,410900,濮阳市,,,410900,濮阳市,prefecture,current_parent_code,
432930,湖南省,零陵地区,祁阳县,1274,historical_mapped,historical_crosswalk,85,430000,湖南省,431100,永州市,431181,祁阳市,431100,永州市,prefecture,unique_canonical_name,
411322,河南省,南阳市,方城县,1272,current,current_code,100,410000,河南省,411300,南阳市,411322,方城县,411300,南阳市,prefecture,current_code,
130181,河北省,石家庄市,辛集市,1271,current,current_code,100,130000,河北省,130100,石家庄市,130181,辛集市,130100,石家庄市,prefecture,current_code,
512227,四川省,万县地区,巫山县,1269,ambiguous,historical_crosswalk,100,,,,,,,,,,historical_code_reused,
130705,河北省,张家口市,宣化区,1267,current,current_code,100,130000,河北省,130700,张家口市,130705,宣化区,130700,张家口市,prefecture,current_code,
321087,江苏省,扬州市,姜堰市,1266,historical_mapped,historical_crosswalk,85,320000,江苏省,321200,泰州市,321204,姜堰区,321200,泰州市,prefecture,unique_canonical_name,
610481,陕西省,咸阳市,兴平市,1265,current,current_code,100,610000,陕西省,610400,咸阳市,610481,兴平市,610400,咸阳市,prefecture,current_code,
152321,内蒙古自治区,哲里木盟,通辽县,1264,partial,historical_crosswalk,85,150000,内蒙古自治区,150500,通辽市,,,150500,通辽市,prefecture,unique_canonical_name_under_mapped_parent,
340403,安徽省,淮南市,田家庵区,1264,current,current_code,100,340000,安徽省,340400,淮南市,340403,田家庵区,340400,淮南市,prefecture,current_code,
350784,福建省,南平市,建阳市,1264,historical_mapped,historical_crosswalk,85,350000,福建省,350700,南平市,350703,建阳区,350700,南平市,prefecture,unique_canonical_name_under_mapped_parent,
370281,山东省,青岛市,胶州市,1264,current,current_code,100,370000,山东省,370200,青岛市,370281,胶州市,370200,青岛市,prefecture,current_code,
432826,湖南省,郴州地区,嘉禾县,1264,historical_mapped,historical_crosswalk,90,430000,湖南省,431000,郴州市,431024,嘉禾县,431000,郴州市,prefecture,unique_exact_name_under_mapped_parent,
650203,新疆维吾尔自治区,克拉玛依市,克拉玛依区,1264,current,current_code,100,650000,新疆维吾尔自治区,650200,克拉玛依市,650203,克拉玛依区,650200,克拉玛依市,prefecture,current_code,
370881,山东省,济宁市,曲阜市,1262,current,current_code,100,370000,山东省,370800,济宁市,370881,曲阜市,370800,济宁市,prefecture,current_code,
371481,山东省,德州市,乐陵市,1262,current,current_code,100,370000,山东省,371400,德州市,371481,乐陵市,371400,德州市,prefecture,current_code,
510626,四川省,德阳市,罗江县,1261,historical_mapped,historical_crosswalk,85,510000,四川省,510600,德阳市,510604,罗江区,510600,德阳市,prefecture,unique_canonical_name_under_mapped_parent,
152327,内蒙古自治区,哲里木盟,扎鲁特旗,1255,historical_mapped,historical_crosswalk,90,150000,内蒙古自治区,150500,通辽市,150526,扎鲁特旗,150500,通辽市,prefecture,unique_exact_name,
360321,江西省,萍乡市,莲花县,1254,current,current_code,100,360000,江西省,360300,萍乡市,360321,莲花县,360300,萍乡市,prefecture,current_code,
410183,河南省,郑州市,新密市,1254,current,current_code,100,410000,河南省,410100,郑州市,410183,新密市,410100,郑州市,prefecture,current_code,
622102,甘肃省,酒泉地区,酒泉市,1254,partial,historical_crosswalk,90,620000,甘肃省,620900,酒泉市,,,620900,酒泉市,prefecture,unique_exact_name_under_mapped_parent,
413021,河南省,信阳地区,息县,1253,historical_mapped,historical_crosswalk,90,410000,河南省,411500,信阳市,411528,息县,411500,信阳市,prefecture,unique_exact_name_under_mapped_parent,
341021,安徽省,黄山市,歙县,1252,current,current_code,100,340000,安徽省,341000,黄山市,341021,歙县,341000,黄山市,prefecture,current_code,
342123,安徽省,阜阳地区,太和县,1252,historical_mapped,historical_crosswalk,90,340000,安徽省,341200,阜阳市,341222,太和县,341200,阜阳市,prefecture,unique_exact_name_under_mapped_parent,
440181,广东省,广州市,番禺市,1252,historical_mapped,historical_crosswalk,85,440000,广东省,440100,广州市,440113,番禺区,440100,广州市,prefecture,unique_canonical_name_under_mapped_parent,
430221,湖南省,株洲市,株洲县,1251,partial,historical_crosswalk,85,430000,湖南省,430200,株洲市,,,430200,株洲市,prefecture,unique_canonical_name_under_mapped_parent,
150422,内蒙古自治区,赤峰市,巴林左旗,1250,current,current_code,100,150000,内蒙古自治区,150400,赤峰市,150422,巴林左旗,150400,赤峰市,prefecture,current_code,
210602,辽宁省,丹东市,元宝区,1250,current,current_code,100,210000,辽宁省,210600,丹东市,210602,元宝区,210600,丹东市,prefecture,current_code,
120102,天津市,天津市,河东区,1247,current,current_code,100,120000,天津市,,,120102,河东区,120000,天津市,municipality,current_code,
131102,河北省,衡水市,桃城区,1245,current,current_code,100,130000,河北省,131100,衡水市,131102,桃城区,131100,衡水市,prefecture,current_code,
370727,山东省,潍坊市,高密县,1245,historical_mapped,historical_crosswalk,85,370000,山东省,370700,潍坊市,370785,高密市,370700,潍坊市,prefecture,unique_canonical_name_under_mapped_parent,
152223,内蒙古自治区,兴安盟,扎赉特旗,1243,current,current_code,100,150000,内蒙古自治区,152200,兴安盟,152223,扎赉特旗,152200,兴安盟,prefecture,current_code,
350428,福建省,三明市,将乐县,1243,current,current_code,100,350000,福建省,350400,三明市,350428,将乐县,350400,三明市,prefecture,current_code,
431028,湖南省,郴州市,安仁县,1242,current,current_code,100,430000,湖南省,431000,郴州市,431028,安仁县,431000,郴州市,prefecture,current_code,
440582,广东省,汕头市,潮阳市,1240,historical_mapped,historical_crosswalk,85,440000,广东省,440500,汕头市,440513,潮阳区,440500,汕头市,prefecture,unique_canonical_name_under_mapped_parent,
650121,新疆维吾尔自治区,乌鲁木齐市,乌鲁木齐县,1240,current,current_code,100,650000,新疆维吾尔自治区,650100,乌鲁木齐市,650121,乌鲁木齐县,650100,乌鲁木齐市,prefecture,current_code,
430821,湖南省,张家界市,慈利县,1239,current,current_code,100,430000,湖南省,430800,张家界市,430821,慈利县,430800,张家界市,prefecture,current_code,
352122,福建省,南平地区,建阳县,1238,historical_mapped,historical_crosswalk,85,350000,福建省,350700,南平市,350703,建阳区,350700,南平市,prefecture,unique_canonical_name,
370181,山东省,济南市,章丘市,1237,historical_mapped,historical_crosswalk,85,370000,山东省,370100,济南市,370114,章丘区,370100,济南市,prefecture,unique_canonical_name_under_mapped_parent,
412821,河南省,驻马店地区,确山县,1236,historical_mapped,historical_crosswalk,90,410000,河南省,411700,驻马店市,411725,确山县,411700,驻马店市,prefecture,unique_exact_name_under_mapped_parent,
511204,四川省,万县市,五桥区,1236,partial,historical_crosswalk,70,510000,四川省,,,,,,,,mapped_parent_only,
130527,河北省,邢台市,南和县,1234,historical_mapped,historical_crosswalk,85,130000,河北省,130500,邢台市,130506,南和区,130500,邢台市,prefecture,unique_canonical_name_under_mapped_parent,
362233,江西省,宜春地区,铜鼓县,1234,ambiguous,historical_crosswalk,100,,,,,,,,,,historical_code_reused,360926
511222,四川省,万县市,忠县,1234,ambiguous,historical_crosswalk,100,,,,,,,,,,cross_province_exact_name_requires_review,
622421,甘肃省,定西地区,定西县,1234,partial,historical_crosswalk,85,620000,甘肃省,621100,定西市,,,621100,定西市,prefecture,unique_canonical_name_under_mapped_parent,
513127,四川省,雅安地区,芦山县,1233,ambiguous,historical_crosswalk,100,,,,,,,,,,historical_code_reused,511826
152324,内蒙古自治区,哲里木盟,开鲁县,1232,historical_mapped,historical_crosswalk,90,150000,内蒙古自治区,150500,通辽市,150523,开鲁县,150500,通辽市,prefecture,unique_exact_name,
533521,云南省,临沧地区,临沧县,1232,partial,historical_crosswalk,85,530000,云南省,530900,临沧市,,,530900,临沧市,prefecture,unique_canonical_name_under_mapped_parent,
421125,湖北省,黄冈市,浠水县,1229,current,current_code,100,420000,湖北省,421100,黄冈市,421125,浠水县,421100,黄冈市,prefecture,current_code,
130603,河北省,保定市,北市区,1228,partial,historical_crosswalk,70,130000,河北省,130600,保定市,,,130600,保定市,prefecture,mapped_parent_only,
371002,山东省,威海市,环翠区,1228,current,current_code,100,370000,山东省,371000,威海市,371002,环翠区,371000,威海市,prefecture,current_code,
150302,内蒙古自治区,乌海市,海勃湾区,1227,current,current_code,100,150000,内蒙古自治区,150300,乌海市,150302,海勃湾区,150300,乌海市,prefecture,current_code,
342125,安徽省,阜阳地区,蒙城县,1227,historical_mapped,historical_crosswalk,90,340000,安徽省,341600,亳州市,341622,蒙城县,341600,亳州市,prefecture,unique_exact_name,
430922,湖南省,益阳市,桃江县,1227,current,current_code,100,430000,湖南省,430900,益阳市,430922,桃江县,430900,益阳市,prefecture,current_code,
133001,河北省,衡水地区,衡水市,1226,partial,historical_crosswalk,90,130000,河北省,131100,衡水市,,,131100,衡水市,prefecture,unique_exact_name_under_mapped_parent,
232321,黑龙江省,绥化地区,海伦县,1226,ambiguous,historical_crosswalk,100,,,,,,,,,,historical_code_reused,231283
341282,安徽省,阜阳市,界首市,1225,current,current_code,100,340000,安徽省,341200,阜阳市,341282,界首市,341200,阜阳市,prefecture,current_code,
413028,河南省,信阳地区,罗山县,1225,historical_mapped,historical_crosswalk,90,410000,河南省,411500,信阳市,411521,罗山县,411500,信阳市,prefecture,unique_exact_name_under_mapped_parent,
370683,山东省,烟台市,莱州市,1222,current,current_code,100,370000,山东省,370600,烟台市,370683,莱州市,370600,烟台市,prefecture,current_code,
332523,浙江省,丽水地区,云和县,1221,ambiguous,historical_crosswalk,100,,,,,,,,,,historical_code_reused,331125
340828,安徽省,安庆市,岳西县,1221,current,current_code,100,340000,安徽省,340800,安庆市,340828,岳西县,340800,安庆市,prefecture,current_code,
430528,湖南省,邵阳市,新宁县,1219,current,current_code,100,430000,湖南省,430500,邵阳市,430528,新宁县,430500,邵阳市,prefecture,current_code,
429005,湖北省,省直辖县级行政区划,潜江市,1218,current,current_code,100,420000,湖北省,,,429005,潜江市,429005,潜江市,province_direct_county,current_code,
130533,河北省,邢台市,威县,1217,current,current_code,100,130000,河北省,130500,邢台市,130533,威县,130500,邢台市,prefecture,current_code,
410781,河南省,新乡市,卫辉市,1217,current,current_code,100,410000,河南省,410700,新乡市,410781,卫辉市,410700,新乡市,prefecture,current_code,
330423,浙江省,嘉兴市,海宁县,1215,historical_mapped,historical_crosswalk,85,330000,浙江省,330400,嘉兴市,330481,海宁市,330400,嘉兴市,prefecture,unique_canonical_name_under_mapped_parent,
622826,甘肃省,庆阳地区,宁县,1215,historical_mapped,historical_crosswalk,90,620000,甘肃省,621000,庆阳市,621026,宁县,621000,庆阳市,prefecture,unique_exact_name_under_mapped_parent,
640103,宁夏回族自治区,银川市,新城区,1215,ambiguous,historical_crosswalk,100,,,,,,,,,,cross_province_exact_name_requires_review,
150403,内蒙古自治区,赤峰市,元宝山区,1214,current,current_code,100,150000,内蒙古自治区,150400,赤峰市,150403,元宝山区,150400,赤峰市,prefecture,current_code,
220403,吉林省,辽源市,西安区,1213,current,current_code,100,220000,吉林省,220400,辽源市,220403,西安区,220400,辽源市,prefecture,current_code,
130632,河北省,保定市,安新县,1211,current,current_code,100,130000,河北省,130600,保定市,130632,安新县,130600,保定市,prefecture,current_code,
110102,北京市,北京市,西城区,1210,current,current_code,100,110000,北京市,,,110102,西城区,110000,北京市,municipality,current_code,
413022,河南省,信阳地区,淮滨县,1210,historical_mapped,historical_crosswalk,90,410000,河南省,411500,信阳市,411527,淮滨县,411500,信阳市,prefecture,unique_exact_name_under_mapped_parent,
342529,安徽省,宣城地区,泾县,1209,historical_mapped,historical_crosswalk,90,340000,安徽省,341800,宣城市,341823,泾县,341800,宣城市,prefecture,unique_exact_name_under_mapped_parent,
210904,辽宁省,阜新市,太平区,1207,current,current_code,100,210000,辽宁省,210900,阜新市,210904,太平区,210900,阜新市,prefecture,current_code,
132129,河北省,邯郸地区,临漳县,1204,historical_mapped,historical_crosswalk,90,130000,河北省,130400,邯郸市,130423,临漳县,130400,邯郸市,prefecture,unique_exact_name_under_mapped_parent,
130130,河北省,石家庄市,无极县,1203,current,current_code,100,130000,河北省,130100,石家庄市,130130,无极县,130100,石家庄市,prefecture,current_code,
610422,陕西省,咸阳市,三原县,1202,current,current_code,100,610000,陕西省,610400,咸阳市,610422,三原县,610400,咸阳市,prefecture,current_code,
430981,湖南省,益阳市,沅江市,1201,current,current_code,100,430000,湖南省,430900,益阳市,430981,沅江市,430900,益阳市,prefecture,current_code,
330511,浙江省,湖州市,郊区,1199,ambiguous,historical_crosswalk,100,,,,,,,,,,cross_province_exact_name_requires_review,
650105,新疆维吾尔自治区,乌鲁木齐市,水磨沟区,1198,current,current_code,100,650000,新疆维吾尔自治区,650100,乌鲁木齐市,650105,水磨沟区,650100,乌鲁木齐市,prefecture,current_code,
131121,河北省,衡水市,枣强县,1197,current,current_code,100,130000,河北省,131100,衡水市,131121,枣强县,131100,衡水市,prefecture,current_code,
410926,河南省,濮阳市,范县,1197,current,current_code,100,410000,河南省,410900,濮阳市,410926,范县,410900,濮阳市,prefecture,current_code,
430722,湖南省,常德市,汉寿县,1197,current,current_code,100,430000,湖南省,430700,常德市,430722,汉寿县,430700,常德市,prefecture,current_code,
513427,四川省,凉山彝族自治州,宁南县,1194,current,current_code,100,510000,四川省,513400,凉山彝族自治州,513427,宁南县,513400,凉山彝族自治州,prefecture,current_code,
130404,河北省,邯郸市,复兴区,1191,current,current_code,100,130000,河北省,130400,邯郸市,130404,复兴区,130400,邯郸市,prefecture,current_code,
430923,湖南省,益阳市,安化县,1190,current,current_code,100,430000,湖南省,430900,益阳市,430923,安化县,430900,益阳市,prefecture,current_code,
610403,陕西省,咸阳市,杨陵区,1190,current,current_code,100,610000,陕西省,610400,咸阳市,610403,杨陵区,610400,咸阳市,prefecture,current_code,
152103,内蒙古自治区,呼伦贝尔盟,扎兰屯市,1189,historical_mapped,historical_crosswalk,90,150000,内蒙古自治区,150700,呼伦贝尔市,150783,扎兰屯市,150700,呼伦贝尔市,prefecture,unique_exact_name_under_mapped_parent,
370285,山东省,青岛市,莱西市,1188,current,current_code,100,370000,山东省,370200,青岛市,370285,莱西市,370200,青岛市,prefecture,current_code,
372526,山东省,聊城地区,冠县,1187,ambiguous,historical_crosswalk,100,,,,,,,,,,historical_code_reused,371525
533222,云南省,丽江地区,永胜县,1187,historical_mapped,historical_crosswalk,90,530000,云南省,530700,丽江市,530722,永胜县,530700,丽江市,prefecture,unique_exact_name_under_mapped_parent,
152728,内蒙古自治区,伊克昭盟,伊金霍洛旗,1186,historical_mapped,historical_crosswalk,90,150000,内蒙古自治区,150600,鄂尔多斯市,150627,伊金霍洛旗,150600,鄂尔多斯市,prefecture,unique_exact_name,
350402,福建省,三明市,梅列区,1185,ambiguous,historical_crosswalk,100,,,,,,,,,,historical_code_reused,
410305,河南省,洛阳市,涧西区,1185,current,current_code,100,410000,河南省,410300,洛阳市,410305,涧西区,410300,洛阳市,prefecture,current_code,
513436,四川省,凉山彝族自治州,美姑县,1184,current,current_code,100,510000,四川省,513400,凉山彝族自治州,513436,美姑县,513400,凉山彝族自治州,prefecture,current_code,
150428,内蒙古自治区,赤峰市,喀喇沁旗,1181,current,current_code,100,150000,内蒙古自治区,150400,赤峰市,150428,喀喇沁旗,150400,赤峰市,prefecture,current_code,
352203,福建省,宁德地区,福鼎市,1178,historical_mapped,historical_crosswalk,90,350000,福建省,350900,宁德市,350982,福鼎市,350900,宁德市,prefecture,unique_exact_name,
362223,江西省,宜春地区,清江县,1176,ambiguous,historical_crosswalk,100,,,,,,,,,,historical_code_reused,
130435,河北省,邯郸市,曲周县,1174,current,current_code,100,130000,河北省,130400,邯郸市,130435,曲周县,130400,邯郸市,prefecture,current_code,
530324,云南省,曲靖市,罗平县,1171,current,current_code,100,530000,云南省,530300,曲靖市,530324,罗平县,530300,曲靖市,prefecture,current_code,
350881,福建省,龙岩市,漳平市,1170,current,current_code,100,350000,福建省,350800,龙岩市,350881,漳平市,350800,龙岩市,prefecture,current_code,
211303,辽宁省,朝阳市,龙城区,1168,current,current_code,100,210000,辽宁省,211300,朝阳市,211303,龙城区,211300,朝阳市,prefecture,current_code,
511681,四川省,广安市,华蓥市,1168,current,current_code,100,510000,四川省,511600,广安市,511681,华蓥市,511600,广安市,prefecture,current_code,
130183,河北省,石家庄市,晋州市,1164,current,current_code,100,130000,河北省,130100,石家庄市,130183,晋州市,130100,石家庄市,prefecture,current_code,
513225,四川省,阿坝藏族羌族自治州,九寨沟县,1163,current,current_code,100,510000,四川省,513200,阿坝藏族羌族自治州,513225,九寨沟县,513200,阿坝藏族羌族自治州,prefecture,current_code,
410721,河南省,新乡市,新乡县,1162,current,current_code,100,410000,河南省,410700,新乡市,410721,新乡县,410700,新乡市,prefecture,current_code,
372522,山东省,聊城地区,阳谷县,1160,ambiguous,historical_crosswalk,100,,,,,,,,,,historical_code_reused,371521
110224,北京市,北京市,大兴县,1158,historical_mapped,historical_crosswalk,85,110000,北京市,,,110115,大兴区,110000,北京市,municipality,unique_canonical_name,
130702,河北省,张家口市,桥东区,1158,current,current_code,100,130000,河北省,130700,张家口市,130702,桥东区,130700,张家口市,prefecture,current_code,
352627,福建省,龙岩地区,连城县,1158,ambiguous,historical_crosswalk,100,,,,,,,,,,historical_code_reused,350825
511527,四川省,宜宾市,筠连县,1158,current,current_code,100,510000,四川省,511500,宜宾市,511527,筠连县,511500,宜宾市,prefecture,current_code,
321086,江苏省,扬州市,泰兴市,1156,historical_mapped,historical_crosswalk,90,320000,江苏省,321200,泰州市,321283,泰兴市,321200,泰州市,prefecture,unique_exact_name,
422822,湖北省,恩施土家族苗族自治州,建始县,1153,current,current_code,100,420000,湖北省,422800,恩施土家族苗族自治州,422822,建始县,422800,恩施土家族苗族自治州,prefecture,current_code,
120101,天津市,天津市,和平区,1152,current,current_code,100,120000,天津市,,,120101,和平区,120000,天津市,municipality,current_code,
340881,安徽省,安庆市,桐城市,1151,current,current_code,100,340000,安徽省,340800,安庆市,340881,桐城市,340800,安庆市,prefecture,current_code,
500239,重庆市,重庆市,黔江土家族苗族自治县,1150,unresolved,historical_crosswalk,0,,,,,,,,,,no_supported_successor,
650106,新疆维吾尔自治区,乌鲁木齐市,头屯河区,1150,current,current_code,100,650000,新疆维吾尔自治区,650100,乌鲁木齐市,650106,头屯河区,650100,乌鲁木齐市,prefecture,current_code,
412902,河南省,南阳地区,邓州市,1149,historical_mapped,historical_crosswalk,90,410000,河南省,411300,南阳市,411381,邓州市,411300,南阳市,prefecture,unique_exact_name_under_mapped_parent,
620121,甘肃省,兰州市,永登县,1149,current,current_code,100,620000,甘肃省,620100,兰州市,620121,永登县,620100,兰州市,prefecture,current_code,
130703,河北省,张家口市,桥西区,1146,current,current_code,100,130000,河北省,130700,张家口市,130703,桥西区,130700,张家口市,prefecture,current_code,
140511,山西省,晋城市,,1146,partial,current_parent_code,60,140000,山西省,140500,晋城市,,,140500,晋城市,prefecture,current_parent_code,
411526,河南省,信阳市,潢川县,1146,current,current_code,100,410000,河南省,411500,信阳市,411526,潢川县,411500,信阳市,prefecture,current_code,
420983,湖北省,孝感市,广水市,1146,historical_mapped,historical_crosswalk,90,420000,湖北省,421300,随州市,421381,广水市,421300,随州市,prefecture,unique_exact_name,
120105,天津市,天津市,河北区,1140,current,current_code,100,120000,天津市,,,120105,河北区,120000,天津市,municipality,current_code,
533522,云南省,临沧地区,凤庆县,1139,historical_mapped,historical_crosswalk,90,530000,云南省,530900,临沧市,530921,凤庆县,530900,临沧市,prefecture,unique_exact_name_under_mapped_parent,
152827,内蒙古自治区,巴彦淖尔盟,杭锦后旗,1138,ambiguous,historical_crosswalk,100,,,,,,,,,,historical_code_reused,150826
652322,新疆维吾尔自治区,昌吉回族自治州,米泉县,1137,partial,historical_crosswalk,70,650000,新疆维吾尔自治区,652300,昌吉回族自治州,,,652300,昌吉回族自治州,prefecture,mapped_parent_only,
522424,贵州省,毕节地区,金沙县,1136,historical_mapped,historical_crosswalk,90,520000,贵州省,520500,毕节市,520523,金沙县,520500,毕节市,prefecture,unique_exact_name_under_mapped_parent,
410726,河南省,新乡市,延津县,1135,current,current_code,100,410000,河南省,410700,新乡市,410726,延津县,410700,新乡市,prefecture,current_code,
622427,甘肃省,定西地区,临洮县,1135,historical_mapped,historical_crosswalk,90,620000,甘肃省,621100,定西市,621124,临洮县,621100,定西市,prefecture,unique_exact_name_under_mapped_parent,
642124,宁夏回族自治区,银南地区,中宁县,1135,historical_mapped,historical_crosswalk,90,640000,宁夏回族自治区,640500,中卫市,640521,中宁县,640500,中卫市,prefecture,unique_exact_name,
152502,内蒙古自治区,锡林郭勒盟,锡林浩特市,1133,current,current_code,100,150000,内蒙古自治区,152500,锡林郭勒盟,152502,锡林浩特市,152500,锡林郭勒盟,prefecture,current_code,
522132,贵州省,遵义地区,习水县,1133,historical_mapped,historical_crosswalk,90,520000,贵州省,520300,遵义市,520330,习水县,520300,遵义市,prefecture,unique_exact_name_under_mapped_parent,
412323,河南省,商丘地区,民权县,1131,historical_mapped,historical_crosswalk,90,410000,河南省,411400,商丘市,411421,民权县,411400,商丘市,prefecture,unique_exact_name_under_mapped_parent,
371402,山东省,德州市,德城区,1125,current,current_code,100,370000,山东省,371400,德州市,371402,德城区,371400,德州市,prefecture,current_code,
230102,黑龙江省,哈尔滨市,道里区,1124,current,current_code,100,230000,黑龙江省,230100,哈尔滨市,230102,道里区,230100,哈尔滨市,prefecture,current_code,
130981,河北省,沧州市,泊头市,1123,current,current_code,100,130000,河北省,130900,沧州市,130981,泊头市,130900,沧州市,prefecture,current_code,
370403,山东省,枣庄市,薛城区,1123,current,current_code,100,370000,山东省,370400,枣庄市,370403,薛城区,370400,枣庄市,prefecture,current_code,
430104,湖南省,长沙市,岳麓区,1123,current,current_code,100,430000,湖南省,430100,长沙市,430104,岳麓区,430100,长沙市,prefecture,current_code,
370321,山东省,淄博市,桓台县,1122,current,current_code,100,370000,山东省,370300,淄博市,370321,桓台县,370300,淄博市,prefecture,current_code,
350825,福建省,龙岩市,连城县,1121,current,current_code,100,350000,福建省,350800,龙岩市,350825,连城县,350800,龙岩市,prefecture,current_code,
530122,云南省,昆明市,晋宁县,1120,ambiguous,historical_crosswalk,100,,,,,,,,,,historical_code_reused,530115
120223,天津市,天津市,静海县,1119,historical_mapped,historical_crosswalk,85,120000,天津市,,,120118,静海区,120000,天津市,municipality,unique_canonical_name,
131128,河北省,衡水市,阜城县,1119,current,current_code,100,130000,河北省,131100,衡水市,131128,阜城县,131100,衡水市,prefecture,current_code,
350430,福建省,三明市,建宁县,1119,current,current_code,100,350000,福建省,350400,三明市,350430,建宁县,350400,三明市,prefecture,current_code,
532522,云南省,红河哈尼族彝族自治州,蒙自县,1119,historical_mapped,historical_crosswalk,85,530000,云南省,532500,红河哈尼族彝族自治州,532503,蒙自市,532500,红河哈尼族彝族自治州,prefecture,unique_canonical_name_under_mapped_parent,
519003,四川省,四川省直辖县级行政区划,都江堰市,1118,historical_mapped,historical_crosswalk,90,510000,四川省,510100,成都市,510181,都江堰市,510100,成都市,prefecture,unique_exact_name,
130802,河北省,承德市,双桥区,1117,current,current_code,100,130000,河北省,130800,承德市,130802,双桥区,130800,承德市,prefecture,current_code,
500238,重庆市,重庆市,巫溪县,1117,current,current_code,100,500000,重庆市,,,500238,巫溪县,500000,重庆市,municipality,current_code,
430123,湖南省,长沙市,浏阳县,1115,historical_mapped,historical_crosswalk,85,430000,湖南省,430100,长沙市,430181,浏阳市,430100,长沙市,prefecture,unique_canonical_name_under_mapped_parent,
130535,河北省,邢台市,临西县,1114,current,current_code,100,130000,河北省,130500,邢台市,130535,临西县,130500,邢台市,prefecture,current_code,
432802,湖南省,郴州地区,资兴市,1114,historical_mapped,historical_crosswalk,90,430000,湖南省,431000,郴州市,431081,资兴市,431000,郴州市,prefecture,unique_exact_name_under_mapped_parent,
430105,湖南省,长沙市,开福区,1112,current,current_code,100,430000,湖南省,430100,长沙市,430105,开福区,430100,长沙市,prefecture,current_code,
410923,河南省,濮阳市,南乐县,1111,current,current_code,100,410000,河南省,410900,濮阳市,410923,南乐县,410900,濮阳市,prefecture,current_code,
420281,湖北省,黄石市,大冶市,1111,current,current_code,100,420000,湖北省,420200,黄石市,420281,大冶市,420200,黄石市,prefecture,current_code,
430525,湖南省,邵阳市,洞口县,1109,current,current_code,100,430000,湖南省,430500,邵阳市,430525,洞口县,430500,邵阳市,prefecture,current_code,
411421,河南省,商丘市,民权县,1107,current,current_code,100,410000,河南省,411400,商丘市,411421,民权县,411400,商丘市,prefecture,current_code,
152822,内蒙古自治区,巴彦淖尔盟,五原县,1106,ambiguous,historical_crosswalk,100,,,,,,,,,,historical_code_reused,150821
522423,贵州省,毕节地区,黔西县,1106,historical_mapped,historical_crosswalk,85,520000,贵州省,520500,毕节市,520581,黔西市,520500,毕节市,prefecture,unique_canonical_name_under_mapped_parent,
120106,天津市,天津市,红桥区,1104,current,current_code,100,120000,天津市,,,120106,红桥区,120000,天津市,municipality,current_code,
120107,天津市,天津市,塘沽区,1104,unresolved,historical_crosswalk,0,,,,,,,,,,no_supported_successor,
445281,广东省,揭阳市,普宁市,1104,current,current_code,100,440000,广东省,445200,揭阳市,445281,普宁市,445200,揭阳市,prefecture,current_code,
132826,河北省,廊坊地区,固安县,1103,historical_mapped,historical_crosswalk,90,130000,河北省,131000,廊坊市,131022,固安县,131000,廊坊市,prefecture,unique_exact_name_under_mapped_parent,
411282,河南省,三门峡市,灵宝市,1103,current,current_code,100,410000,河南省,411200,三门峡市,411282,灵宝市,411200,三门峡市,prefecture,current_code,
130623,河北省,保定市,涞水县,1102,current,current_code,100,130000,河北省,130600,保定市,130623,涞水县,130600,保定市,prefecture,current_code,
440902,广东省,茂名市,茂南区,1102,current,current_code,100,440000,广东省,440900,茂名市,440902,茂南区,440900,茂名市,prefecture,current_code,
211004,辽宁省,辽阳市,宏伟区,1100,current,current_code,100,210000,辽宁省,211000,辽阳市,211004,宏伟区,211000,辽阳市,prefecture,current_code,
612727,陕西省,榆林地区,绥德县,1100,historical_mapped,historical_crosswalk,90,610000,陕西省,610800,榆林市,610826,绥德县,610800,榆林市,prefecture,unique_exact_name_under_mapped_parent,
150421,内蒙古自治区,赤峰市,阿鲁科尔沁旗,1099,current,current_code,100,150000,内蒙古自治区,150400,赤峰市,150421,阿鲁科尔沁旗,150400,赤峰市,prefecture,current_code,
220123,吉林省,长春市,九台县,1097,historical_mapped,historical_crosswalk,85,220000,吉林省,220100,长春市,220113,九台区,220100,长春市,prefecture,unique_canonical_name_under_mapped_parent,
610525,陕西省,渭南市,澄城县,1097,current,current_code,100,610000,陕西省,610500,渭南市,610525,澄城县,610500,渭南市,prefecture,current_code,
622425,甘肃省,定西地区,陇西县,1097,historical_mapped,historical_crosswalk,90,620000,甘肃省,621100,定西市,621122,陇西县,621100,定西市,prefecture,unique_exact_name_under_mapped_parent,
362103,江西省,赣州地区,南康市,1096,historical_mapped,historical_crosswalk,85,360000,江西省,360700,赣州市,360703,南康区,360700,赣州市,prefecture,unique_canonical_name,
511528,四川省,宜宾市,兴文县,1096,current,current_code,100,510000,四川省,511500,宜宾市,511528,兴文县,511500,宜宾市,prefecture,current_code,
140581,山西省,晋城市,高平市,1094,current,current_code,100,140000,山西省,140500,晋城市,140581,高平市,140500,晋城市,prefecture,current_code,
210911,辽宁省,阜新市,细河区,1093,current,current_code,100,210000,辽宁省,210900,阜新市,210911,细河区,210900,阜新市,prefecture,current_code,
422202,湖北省,孝感地区,应城市,1093,historical_mapped,historical_crosswalk,90,420000,湖北省,420900,孝感市,420981,应城市,420900,孝感市,prefecture,unique_exact_name_under_mapped_parent,
612501,陕西省,商洛地区,商州市,1093,historical_mapped,historical_crosswalk,85,610000,陕西省,611000,商洛市,611002,商州区,611000,商洛市,prefecture,unique_canonical_name_under_mapped_parent,
612322,陕西省,汉中地区,城固县,1091,historical_mapped,historical_crosswalk,90,610000,陕西省,610700,汉中市,610722,城固县,610700,汉中市,prefecture,unique_exact_name_under_mapped_parent,
622323,甘肃省,武威地区,古浪县,1090,historical_mapped,historical_crosswalk,90,620000,甘肃省,620600,武威市,620622,古浪县,620600,武威市,prefecture,unique_exact_name_under_mapped_parent,
522128,贵州省,遵义地区,湄潭县,1088,historical_mapped,historical_crosswalk,90,520000,贵州省,520300,遵义市,520328,湄潭县,520300,遵义市,prefecture,unique_exact_name_under_mapped_parent,
610524,陕西省,渭南市,合阳县,1086,current,current_code,100,610000,陕西省,610500,渭南市,610524,合阳县,610500,渭南市,prefecture,current_code,
612722,陕西省,榆林地区,神木县,1086,historical_mapped,historical_crosswalk,85,610000,陕西省,610800,榆林市,610881,神木市,610800,榆林市,prefecture,unique_canonical_name_under_mapped_parent,
371502,山东省,聊城市,东昌府区,1083,current,current_code,100,370000,山东省,371500,聊城市,371502,东昌府区,371500,聊城市,prefecture,current_code,
370112,山东省,济南市,历城区,1080,current,current_code,100,370000,山东省,370100,济南市,370112,历城区,370100,济南市,prefecture,current_code,
513226,四川省,阿坝藏族羌族自治州,金川县,1080,current,current_code,100,510000,四川省,513200,阿坝藏族羌族自治州,513226,金川县,513200,阿坝藏族羌族自治州,prefecture,current_code,
522130,贵州省,遵义地区,仁怀县,1080,historical_mapped,historical_crosswalk,85,520000,贵州省,520300,遵义市,520382,仁怀市,520300,遵义市,prefecture,unique_canonical_name_under_mapped_parent,
152626,内蒙古自治区,乌兰察布盟,商都县,1078,ambiguous,historical_crosswalk,100,,,,,,,,,,historical_code_reused,150923
420624,湖北省,襄阳市,南漳县,1075,current,current_code,100,420000,湖北省,420600,襄阳市,420624,南漳县,420600,襄阳市,prefecture,current_code,
421003,湖北省,荆州市,荆州区,1075,current,current_code,100,420000,湖北省,421000,荆州市,421003,荆州区,421000,荆州市,prefecture,current_code,
422301,湖北省,咸宁地区,咸宁市,1073,partial,historical_crosswalk,90,420000,湖北省,421200,咸宁市,,,421200,咸宁市,prefecture,unique_exact_name_under_mapped_parent,
422326,湖北省,咸宁地区,通山县,1073,historical_mapped,historical_crosswalk,90,420000,湖北省,421200,咸宁市,421224,通山县,421200,咸宁市,prefecture,unique_exact_name_under_mapped_parent,
422825,湖北省,恩施土家族苗族自治州,宣恩县,1073,current,current_code,100,420000,湖北省,422800,恩施土家族苗族自治州,422825,宣恩县,422800,恩施土家族苗族自治州,prefecture,current_code,
430302,湖南省,湘潭市,雨湖区,1072,current,current_code,100,430000,湖南省,430300,湘潭市,430302,雨湖区,430300,湘潭市,prefecture,current_code,
130604,河北省,保定市,南市区,1070,partial,historical_crosswalk,70,130000,河北省,130600,保定市,,,130600,保定市,prefecture,mapped_parent_only,
510219,四川省,重庆市,巴南区,1070,historical_mapped,historical_crosswalk,90,500000,重庆市,,,500113,巴南区,500000,重庆市,municipality,unique_exact_name_under_mapped_parent,
532924,云南省,大理白族自治州,宾川县,1070,current,current_code,100,530000,云南省,532900,大理白族自治州,532924,宾川县,532900,大理白族自治州,prefecture,current_code,
500242,重庆市,重庆市,酉阳土家族苗族自治县,1069,current,current_code,100,500000,重庆市,,,500242,酉阳土家族苗族自治县,500000,重庆市,municipality,current_code,
350423,福建省,三明市,清流县,1068,current,current_code,100,350000,福建省,350400,三明市,350423,清流县,350400,三明市,prefecture,current_code,
532122,云南省,昭通地区,鲁甸县,1068,historical_mapped,historical_crosswalk,90,530000,云南省,530600,昭通市,530621,鲁甸县,530600,昭通市,prefecture,unique_exact_name_under_mapped_parent,
133025,河北省,衡水地区,深县,1067,partial,historical_crosswalk,70,130000,河北省,131100,衡水市,,,131100,衡水市,prefecture,mapped_parent_only,
410182,河南省,郑州市,荥阳市,1067,current,current_code,100,410000,河南省,410100,郑州市,410182,荥阳市,410100,郑州市,prefecture,current_code,
431024,湖南省,郴州市,嘉禾县,1065,current,current_code,100,430000,湖南省,431000,郴州市,431024,嘉禾县,431000,郴州市,prefecture,current_code,
412325,河南省,商丘地区,睢县,1064,historical_mapped,historical_crosswalk,90,410000,河南省,411400,商丘市,411422,睢县,411400,商丘市,prefecture,unique_exact_name_under_mapped_parent,
130637,河北省,保定市,博野县,1063,current,current_code,100,130000,河北省,130600,保定市,130637,博野县,130600,保定市,prefecture,current_code,
211011,辽宁省,辽阳市,太子河区,1063,current,current_code,100,210000,辽宁省,211000,辽阳市,211011,太子河区,211000,辽阳市,prefecture,current_code,
372401,山东省,德州地区,德州市,1063,partial,historical_crosswalk,90,370000,山东省,371400,德州市,,,371400,德州市,prefecture,unique_exact_name_under_mapped_parent,
132521,河北省,张家口地区,张北县,1062,historical_mapped,historical_crosswalk,90,130000,河北省,130700,张家口市,130722,张北县,130700,张家口市,prefecture,unique_exact_name_under_mapped_parent,
130721,河北省,张家口市,宣化县,1061,historical_mapped,historical_crosswalk,85,130000,河北省,130700,张家口市,130705,宣化区,130700,张家口市,prefecture,unique_canonical_name_under_mapped_parent,
150104,内蒙古自治区,呼和浩特市,玉泉区,1061,current,current_code,100,150000,内蒙古自治区,150100,呼和浩特市,150104,玉泉区,150100,呼和浩特市,prefecture,current_code,
433130,湖南省,湘西土家族苗族自治州,龙山县,1060,current,current_code,100,430000,湖南省,433100,湘西土家族苗族自治州,433130,龙山县,433100,湘西土家族苗族自治州,prefecture,current_code,
152221,内蒙古自治区,兴安盟,科尔沁右翼前旗,1059,current,current_code,100,150000,内蒙古自治区,152200,兴安盟,152221,科尔沁右翼前旗,152200,兴安盟,prefecture,current_code,
332524,浙江省,丽水地区,龙泉县,1059,ambiguous,historical_crosswalk,100,,,,,,,,,,historical_code_reused,331181
360733,江西省,赣州市,会昌县,1059,current,current_code,100,360000,江西省,360700,赣州市,360733,会昌县,360700,赣州市,prefecture,current_code,
370703,山东省,潍坊市,寒亭区,1059,current,current_code,100,370000,山东省,370700,潍坊市,370703,寒亭区,370700,潍坊市,prefecture,current_code,
340111,安徽省,合肥市,包河区,1058,current,current_code,100,340000,安徽省,340100,合肥市,340111,包河区,340100,合肥市,prefecture,current_code,
142202,山西省,忻州地区,原平市,1057,historical_mapped,historical_crosswalk,90,140000,山西省,140900,忻州市,140981,原平市,140900,忻州市,prefecture,unique_exact_name,
371329,山东省,临沂市,临沭县,1057,current,current_code,100,370000,山东省,371300,临沂市,371329,临沭县,371300,临沂市,prefecture,current_code,
511131,四川省,乐山市,丹棱县,1056,historical_mapped,historical_crosswalk,90,510000,四川省,511400,眉山市,511424,丹棱县,511400,眉山市,prefecture,unique_exact_name,
622701,甘肃省,平凉地区,平凉市,1056,partial,historical_crosswalk,90,620000,甘肃省,620800,平凉市,,,620800,平凉市,prefecture,unique_exact_name_under_mapped_parent,
130184,河北省,石家庄市,新乐市,1055,current,current_code,100,130000,河北省,130100,石家庄市,130184,新乐市,130100,石家庄市,prefecture,current_code,
532502,云南省,红河哈尼族彝族自治州,开远市,1055,current,current_code,100,530000,云南省,532500,红河哈尼族彝族自治州,532502,开远市,532500,红河哈尼族彝族自治州,prefecture,current_code,
232301,黑龙江省,绥化地区,绥化市,1054,partial,historical_crosswalk,90,230000,黑龙江省,231200,绥化市,,,231200,绥化市,prefecture,unique_exact_name,
500243,重庆市,重庆市,彭水苗族土家族自治县,1053,current,current_code,100,500000,重庆市,,,500243,彭水苗族土家族自治县,500000,重庆市,municipality,current_code,
513224,四川省,阿坝藏族羌族自治州,松潘县,1053,current,current_code,100,510000,四川省,513200,阿坝藏族羌族自治州,513224,松潘县,513200,阿坝藏族羌族自治州,prefecture,current_code,
513227,四川省,阿坝藏族羌族自治州,小金县,1052,current,current_code,100,510000,四川省,513200,阿坝藏族羌族自治州,513227,小金县,513200,阿坝藏族羌族自治州,prefecture,current_code,
132629,河北省,承德地区,围场满族蒙古族自治县,1051,ambiguous,historical_crosswalk,100,,,,,,,,,,historical_code_reused,130828
371121,山东省,日照市,五莲县,1051,current,current_code,100,370000,山东省,371100,日照市,371121,五莲县,371100,日照市,prefecture,current_code,
372325,山东省,滨州地区,沾化县,1051,historical_mapped,historical_crosswalk,85,370000,山东省,371600,滨州市,371603,沾化区,371600,滨州市,prefecture,unique_canonical_name,
430702,湖南省,常德市,武陵区,1050,current,current_code,100,430000,湖南省,430700,常德市,430702,武陵区,430700,常德市,prefecture,current_code,
522426,贵州省,毕节地区,纳雍县,1050,historical_mapped,historical_crosswalk,90,520000,贵州省,520500,毕节市,520525,纳雍县,520500,毕节市,prefecture,unique_exact_name_under_mapped_parent,
410185,河南省,郑州市,登封市,1049,current,current_code,100,410000,河南省,410100,郑州市,410185,登封市,410100,郑州市,prefecture,current_code,
420982,湖北省,孝感市,安陆市,1049,current,current_code,100,420000,湖北省,420900,孝感市,420982,安陆市,420900,孝感市,prefecture,current_code,
140203,山西省,大同市,矿区,1048,historical_mapped,historical_crosswalk,90,140000,山西省,140300,阳泉市,140303,矿区,140300,阳泉市,prefecture,unique_exact_name,
362136,江西省,赣州地区,寻乌县,1048,historical_mapped,historical_crosswalk,90,360000,江西省,360700,赣州市,360734,寻乌县,360700,赣州市,prefecture,unique_exact_name,
150207,内蒙古自治区,包头市,九原区,1047,current,current_code,100,150000,内蒙古自治区,150200,包头市,150207,九原区,150200,包头市,prefecture,current_code,
320401,江苏省,常州市,,1047,partial,current_parent_code,60,320000,江苏省,320400,常州市,,,320400,常州市,prefecture,current_parent_code,
410421,河南省,平顶山市,宝丰县,1046,current,current_code,100,410000,河南省,410400,平顶山市,410421,宝丰县,410400,平顶山市,prefecture,current_code,
370785,山东省,潍坊市,高密市,1045,current,current_code,100,370000,山东省,370700,潍坊市,370785,高密市,370700,潍坊市,prefecture,current_code,
370202,山东省,青岛市,市南区,1042,current,current_code,100,370000,山东省,370200,青岛市,370202,市南区,370200,青岛市,prefecture,current_code,
522321,贵州省,黔西南布依族苗族自治州,兴义县,1042,historical_mapped,historical_crosswalk,85,520000,贵州省,522300,黔西南布依族苗族自治州,522301,兴义市,522300,黔西南布依族苗族自治州,prefecture,unique_canonical_name_under_mapped_parent,
132235,河北省,邢台地区,威县,1041,historical_mapped,historical_crosswalk,90,130000,河北省,130500,邢台市,130533,威县,130500,邢台市,prefecture,unique_exact_name_under_mapped_parent,
130922,河北省,沧州市,青县,1040,current,current_code,100,130000,河北省,130900,沧州市,130922,青县,130900,沧州市,prefecture,current_code,
220582,吉林省,通化市,集安市,1038,current,current_code,100,220000,吉林省,220500,通化市,220582,集安市,220500,通化市,prefecture,current_code,
411002,河南省,许昌市,魏都区,1037,current,current_code,100,410000,河南省,411000,许昌市,411002,魏都区,411000,许昌市,prefecture,current_code,
411121,河南省,漯河市,舞阳县,1037,current,current_code,100,410000,河南省,411100,漯河市,411121,舞阳县,411100,漯河市,prefecture,current_code,
513322,四川省,甘孜藏族自治州,泸定县,1037,current,current_code,100,510000,四川省,513300,甘孜藏族自治州,513322,泸定县,513300,甘孜藏族自治州,prefecture,current_code,
210811,辽宁省,营口市,老边区,1036,current,current_code,100,210000,辽宁省,210800,营口市,210811,老边区,210800,营口市,prefecture,current_code,
420324,湖北省,十堰市,竹溪县,1035,current,current_code,100,420000,湖北省,420300,十堰市,420324,竹溪县,420300,十堰市,prefecture,current_code,
513431,四川省,凉山彝族自治州,昭觉县,1035,current,current_code,100,510000,四川省,513400,凉山彝族自治州,513431,昭觉县,513400,凉山彝族自治州,prefecture,current_code,
341621,安徽省,亳州市,涡阳县,1034,current,current_code,100,340000,安徽省,341600,亳州市,341621,涡阳县,341600,亳州市,prefecture,current_code,
132924,河北省,沧州地区,献县,1032,historical_mapped,historical_crosswalk,90,130000,河北省,130900,沧州市,130929,献县,130900,沧州市,prefecture,unique_exact_name_under_mapped_parent,
360735,江西省,赣州市,石城县,1032,current,current_code,100,360000,江西省,360700,赣州市,360735,石城县,360700,赣州市,prefecture,current_code,
411082,河南省,许昌市,长葛市,1032,current,current_code,100,410000,河南省,411000,许昌市,411082,长葛市,411000,许昌市,prefecture,current_code,
120112,天津市,天津市,津南区,1031,current,current_code,100,120000,天津市,,,120112,津南区,120000,天津市,municipality,current_code,
130925,河北省,沧州市,盐山县,1029,current,current_code,100,130000,河北省,130900,沧州市,130925,盐山县,130900,沧州市,prefecture,current_code,
412701,河南省,周口地区,周口市,1029,partial,historical_crosswalk,90,410000,河南省,411600,周口市,,,411600,周口市,prefecture,unique_exact_name_under_mapped_parent,
612321,陕西省,汉中地区,南郑县,1029,historical_mapped,historical_crosswalk,85,610000,陕西省,610700,汉中市,610703,南郑区,610700,汉中市,prefecture,unique_canonical_name_under_mapped_parent,
132440,河北省,保定地区,安国县,1028,historical_mapped,historical_crosswalk,85,130000,河北省,130600,保定市,130683,安国市,130600,保定市,prefecture,unique_canonical_name_under_mapped_parent,
432901,湖南省,零陵地区,永州市,1028,partial,historical_crosswalk,90,430000,湖南省,431100,永州市,,,431100,永州市,prefecture,unique_exact_name,
411422,河南省,商丘市,睢县,1027,current,current_code,100,410000,河南省,411400,商丘市,411422,睢县,411400,商丘市,prefecture,current_code,
440125,广东省,广州市,增城县,1027,historical_mapped,historical_crosswalk,85,440000,广东省,440100,广州市,440118,增城区,440100,广州市,prefecture,unique_canonical_name_under_mapped_parent,
652701,新疆维吾尔自治区,博尔塔拉蒙古自治州,博乐市,1027,current,current_code,100,650000,新疆维吾尔自治区,652700,博尔塔拉蒙古自治州,652701,博乐市,652700,博尔塔拉蒙古自治州,prefecture,current_code,
220519,吉林省,通化市,梅河口市,1026,historical_mapped,historical_crosswalk,90,220000,吉林省,220500,通化市,220581,梅河口市,220500,通化市,prefecture,unique_exact_name_under_mapped_parent,
532326,云南省,楚雄彝族自治州,大姚县,1026,current,current_code,100,530000,云南省,532300,楚雄彝族自治州,532326,大姚县,532300,楚雄彝族自治州,prefecture,current_code,
142623,山西省,临汾地区,襄汾县,1025,ambiguous,historical_crosswalk,100,,,,,,,,,,historical_code_reused,141023
420921,湖北省,孝感市,孝昌县,1025,current,current_code,100,420000,湖北省,420900,孝感市,420921,孝昌县,420900,孝感市,prefecture,current_code,
441424,广东省,梅州市,五华县,1025,current,current_code,100,440000,广东省,441400,梅州市,441424,五华县,441400,梅州市,prefecture,current_code,
513232,四川省,阿坝藏族羌族自治州,若尔盖县,1023,current,current_code,100,510000,四川省,513200,阿坝藏族羌族自治州,513232,若尔盖县,513200,阿坝藏族羌族自治州,prefecture,current_code,
622822,甘肃省,庆阳地区,环县,1023,historical_mapped,historical_crosswalk,90,620000,甘肃省,621000,庆阳市,621022,环县,621000,庆阳市,prefecture,unique_exact_name_under_mapped_parent,
640122,宁夏回族自治区,银川市,贺兰县,1023,current,current_code,100,640000,宁夏回族自治区,640100,银川市,640122,贺兰县,640100,银川市,prefecture,current_code,
411302,河南省,南阳市,宛城区,1022,current,current_code,100,410000,河南省,411300,南阳市,411302,宛城区,411300,南阳市,prefecture,current_code,
140502,山西省,晋城市,城区,1020,current,current_code,100,140000,山西省,140500,晋城市,140502,城区,140500,晋城市,prefecture,current_code,
352102,福建省,南平地区,邵武市,1020,historical_mapped,historical_crosswalk,90,350000,福建省,350700,南平市,350781,邵武市,350700,南平市,prefecture,unique_exact_name,
440183,广东省,广州市,增城市,1020,historical_mapped,historical_crosswalk,85,440000,广东省,440100,广州市,440118,增城区,440100,广州市,prefecture,unique_canonical_name_under_mapped_parent,
133030,河北省,衡水地区,景县,1018,historical_mapped,historical_crosswalk,90,130000,河北省,131100,衡水市,131127,景县,131100,衡水市,prefecture,unique_exact_name_under_mapped_parent,
210781,辽宁省,锦州市,凌海市,1018,current,current_code,100,210000,辽宁省,210700,锦州市,210781,凌海市,210700,锦州市,prefecture,current_code,
440921,广东省,茂名市,信宜县,1017,historical_mapped,historical_crosswalk,85,440000,广东省,440900,茂名市,440983,信宜市,440900,茂名市,prefecture,unique_canonical_name_under_mapped_parent,
522126,贵州省,遵义地区,务川仡佬族苗族自治县,1017,ambiguous,historical_crosswalk,100,,,,,,,,,,historical_code_reused,520326
500241,重庆市,重庆市,秀山土家族苗族自治县,1015,current,current_code,100,500000,重庆市,,,500241,秀山土家族苗族自治县,500000,重庆市,municipality,current_code,
110222,北京市,北京市,顺义县,1014,historical_mapped,historical_crosswalk,85,110000,北京市,,,110113,顺义区,110000,北京市,municipality,unique_canonical_name,
132423,河北省,保定地区,徐水县,1014,historical_mapped,historical_crosswalk,85,130000,河北省,130600,保定市,130609,徐水区,130600,保定市,prefecture,unique_canonical_name_under_mapped_parent,
622726,甘肃省,平凉地区,庄浪县,1014,historical_mapped,historical_crosswalk,90,620000,甘肃省,620800,平凉市,620825,庄浪县,620800,平凉市,prefecture,unique_exact_name_under_mapped_parent,
342129,安徽省,阜阳地区,界首县,1012,historical_mapped,historical_crosswalk,85,340000,安徽省,341200,阜阳市,341282,界首市,341200,阜阳市,prefecture,unique_canonical_name_under_mapped_parent,
500237,重庆市,重庆市,巫山县,1008,current,current_code,100,500000,重庆市,,,500237,巫山县,500000,重庆市,municipality,current_code,
410523,河南省,安阳市,汤阴县,1007,current,current_code,100,410000,河南省,410500,安阳市,410523,汤阴县,410500,安阳市,prefecture,current_code,
411403,河南省,商丘市,睢阳区,1007,current,current_code,100,410000,河南省,411400,商丘市,411403,睢阳区,411400,商丘市,prefecture,current_code,
420802,湖北省,荆门市,东宝区,1007,current,current_code,100,420000,湖北省,420800,荆门市,420802,东宝区,420800,荆门市,prefecture,current_code,
440301,广东省,深圳市,,1007,partial,current_parent_code,60,440000,广东省,440300,深圳市,,,440300,深圳市,prefecture,current_parent_code,
500384,重庆市,涪陵市,南川市,1006,historical_mapped,historical_crosswalk,85,500000,重庆市,,,500119,南川区,500000,重庆市,municipality,unique_canonical_name,
130121,河北省,石家庄市,井陉县,1005,current,current_code,100,130000,河北省,130100,石家庄市,130121,井陉县,130100,石家庄市,prefecture,current_code,
430425,湖南省,衡阳市,常宁县,1005,historical_mapped,historical_crosswalk,85,430000,湖南省,430400,衡阳市,430482,常宁市,430400,衡阳市,prefecture,unique_canonical_name_under_mapped_parent,
522227,贵州省,铜仁地区,德江县,1005,historical_mapped,historical_crosswalk,90,520000,贵州省,520600,铜仁市,520626,德江县,520600,铜仁市,prefecture,unique_exact_name_under_mapped_parent,
140107,山西省,太原市,杏花岭区,1004,current,current_code,100,140000,山西省,140100,太原市,140107,杏花岭区,140100,太原市,prefecture,current_code,
370721,山东省,潍坊市,益都县,1004,partial,historical_crosswalk,70,370000,山东省,370700,潍坊市,,,370700,潍坊市,prefecture,mapped_parent_only,
620123,甘肃省,兰州市,榆中县,1004,current,current_code,100,620000,甘肃省,620100,兰州市,620123,榆中县,620100,兰州市,prefecture,current_code,
622626,甘肃省,陇南地区,文县,1004,historical_mapped,historical_crosswalk,90,620000,甘肃省,621200,陇南市,621222,文县,621200,陇南市,prefecture,unique_exact_name,
350429,福建省,三明市,泰宁县,1003,current,current_code,100,350000,福建省,350400,三明市,350429,泰宁县,350400,三明市,prefecture,current_code,
132324,河北省,石家庄地区,无极县,1002,historical_mapped,historical_crosswalk,90,130000,河北省,130100,石家庄市,130130,无极县,130100,石家庄市,prefecture,unique_exact_name_under_mapped_parent,
410311,河南省,洛阳市,洛龙区,1002,current,current_code,100,410000,河南省,410300,洛阳市,410311,洛龙区,410300,洛阳市,prefecture,current_code,
522228,贵州省,铜仁地区,沿河土家族自治县,999,ambiguous,historical_crosswalk,100,,,,,,,,,,historical_code_reused,520627
430721,湖南省,常德市,安乡县,998,current,current_code,100,430000,湖南省,430700,常德市,430721,安乡县,430700,常德市,prefecture,current_code,
440524,广东省,汕头市,潮阳县,998,historical_mapped,historical_crosswalk,85,440000,广东省,440500,汕头市,440513,潮阳区,440500,汕头市,prefecture,unique_canonical_name_under_mapped_parent,
532823,云南省,西双版纳傣族自治州,勐腊县,998,current,current_code,100,530000,云南省,532800,西双版纳傣族自治州,532823,勐腊县,532800,西双版纳傣族自治州,prefecture,current_code,
654123,新疆维吾尔自治区,伊犁地区,霍城县,998,historical_mapped,historical_crosswalk,90,650000,新疆维吾尔自治区,654000,伊犁哈萨克自治州,654023,霍城县,654000,伊犁哈萨克自治州,prefecture,unique_exact_name,
370103,山东省,济南市,市中区,996,current,current_code,100,370000,山东省,370100,济南市,370103,市中区,370100,济南市,prefecture,current_code,
432923,湖南省,零陵地区,道县,996,historical_mapped,historical_crosswalk,90,430000,湖南省,431100,永州市,431124,道县,431100,永州市,prefecture,unique_exact_name,
412801,河南省,驻马店地区,驻马店市,994,partial,historical_crosswalk,90,410000,河南省,411700,驻马店市,,,411700,驻马店市,prefecture,unique_exact_name_under_mapped_parent,
410802,河南省,焦作市,解放区,993,current,current_code,100,410000,河南省,410800,焦作市,410802,解放区,410800,焦作市,prefecture,current_code,
612323,陕西省,汉中地区,洋县,993,historical_mapped,historical_crosswalk,90,610000,陕西省,610700,汉中市,610723,洋县,610700,汉中市,prefecture,unique_exact_name_under_mapped_parent,
622424,甘肃省,定西地区,通渭县,993,historical_mapped,historical_crosswalk,90,620000,甘肃省,621100,定西市,621121,通渭县,621100,定西市,prefecture,unique_exact_name_under_mapped_parent,
220622,吉林省,白山市,靖宇县,992,current,current_code,100,220000,吉林省,220600,白山市,220622,靖宇县,220600,白山市,prefecture,current_code,
142729,山西省,运城地区,闻喜县,991,ambiguous,historical_crosswalk,100,,,,,,,,,,historical_code_reused,140823
522425,贵州省,毕节地区,织金县,991,historical_mapped,historical_crosswalk,90,520000,贵州省,520500,毕节市,520524,织金县,520500,毕节市,prefecture,unique_exact_name_under_mapped_parent,
360101,江西省,南昌市,,990,partial,current_parent_code,60,360000,江西省,360100,南昌市,,,360100,南昌市,prefecture,current_parent_code,
522225,贵州省,铜仁地区,思南县,990,historical_mapped,historical_crosswalk,90,520000,贵州省,520600,铜仁市,520624,思南县,520600,铜仁市,prefecture,unique_exact_name_under_mapped_parent,
372502,山东省,聊城地区,临清市,989,historical_mapped,historical_crosswalk,90,370000,山东省,371500,聊城市,371581,临清市,371500,聊城市,prefecture,unique_exact_name_under_mapped_parent,
420321,湖北省,十堰市,郧县,989,partial,historical_crosswalk,70,420000,湖北省,420300,十堰市,,,420300,十堰市,prefecture,mapped_parent_only,
432325,湖南省,益阳地区,桃江县,989,historical_mapped,historical_crosswalk,90,430000,湖南省,430900,益阳市,430922,桃江县,430900,益阳市,prefecture,unique_exact_name_under_mapped_parent,
210319,辽宁省,鞍山市,海城市,988,historical_mapped,historical_crosswalk,90,210000,辽宁省,210300,鞍山市,210381,海城市,210300,鞍山市,prefecture,unique_exact_name_under_mapped_parent,
211225,辽宁省,铁岭市,康平县,988,historical_mapped,historical_crosswalk,90,210000,辽宁省,210100,沈阳市,210123,康平县,210100,沈阳市,prefecture,unique_exact_name,
130526,河北省,邢台市,任县,987,partial,historical_crosswalk,70,130000,河北省,130500,邢台市,,,130500,邢台市,prefecture,mapped_parent_only,
342923,安徽省,池州地区,青阳县,985,historical_mapped,historical_crosswalk,90,340000,安徽省,341700,池州市,341723,青阳县,341700,池州市,prefecture,unique_exact_name_under_mapped_parent,
510203,四川省,重庆市,大渡口区,984,historical_mapped,historical_crosswalk,90,500000,重庆市,,,500104,大渡口区,500000,重庆市,municipality,unique_exact_name_under_mapped_parent,
620104,甘肃省,兰州市,西固区,984,current,current_code,100,620000,甘肃省,620100,兰州市,620104,西固区,620100,兰州市,prefecture,current_code,
654101,新疆维吾尔自治区,伊犁地区,伊宁市,984,historical_mapped,historical_crosswalk,90,650000,新疆维吾尔自治区,654000,伊犁哈萨克自治州,654002,伊宁市,654000,伊犁哈萨克自治州,prefecture,unique_exact_name,
610581,陕西省,渭南市,韩城市,983,current,current_code,100,610000,陕西省,610500,渭南市,610581,韩城市,610500,渭南市,prefecture,current_code,
120224,天津市,天津市,宝坻县,982,historical_mapped,historical_crosswalk,85,120000,天津市,,,120115,宝坻区,120000,天津市,municipality,unique_canonical_name,
131024,河北省,廊坊市,香河县,982,current,current_code,100,130000,河北省,131000,廊坊市,131024,香河县,131000,廊坊市,prefecture,current_code,
411323,河南省,南阳市,西峡县,982,current,current_code,100,410000,河南省,411300,南阳市,411323,西峡县,411300,南阳市,prefecture,current_code,
422324,湖北省,咸宁地区,通城县,982,historical_mapped,historical_crosswalk,90,420000,湖北省,421200,咸宁市,421222,通城县,421200,咸宁市,prefecture,unique_exact_name_under_mapped_parent,
445121,广东省,潮州市,潮安县,979,historical_mapped,historical_crosswalk,85,440000,广东省,445100,潮州市,445103,潮安区,445100,潮州市,prefecture,unique_canonical_name_under_mapped_parent,
130185,河北省,石家庄市,鹿泉市,976,historical_mapped,historical_crosswalk,85,130000,河北省,130100,石家庄市,130110,鹿泉区,130100,石家庄市,prefecture,unique_canonical_name_under_mapped_parent,
211403,辽宁省,葫芦岛市,龙港区,975,current,current_code,100,210000,辽宁省,211400,葫芦岛市,211403,龙港区,211400,葫芦岛市,prefecture,current_code,
622801,甘肃省,庆阳地区,西峰市,973,historical_mapped,historical_crosswalk,85,620000,甘肃省,621000,庆阳市,621002,西峰区,621000,庆阳市,prefecture,unique_canonical_name_under_mapped_parent,
152224,内蒙古自治区,兴安盟,突泉县,971,current,current_code,100,150000,内蒙古自治区,152200,兴安盟,152224,突泉县,152200,兴安盟,prefecture,current_code,
220503,吉林省,通化市,二道江区,971,current,current_code,100,220000,吉林省,220500,通化市,220503,二道江区,220500,通化市,prefecture,current_code,
652324,新疆维吾尔自治区,昌吉回族自治州,玛纳斯县,971,current,current_code,100,650000,新疆维吾尔自治区,652300,昌吉回族自治州,652324,玛纳斯县,652300,昌吉回族自治州,prefecture,current_code,
500240,重庆市,重庆市,石柱土家族自治县,970,current,current_code,100,500000,重庆市,,,500240,石柱土家族自治县,500000,重庆市,municipality,current_code,
130230,河北省,唐山市,唐海县,969,ambiguous,historical_crosswalk,100,,,,,,,,,,historical_code_reused,
352123,福建省,南平地区,建瓯县,969,historical_mapped,historical_crosswalk,85,350000,福建省,350700,南平市,350783,建瓯市,350700,南平市,prefecture,unique_canonical_name,
533523,云南省,临沧地区,云县,969,historical_mapped,historical_crosswalk,90,530000,云南省,530900,临沧市,530922,云县,530900,临沧市,prefecture,unique_exact_name_under_mapped_parent,
339002,浙江省,浙江省直辖县级行政区划,海宁市,968,historical_mapped,historical_crosswalk,90,330000,浙江省,330400,嘉兴市,330481,海宁市,330400,嘉兴市,prefecture,unique_exact_name,
410121,河南省,郑州市,荥阳县,968,historical_mapped,historical_crosswalk,85,410000,河南省,410100,郑州市,410182,荥阳市,410100,郑州市,prefecture,unique_canonical_name_under_mapped_parent,
511227,四川省,万县市,巫溪县,968,ambiguous,historical_crosswalk,100,,,,,,,,,,cross_province_exact_name_requires_review,
520201,贵州省,六盘水市,钟山区,968,current,current_code,100,520000,贵州省,520200,六盘水市,520201,钟山区,520200,六盘水市,prefecture,current_code,
342301,安徽省,滁县地区,滁州市,967,partial,historical_crosswalk,90,340000,安徽省,341100,滁州市,,,341100,滁州市,prefecture,unique_exact_name_under_mapped_parent,
152122,内蒙古自治区,呼伦贝尔盟,阿荣旗,966,historical_mapped,historical_crosswalk,90,150000,内蒙古自治区,150700,呼伦贝尔市,150721,阿荣旗,150700,呼伦贝尔市,prefecture,unique_exact_name_under_mapped_parent,
130206,河北省,唐山市,新区,965,partial,historical_crosswalk,70,130000,河北省,130200,唐山市,,,130200,唐山市,prefecture,mapped_parent_only,
370681,山东省,烟台市,龙口市,965,current,current_code,100,370000,山东省,370600,烟台市,370681,龙口市,370600,烟台市,prefecture,current_code,
350782,福建省,南平市,武夷山市,962,current,current_code,100,350000,福建省,350700,南平市,350782,武夷山市,350700,南平市,prefecture,current_code,
410927,河南省,濮阳市,台前县,962,current,current_code,100,410000,河南省,410900,濮阳市,410927,台前县,410900,濮阳市,prefecture,current_code,
433024,湖南省,怀化地区,溆浦县,962,historical_mapped,historical_crosswalk,90,430000,湖南省,431200,怀化市,431224,溆浦县,431200,怀化市,prefecture,unique_exact_name,
522427,贵州省,毕节地区,威宁彝族回族苗族自治县,962,historical_mapped,historical_crosswalk,90,520000,贵州省,520500,毕节市,520526,威宁彝族回族苗族自治县,520500,毕节市,prefecture,unique_exact_name_under_mapped_parent,
131182,河北省,衡水市,深州市,961,current,current_code,100,130000,河北省,131100,衡水市,131182,深州市,131100,衡水市,prefecture,current_code,
152222,内蒙古自治区,兴安盟,科尔沁右翼中旗,961,current,current_code,100,150000,内蒙古自治区,152200,兴安盟,152222,科尔沁右翼中旗,152200,兴安盟,prefecture,current_code,
532622,云南省,文山壮族苗族自治州,砚山县,961,current,current_code,100,530000,云南省,532600,文山壮族苗族自治州,532622,砚山县,532600,文山壮族苗族自治州,prefecture,current_code,
612522,陕西省,商洛地区,洛南县,960,historical_mapped,historical_crosswalk,90,610000,陕西省,611000,商洛市,611021,洛南县,611000,商洛市,prefecture,unique_exact_name_under_mapped_parent,
513231,四川省,阿坝藏族羌族自治州,阿坝县,959,current,current_code,100,510000,四川省,513200,阿坝藏族羌族自治州,513231,阿坝县,513200,阿坝藏族羌族自治州,prefecture,current_code,
612429,陕西省,安康地区,旬阳县,957,historical_mapped,historical_crosswalk,85,610000,陕西省,610900,安康市,610981,旬阳市,610900,安康市,prefecture,unique_canonical_name_under_mapped_parent,
410323,河南省,洛阳市,新安县,955,current,current_code,100,410000,河南省,410300,洛阳市,410323,新安县,410300,洛阳市,prefecture,current_code,
532626,云南省,文山壮族苗族自治州,丘北县,955,current,current_code,100,530000,云南省,532600,文山壮族苗族自治州,532626,丘北县,532600,文山壮族苗族自治州,prefecture,current_code,
642103,宁夏回族自治区,银南地区,灵武市,955,historical_mapped,historical_crosswalk,90,640000,宁夏回族自治区,640100,银川市,640181,灵武市,640100,银川市,prefecture,unique_exact_name,
142301,山西省,吕梁地区,孝义市,954,ambiguous,historical_crosswalk,100,,,,,,,,,,historical_code_reused,141181
371311,山东省,临沂市,罗庄区,954,current,current_code,100,370000,山东省,371300,临沂市,371311,罗庄区,371300,临沂市,prefecture,current_code,
430102,湖南省,长沙市,芙蓉区,954,current,current_code,100,430000,湖南省,430100,长沙市,430102,芙蓉区,430100,长沙市,prefecture,current_code,
610326,陕西省,宝鸡市,眉县,954,current,current_code,100,610000,陕西省,610300,宝鸡市,610326,眉县,610300,宝鸡市,prefecture,current_code,
140602,山西省,朔州市,朔城区,953,current,current_code,100,140000,山西省,140600,朔州市,140602,朔城区,140600,朔州市,prefecture,current_code,
232103,黑龙江省,松花江地区,五常市,953,historical_mapped,historical_crosswalk,90,230000,黑龙江省,230100,哈尔滨市,230184,五常市,230100,哈尔滨市,prefecture,unique_exact_name,
422325,湖北省,咸宁地区,崇阳县,952,historical_mapped,historical_crosswalk,90,420000,湖北省,421200,咸宁市,421223,崇阳县,421200,咸宁市,prefecture,unique_exact_name_under_mapped_parent,
431026,湖南省,郴州市,汝城县,952,current,current_code,100,430000,湖南省,431000,郴州市,431026,汝城县,431000,郴州市,prefecture,current_code,
230229,黑龙江省,齐齐哈尔市,克山县,948,current,current_code,100,230000,黑龙江省,230200,齐齐哈尔市,230229,克山县,230200,齐齐哈尔市,prefecture,current_code,
610602,陕西省,延安市,宝塔区,948,current,current_code,100,610000,陕西省,610600,延安市,610602,宝塔区,610600,延安市,prefecture,current_code,
420821,湖北省,荆门市,京山县,947,historical_mapped,historical_crosswalk,85,420000,湖北省,420800,荆门市,420882,京山市,420800,荆门市,prefecture,unique_canonical_name_under_mapped_parent,
430322,湖南省,湘潭市,湘乡县,946,ambiguous,historical_crosswalk,100,,,,,,,,,,historical_code_reused,430381
432828,湖南省,郴州地区,汝城县,946,historical_mapped,historical_crosswalk,90,430000,湖南省,431000,郴州市,431026,汝城县,431000,郴州市,prefecture,unique_exact_name_under_mapped_parent,
132529,河北省,张家口地区,怀来县,945,historical_mapped,historical_crosswalk,90,130000,河北省,130700,张家口市,130730,怀来县,130700,张家口市,prefecture,unique_exact_name_under_mapped_parent,
411522,河南省,信阳市,光山县,944,current,current_code,100,410000,河南省,411500,信阳市,411522,光山县,411500,信阳市,prefecture,current_code,
110106,北京市,北京市,丰台区,943,current,current_code,100,110000,北京市,,,110106,丰台区,110000,北京市,municipality,current_code,
370404,山东省,枣庄市,峄城区,943,current,current_code,100,370000,山东省,370400,枣庄市,370404,峄城区,370400,枣庄市,prefecture,current_code,
411328,河南省,南阳市,唐河县,943,current,current_code,100,410000,河南省,411300,南阳市,411328,唐河县,411300,南阳市,prefecture,current_code,
640324,宁夏回族自治区,吴忠市,同心县,942,current,current_code,100,640000,宁夏回族自治区,640300,吴忠市,640324,同心县,640300,吴忠市,prefecture,current_code,
321001,江苏省,扬州市,,940,partial,current_parent_code,60,320000,江苏省,321000,扬州市,,,321000,扬州市,prefecture,current_parent_code,
132331,河北省,石家庄地区,元氏县,938,historical_mapped,historical_crosswalk,90,130000,河北省,130100,石家庄市,130132,元氏县,130100,石家庄市,prefecture,unique_exact_name_under_mapped_parent,
411423,河南省,商丘市,宁陵县,937,current,current_code,100,410000,河南省,411400,商丘市,411423,宁陵县,411400,商丘市,prefecture,current_code,
350781,福建省,南平市,邵武市,936,current,current_code,100,350000,福建省,350700,南平市,350781,邵武市,350700,南平市,prefecture,current_code,
642101,宁夏回族自治区,银南地区,吴忠市,936,partial,historical_crosswalk,90,640000,宁夏回族自治区,640300,吴忠市,,,640300,吴忠市,prefecture,unique_exact_name_under_mapped_parent,
420323,湖北省,十堰市,竹山县,935,current,current_code,100,420000,湖北省,420300,十堰市,420323,竹山县,420300,十堰市,prefecture,current_code,
532930,云南省,大理白族自治州,洱源县,935,current,current_code,100,530000,云南省,532900,大理白族自治州,532930,洱源县,532900,大理白族自治州,prefecture,current_code,
130433,河北省,邯郸市,馆陶县,934,current,current_code,100,130000,河北省,130400,邯郸市,130433,馆陶县,130400,邯郸市,prefecture,current_code,
132525,河北省,张家口地区,蔚县,933,historical_mapped,historical_crosswalk,90,130000,河北省,130700,张家口市,130726,蔚县,130700,张家口市,prefecture,unique_exact_name_under_mapped_parent,
152724,内蒙古自治区,伊克昭盟,鄂托克前旗,933,ambiguous,historical_crosswalk,100,,,,,,,,,,historical_code_reused,150623
520203,贵州省,六盘水市,六枝特区,932,current,current_code,100,520000,贵州省,520200,六盘水市,520203,六枝特区,520200,六盘水市,prefecture,current_code,
652827,新疆维吾尔自治区,巴音郭楞蒙古自治州,和静县,932,current,current_code,100,650000,新疆维吾尔自治区,652800,巴音郭楞蒙古自治州,652827,和静县,652800,巴音郭楞蒙古自治州,prefecture,current_code,
410322,河南省,洛阳市,孟津县,931,ambiguous,historical_crosswalk,100,,,,,,,,,,historical_code_reused,
650204,新疆维吾尔自治区,克拉玛依市,白碱滩区,931,current,current_code,100,650000,新疆维吾尔自治区,650200,克拉玛依市,650204,白碱滩区,650200,克拉玛依市,prefecture,current_code,
513229,四川省,阿坝藏族羌族自治州,马尔康县,930,ambiguous,historical_crosswalk,100,,,,,,,,,,historical_code_reused,513201
622621,甘肃省,陇南地区,武都县,929,historical_mapped,historical_crosswalk,85,620000,甘肃省,621200,陇南市,621202,武都区,621200,陇南市,prefecture,unique_canonical_name,
362529,江西省,抚州地区,资溪县,928,ambiguous,historical_crosswalk,100,,,,,,,,,,historical_code_reused,361028
532822,云南省,西双版纳傣族自治州,勐海县,928,current,current_code,100,530000,云南省,532800,西双版纳傣族自治州,532822,勐海县,532800,西双版纳傣族自治州,prefecture,current_code,
230231,黑龙江省,齐齐哈尔市,拜泉县,926,current,current_code,100,230000,黑龙江省,230200,齐齐哈尔市,230231,拜泉县,230200,齐齐哈尔市,prefecture,current_code,
411402,河南省,商丘市,梁园区,926,current,current_code,100,410000,河南省,411400,商丘市,411402,梁园区,411400,商丘市,prefecture,current_code,
412929,河南省,南阳地区,唐河县,926,historical_mapped,historical_crosswalk,90,410000,河南省,411300,南阳市,411328,唐河县,411300,南阳市,prefecture,unique_exact_name_under_mapped_parent,
140104,山西省,太原市,河西区,925,ambiguous,historical_crosswalk,100,,,,,,,,,,cross_province_exact_name_requires_review,
422101,湖北省,黄冈地区,麻城市,925,ambiguous,historical_crosswalk,100,,,,,,,,,,historical_code_reused,421181
511203,四川省,万县市,天城区,925,partial,historical_crosswalk,70,510000,四川省,,,,,,,,mapped_parent_only,
152627,内蒙古自治区,乌兰察布盟,兴和县,923,ambiguous,historical_crosswalk,100,,,,,,,,,,historical_code_reused,150924
340503,安徽省,马鞍山市,花山区,923,current,current_code,100,340000,安徽省,340500,马鞍山市,340503,花山区,340500,马鞍山市,prefecture,current_code,
610303,陕西省,宝鸡市,金台区,922,current,current_code,100,610000,陕西省,610300,宝鸡市,610303,金台区,610300,宝鸡市,prefecture,current_code,
340702,安徽省,铜陵市,铜官山区,921,partial,historical_crosswalk,70,340000,安徽省,340700,铜陵市,,,340700,铜陵市,prefecture,mapped_parent_only,
372824,山东省,临沂地区,莒南县,921,historical_mapped,historical_crosswalk,90,370000,山东省,371300,临沂市,371327,莒南县,371300,临沂市,prefecture,unique_exact_name_under_mapped_parent,
142723,山西省,运城地区,芮城县,920,ambiguous,historical_crosswalk,100,,,,,,,,,,historical_code_reused,140830
432827,湖南省,郴州地区,临武县,920,historical_mapped,historical_crosswalk,90,430000,湖南省,431000,郴州市,431025,临武县,431000,郴州市,prefecture,unique_exact_name_under_mapped_parent,
532724,云南省,思茅地区,景东彝族自治县,920,ambiguous,historical_crosswalk,100,,,,,,,,,,historical_code_reused,530823
372524,山东省,聊城地区,茌平县,919,ambiguous,historical_crosswalk,100,,,,,,,,,,historical_code_reused,371503
522229,贵州省,铜仁地区,松桃苗族自治县,919,historical_mapped,historical_crosswalk,90,520000,贵州省,520600,铜仁市,520628,松桃苗族自治县,520600,铜仁市,prefecture,unique_exact_name_under_mapped_parent,
640321,宁夏回族自治区,吴忠市,中卫县,919,partial,historical_crosswalk,85,640000,宁夏回族自治区,640500,中卫市,,,640500,中卫市,prefecture,unique_canonical_name,
653101,新疆维吾尔自治区,喀什地区,喀什市,918,current,current_code,100,650000,新疆维吾尔自治区,653100,喀什地区,653101,喀什市,653100,喀什地区,prefecture,current_code,
152921,内蒙古自治区,阿拉善盟,阿拉善左旗,917,current,current_code,100,150000,内蒙古自治区,152900,阿拉善盟,152921,阿拉善左旗,152900,阿拉善盟,prefecture,current_code,
522123,贵州省,遵义地区,绥阳县,917,historical_mapped,historical_crosswalk,90,520000,贵州省,520300,遵义市,520323,绥阳县,520300,遵义市,prefecture,unique_exact_name_under_mapped_parent,
350725,福建省,南平市,政和县,916,current,current_code,100,350000,福建省,350700,南平市,350725,政和县,350700,南平市,prefecture,current_code,
420625,湖北省,襄阳市,谷城县,916,current,current_code,100,420000,湖北省,420600,襄阳市,420625,谷城县,420600,襄阳市,prefecture,current_code,
432902,湖南省,零陵地区,冷水滩市,915,historical_mapped,historical_crosswalk,85,430000,湖南省,431100,永州市,431103,冷水滩区,431100,永州市,prefecture,unique_canonical_name,
513428,四川省,凉山彝族自治州,普格县,914,current,current_code,100,510000,四川省,513400,凉山彝族自治州,513428,普格县,513400,凉山彝族自治州,prefecture,current_code,
130683,河北省,保定市,安国市,913,current,current_code,100,130000,河北省,130600,保定市,130683,安国市,130600,保定市,prefecture,current_code,
433127,湖南省,湘西土家族苗族自治州,永顺县,913,current,current_code,100,430000,湖南省,433100,湘西土家族苗族自治州,433127,永顺县,433100,湘西土家族苗族自治州,prefecture,current_code,
131023,河北省,廊坊市,永清县,912,current,current_code,100,130000,河北省,131000,廊坊市,131023,永清县,131000,廊坊市,prefecture,current_code,
640121,宁夏回族自治区,银川市,永宁县,912,current,current_code,100,640000,宁夏回族自治区,640100,银川市,640121,永宁县,640100,银川市,prefecture,current_code,
371083,山东省,威海市,乳山市,911,current,current_code,100,370000,山东省,371000,威海市,371083,乳山市,371000,威海市,prefecture,current_code,
130131,河北省,石家庄市,平山县,910,current,current_code,100,130000,河北省,130100,石家庄市,130131,平山县,130100,石家庄市,prefecture,current_code,
142402,山西省,晋中地区,介休市,910,historical_mapped,historical_crosswalk,90,140000,山西省,140700,晋中市,140781,介休市,140700,晋中市,prefecture,unique_exact_name,
532329,云南省,楚雄彝族自治州,武定县,910,current,current_code,100,530000,云南省,532300,楚雄彝族自治州,532329,武定县,532300,楚雄彝族自治州,prefecture,current_code,
142726,山西省,运城地区,新绛县,909,ambiguous,historical_crosswalk,100,,,,,,,,,,historical_code_reused,140825
532625,云南省,文山壮族苗族自治州,马关县,909,current,current_code,100,530000,云南省,532600,文山壮族苗族自治州,532625,马关县,532600,文山壮族苗族自治州,prefecture,current_code,
130923,河北省,沧州市,东光县,908,current,current_code,100,130000,河北省,130900,沧州市,130923,东光县,130900,沧州市,prefecture,current_code,
130926,河北省,沧州市,肃宁县,908,current,current_code,100,130000,河北省,130900,沧州市,130926,肃宁县,130900,沧州市,prefecture,current_code,
152726,内蒙古自治区,伊克昭盟,杭锦旗,907,ambiguous,historical_crosswalk,100,,,,,,,,,,historical_code_reused,150625
422826,湖北省,恩施土家族苗族自治州,咸丰县,907,current,current_code,100,420000,湖北省,422800,恩施土家族苗族自治州,422826,咸丰县,422800,恩施土家族苗族自治州,prefecture,current_code,
130629,河北省,保定市,容城县,905,current,current_code,100,130000,河北省,130600,保定市,130629,容城县,130600,保定市,prefecture,current_code,
440103,广东省,广州市,荔湾区,905,current,current_code,100,440000,广东省,440100,广州市,440103,荔湾区,440100,广州市,prefecture,current_code,
131122,河北省,衡水市,武邑县,904,current,current_code,100,130000,河北省,131100,衡水市,131122,武邑县,131100,衡水市,prefecture,current_code,
340721,安徽省,铜陵市,铜陵县,904,partial,historical_crosswalk,85,340000,安徽省,340700,铜陵市,,,340700,铜陵市,prefecture,unique_canonical_name_under_mapped_parent,
522131,贵州省,遵义地区,赤水县,904,historical_mapped,historical_crosswalk,85,520000,贵州省,520300,遵义市,520381,赤水市,520300,遵义市,prefecture,unique_canonical_name_under_mapped_parent,
133023,河北省,衡水地区,枣强县,903,historical_mapped,historical_crosswalk,90,130000,河北省,131100,衡水市,131121,枣强县,131100,衡水市,prefecture,unique_exact_name_under_mapped_parent,
422422,湖北省,荆州地区,松滋县,903,historical_mapped,historical_crosswalk,85,420000,湖北省,421000,荆州市,421087,松滋市,421000,荆州市,prefecture,unique_canonical_name_under_mapped_parent,
432502,湖南省,娄底地区,冷水江市,903,historical_mapped,historical_crosswalk,90,430000,湖南省,431300,娄底市,431381,冷水江市,431300,娄底市,prefecture,unique_exact_name,
511221,四川省,万县市,开县,903,partial,historical_crosswalk,70,510000,四川省,,,,,,,,mapped_parent_only,
370323,山东省,淄博市,沂源县,902,current,current_code,100,370000,山东省,370300,淄博市,370323,沂源县,370300,淄博市,prefecture,current_code,
612324,陕西省,汉中地区,西乡县,902,historical_mapped,historical_crosswalk,90,610000,陕西省,610700,汉中市,610724,西乡县,610700,汉中市,prefecture,unique_exact_name_under_mapped_parent,
513435,四川省,凉山彝族自治州,甘洛县,901,current,current_code,100,510000,四川省,513400,凉山彝族自治州,513435,甘洛县,513400,凉山彝族自治州,prefecture,current_code,
430304,湖南省,湘潭市,岳塘区,900,current,current_code,100,430000,湖南省,430300,湘潭市,430304,岳塘区,430300,湘潭市,prefecture,current_code,
440104,广东省,广州市,越秀区,900,current,current_code,100,440000,广东省,440100,广州市,440104,越秀区,440100,广州市,prefecture,current_code,
532525,云南省,红河哈尼族彝族自治州,石屏县,900,current,current_code,100,530000,云南省,532500,红河哈尼族彝族自治州,532525,石屏县,532500,红河哈尼族彝族自治州,prefecture,current_code,
222402,吉林省,延边朝鲜族自治州,图们市,899,current,current_code,100,220000,吉林省,222400,延边朝鲜族自治州,222402,图们市,222400,延边朝鲜族自治州,prefecture,current_code,
411329,河南省,南阳市,新野县,899,current,current_code,100,410000,河南省,411300,南阳市,411329,新野县,411300,南阳市,prefecture,current_code,
420381,湖北省,十堰市,丹江口市,899,current,current_code,100,420000,湖北省,420300,十堰市,420381,丹江口市,420300,十堰市,prefecture,current_code,
431224,湖南省,怀化市,溆浦县,898,current,current_code,100,430000,湖南省,431200,怀化市,431224,溆浦县,431200,怀化市,prefecture,current_code,
522725,贵州省,黔南布依族苗族自治州,瓮安县,898,current,current_code,100,520000,贵州省,522700,黔南布依族苗族自治州,522725,瓮安县,522700,黔南布依族苗族自治州,prefecture,current_code,
522601,贵州省,黔东南苗族侗族自治州,凯里市,897,current,current_code,100,520000,贵州省,522600,黔东南苗族侗族自治州,522601,凯里市,522600,黔东南苗族侗族自治州,prefecture,current_code,
410402,河南省,平顶山市,新华区,896,current,current_code,100,410000,河南省,410400,平顶山市,410402,新华区,410400,平顶山市,prefecture,current_code,
530124,云南省,昆明市,富民县,896,current,current_code,100,530000,云南省,530100,昆明市,530124,富民县,530100,昆明市,prefecture,current_code,
371522,山东省,聊城市,莘县,895,current,current_code,100,370000,山东省,371500,聊城市,371522,莘县,371500,聊城市,prefecture,current_code,
431025,湖南省,郴州市,临武县,895,current,current_code,100,430000,湖南省,431000,郴州市,431025,临武县,431000,郴州市,prefecture,current_code,
432922,湖南省,零陵地区,东安县,895,historical_mapped,historical_crosswalk,90,430000,湖南省,431100,永州市,431122,东安县,431100,永州市,prefecture,unique_exact_name,
510218,四川省,重庆市,渝北区,895,ambiguous,historical_crosswalk,100,,,,,,,,,,reviewed_2025_liangjiang_split,500109;500157
530123,云南省,昆明市,安宁县,894,ambiguous,historical_crosswalk,100,,,,,,,,,,historical_code_reused,530181
420704,湖北省,鄂州市,鄂城区,892,current,current_code,100,420000,湖北省,420700,鄂州市,420704,鄂城区,420700,鄂州市,prefecture,current_code,
430726,湖南省,常德市,石门县,892,current,current_code,100,430000,湖南省,430700,常德市,430726,石门县,430700,常德市,prefecture,current_code,
532228,云南省,曲靖地区,陆良县,892,historical_mapped,historical_crosswalk,90,530000,云南省,530300,曲靖市,530322,陆良县,530300,曲靖市,prefecture,unique_exact_name_under_mapped_parent,
321082,江苏省,扬州市,泰州市,891,partial,historical_crosswalk,90,320000,江苏省,321200,泰州市,,,321200,泰州市,prefecture,unique_exact_name,
430423,湖南省,衡阳市,衡山县,890,current,current_code,100,430000,湖南省,430400,衡阳市,430423,衡山县,430400,衡阳市,prefecture,current_code,
140106,山西省,太原市,迎泽区,889,current,current_code,100,140000,山西省,140100,太原市,140106,迎泽区,140100,太原市,prefecture,current_code,
530113,云南省,昆明市,东川区,889,current,current_code,100,530000,云南省,530100,昆明市,530113,东川区,530100,昆明市,prefecture,current_code,
532701,云南省,思茅地区,思茅市,889,historical_mapped,historical_crosswalk,85,530000,云南省,530800,普洱市,530802,思茅区,530800,普洱市,prefecture,unique_canonical_name,
132624,河北省,承德地区,平泉县,888,historical_mapped,historical_crosswalk,85,130000,河北省,130800,承德市,130881,平泉市,130800,承德市,prefecture,unique_canonical_name_under_mapped_parent,
430822,湖南省,张家界市,桑植县,888,current,current_code,100,430000,湖南省,430800,张家界市,430822,桑植县,430800,张家界市,prefecture,current_code,
612725,陕西省,榆林地区,靖边县,888,historical_mapped,historical_crosswalk,90,610000,陕西省,610800,榆林市,610824,靖边县,610800,榆林市,prefecture,unique_exact_name_under_mapped_parent,
511529,四川省,宜宾市,屏山县,887,current,current_code,100,510000,四川省,511500,宜宾市,511529,屏山县,511500,宜宾市,prefecture,current_code,
370825,山东省,济宁市,邹县,885,partial,historical_crosswalk,70,370000,山东省,370800,济宁市,,,370800,济宁市,prefecture,mapped_parent_only,
612325,陕西省,汉中地区,勉县,885,historical_mapped,historical_crosswalk,90,610000,陕西省,610700,汉中市,610725,勉县,610700,汉中市,prefecture,unique_exact_name_under_mapped_parent,
340603,安徽省,淮北市,相山区,884,current,current_code,100,340000,安徽省,340600,淮北市,340603,相山区,340600,淮北市,prefecture,current_code,
532130,云南省,昭通地区,威信县,884,historical_mapped,historical_crosswalk,90,530000,云南省,530600,昭通市,530629,威信县,530600,昭通市,prefecture,unique_exact_name_under_mapped_parent,
130303,河北省,秦皇岛市,山海关区,882,current,current_code,100,130000,河北省,130300,秦皇岛市,130303,山海关区,130300,秦皇岛市,prefecture,current_code,
142429,山西省,晋中地区,太谷县,882,ambiguous,historical_crosswalk,100,,,,,,,,,,historical_code_reused,140703
152127,内蒙古自治区,呼伦贝尔盟,鄂伦春自治旗,882,historical_mapped,historical_crosswalk,90,150000,内蒙古自治区,150700,呼伦贝尔市,150723,鄂伦春自治旗,150700,呼伦贝尔市,prefecture,unique_exact_name_under_mapped_parent,
133029,河北省,衡水地区,故城县,881,historical_mapped,historical_crosswalk,90,130000,河北省,131100,衡水市,131126,故城县,131100,衡水市,prefecture,unique_exact_name_under_mapped_parent,
642224,宁夏回族自治区,固原地区,隆德县,881,historical_mapped,historical_crosswalk,90,640000,宁夏回族自治区,640400,固原市,640423,隆德县,640400,固原市,prefecture,unique_exact_name_under_mapped_parent,
432326,湖南省,益阳地区,安化县,877,historical_mapped,historical_crosswalk,90,430000,湖南省,430900,益阳市,430923,安化县,430900,益阳市,prefecture,unique_exact_name_under_mapped_parent,
130431,河北省,邯郸市,鸡泽县,876,current,current_code,100,130000,河北省,130400,邯郸市,130431,鸡泽县,130400,邯郸市,prefecture,current_code,
130636,河北省,保定市,顺平县,876,current,current_code,100,130000,河北省,130600,保定市,130636,顺平县,130600,保定市,prefecture,current_code,
412301,河南省,商丘地区,商丘市,876,partial,historical_crosswalk,90,410000,河南省,411400,商丘市,,,411400,商丘市,prefecture,unique_exact_name_under_mapped_parent,
410724,河南省,新乡市,获嘉县,875,current,current_code,100,410000,河南省,410700,新乡市,410724,获嘉县,410700,新乡市,prefecture,current_code,
132302,河北省,石家庄地区,藁城市,874,historical_mapped,historical_crosswalk,85,130000,河北省,130100,石家庄市,130109,藁城区,130100,石家庄市,prefecture,unique_canonical_name_under_mapped_parent,
371421,山东省,德州市,陵县,871,partial,historical_crosswalk,70,370000,山东省,371400,德州市,,,371400,德州市,prefecture,mapped_parent_only,
654125,新疆维吾尔自治区,伊犁地区,新源县,870,historical_mapped,historical_crosswalk,90,650000,新疆维吾尔自治区,654000,伊犁哈萨克自治州,654025,新源县,654000,伊犁哈萨克自治州,prefecture,unique_exact_name,
654221,新疆维吾尔自治区,塔城地区,额敏县,870,current,current_code,100,650000,新疆维吾尔自治区,654200,塔城地区,654221,额敏县,654200,塔城地区,prefecture,current_code,
110101,北京市,北京市,东城区,869,current,current_code,100,110000,北京市,,,110101,东城区,110000,北京市,municipality,current_code,
370685,山东省,烟台市,招远市,868,current,current_code,100,370000,山东省,370600,烟台市,370685,招远市,370600,烟台市,prefecture,current_code,
232303,黑龙江省,绥化地区,肇东市,867,historical_mapped,historical_crosswalk,90,230000,黑龙江省,231200,绥化市,231282,肇东市,231200,绥化市,prefecture,unique_exact_name,
411102,河南省,漯河市,源汇区,867,current,current_code,100,410000,河南省,411100,漯河市,411102,源汇区,411100,漯河市,prefecture,current_code,
610100,陕西省,西安市,,867,current,current_code,100,610000,陕西省,610100,西安市,,,610100,西安市,prefecture,current_code,
142322,山西省,吕梁地区,文水县,866,ambiguous,historical_crosswalk,100,,,,,,,,,,historical_code_reused,141121
410326,河南省,洛阳市,汝阳县,864,current,current_code,100,410000,河南省,410300,洛阳市,410326,汝阳县,410300,洛阳市,prefecture,current_code,
420922,湖北省,孝感市,大悟县,864,current,current_code,100,420000,湖北省,420900,孝感市,420922,大悟县,420900,孝感市,prefecture,current_code,
110223,北京市,北京市,通县,863,unresolved,historical_crosswalk,0,,,,,,,,,,no_supported_successor,
410711,河南省,新乡市,牧野区,863,current,current_code,100,410000,河南省,410700,新乡市,410711,牧野区,410700,新乡市,prefecture,current_code,
652923,新疆维吾尔自治区,阿克苏地区,库车县,863,historical_mapped,historical_crosswalk,85,650000,新疆维吾尔自治区,652900,阿克苏地区,652902,库车市,652900,阿克苏地区,prefecture,unique_canonical_name_under_mapped_parent,
152325,内蒙古自治区,哲里木盟,库伦旗,862,historical_mapped,historical_crosswalk,90,150000,内蒙古自治区,150500,通辽市,150524,库伦旗,150500,通辽市,prefecture,unique_exact_name,
513826,四川省,眉山地区,青神县,862,historical_mapped,historical_crosswalk,90,510000,四川省,511400,眉山市,511425,青神县,511400,眉山市,prefecture,unique_exact_name_under_mapped_parent,
132430,河北省,保定地区,涿县,861,partial,historical_crosswalk,70,130000,河北省,130600,保定市,,,130600,保定市,prefecture,mapped_parent_only,
342321,安徽省,滁县地区,天长县,859,historical_mapped,historical_crosswalk,85,340000,安徽省,341100,滁州市,341181,天长市,341100,滁州市,prefecture,unique_canonical_name,
350421,福建省,三明市,明溪县,859,current,current_code,100,350000,福建省,350400,三明市,350421,明溪县,350400,三明市,prefecture,current_code,
411521,河南省,信阳市,罗山县,859,current,current_code,100,410000,河南省,411500,信阳市,411521,罗山县,411500,信阳市,prefecture,current_code,
420582,湖北省,宜昌市,当阳市,859,current,current_code,100,420000,湖北省,420500,宜昌市,420582,当阳市,420500,宜昌市,prefecture,current_code,
532925,云南省,大理白族自治州,弥渡县,859,current,current_code,100,530000,云南省,532900,大理白族自治州,532925,弥渡县,532900,大理白族自治州,prefecture,current_code,
150425,内蒙古自治区,赤峰市,克什克腾旗,858,current,current_code,100,150000,内蒙古自治区,150400,赤峰市,150425,克什克腾旗,150400,赤峰市,prefecture,current_code,
370105,山东省,济南市,天桥区,858,current,current_code,100,370000,山东省,370100,济南市,370105,天桥区,370100,济南市,prefecture,current_code,
412924,河南省,南阳地区,南阳县,858,partial,historical_crosswalk,85,410000,河南省,411300,南阳市,,,411300,南阳市,prefecture,unique_canonical_name_under_mapped_parent,
513601,四川省,广安地区,华蓥市,857,historical_mapped,historical_crosswalk,90,510000,四川省,511600,广安市,511681,华蓥市,511600,广安市,prefecture,unique_exact_name_under_mapped_parent,
370126,山东省,济南市,商河县,855,current,current_code,100,370000,山东省,370100,济南市,370126,商河县,370100,济南市,prefecture,current_code,
532932,云南省,大理白族自治州,鹤庆县,855,current,current_code,100,530000,云南省,532900,大理白族自治州,532932,鹤庆县,532900,大理白族自治州,prefecture,current_code,
142326,山西省,吕梁地区,临县,853,ambiguous,historical_crosswalk,100,,,,,,,,,,historical_code_reused,141124
612732,陕西省,榆林地区,子洲县,853,historical_mapped,historical_crosswalk,90,610000,陕西省,610800,榆林市,610831,子洲县,610800,榆林市,prefecture,unique_exact_name_under_mapped_parent,
341623,安徽省,亳州市,利辛县,849,current,current_code,100,340000,安徽省,341600,亳州市,341623,利辛县,341600,亳州市,prefecture,current_code,
222406,吉林省,延边朝鲜族自治州,和龙市,848,current,current_code,100,220000,吉林省,222400,延边朝鲜族自治州,222406,和龙市,222400,延边朝鲜族自治州,prefecture,current_code,
371424,山东省,德州市,临邑县,848,current,current_code,100,370000,山东省,371400,德州市,371424,临邑县,371400,德州市,prefecture,current_code,
440520,广东省,汕头市,,848,partial,current_parent_code,60,440000,广东省,440500,汕头市,,,440500,汕头市,prefecture,current_parent_code,
132628,河北省,承德地区,隆化县,847,historical_mapped,historical_crosswalk,90,130000,河北省,130800,承德市,130825,隆化县,130800,承德市,prefecture,unique_exact_name_under_mapped_parent,
350581,福建省,泉州市,石狮市,847,current,current_code,100,350000,福建省,350500,泉州市,350581,石狮市,350500,泉州市,prefecture,current_code,
652327,新疆维吾尔自治区,昌吉回族自治州,吉木萨尔县,847,current,current_code,100,650000,新疆维吾尔自治区,652300,昌吉回族自治州,652327,吉木萨尔县,652300,昌吉回族自治州,prefecture,current_code,
130122,河北省,石家庄市,获鹿县,846,partial,historical_crosswalk,70,130000,河北省,130100,石家庄市,,,130100,石家庄市,prefecture,mapped_parent_only,
420102,湖北省,武汉市,江岸区,846,current,current_code,100,420000,湖北省,420100,武汉市,420102,江岸区,420100,武汉市,prefecture,current_code,
620402,甘肃省,白银市,白银区,846,current,current_code,100,620000,甘肃省,620400,白银市,620402,白银区,620400,白银市,prefecture,current_code,
410104,河南省,郑州市,管城回族区,844,current,current_code,100,410000,河南省,410100,郑州市,410104,管城回族区,410100,郑州市,prefecture,current_code,
371425,山东省,德州市,齐河县,841,current,current_code,100,370000,山东省,371400,德州市,371425,齐河县,371400,德州市,prefecture,current_code,
372833,山东省,临沂地区,临沭县,839,historical_mapped,historical_crosswalk,90,370000,山东省,371300,临沂市,371329,临沭县,371300,临沂市,prefecture,unique_exact_name_under_mapped_parent,
622101,甘肃省,酒泉地区,玉门市,839,historical_mapped,historical_crosswalk,90,620000,甘肃省,620900,酒泉市,620981,玉门市,620900,酒泉市,prefecture,unique_exact_name_under_mapped_parent,
370203,山东省,青岛市,市北区,838,current,current_code,100,370000,山东省,370200,青岛市,370203,市北区,370200,青岛市,prefecture,current_code,
330223,浙江省,宁波市,余姚县,837,historical_mapped,historical_crosswalk,85,330000,浙江省,330200,宁波市,330281,余姚市,330200,宁波市,prefecture,unique_canonical_name_under_mapped_parent,
360726,江西省,赣州市,安远县,837,current,current_code,100,360000,江西省,360700,赣州市,360726,安远县,360700,赣州市,prefecture,current_code,
532323,云南省,楚雄彝族自治州,牟定县,837,current,current_code,100,530000,云南省,532300,楚雄彝族自治州,532323,牟定县,532300,楚雄彝族自治州,prefecture,current_code,
371521,山东省,聊城市,阳谷县,836,current,current_code,100,370000,山东省,371500,聊城市,371521,阳谷县,371500,聊城市,prefecture,current_code,
432924,湖南省,零陵地区,宁远县,836,historical_mapped,historical_crosswalk,90,430000,湖南省,431100,永州市,431126,宁远县,431100,永州市,prefecture,unique_exact_name,
452501,广西壮族自治区,玉林地区,玉林市,836,partial,historical_crosswalk,90,450000,广西壮族自治区,450900,玉林市,,,450900,玉林市,prefecture,unique_exact_name_under_mapped_parent,
450521,广西壮族自治区,北海市,合浦县,835,current,current_code,100,450000,广西壮族自治区,450500,北海市,450521,合浦县,450500,北海市,prefecture,current_code,
321026,江苏省,扬州市,江都县,834,historical_mapped,historical_crosswalk,85,320000,江苏省,321000,扬州市,321012,江都区,321000,扬州市,prefecture,unique_canonical_name_under_mapped_parent,
410325,河南省,洛阳市,嵩县,833,current,current_code,100,410000,河南省,410300,洛阳市,410325,嵩县,410300,洛阳市,prefecture,current_code,
612729,陕西省,榆林地区,佳县,832,historical_mapped,historical_crosswalk,90,610000,陕西省,610800,榆林市,610828,佳县,610800,榆林市,prefecture,unique_exact_name_under_mapped_parent,
340406,安徽省,淮南市,潘集区,831,current,current_code,100,340000,安徽省,340400,淮南市,340406,潘集区,340400,淮南市,prefecture,current_code,
410303,河南省,洛阳市,西工区,831,current,current_code,100,410000,河南省,410300,洛阳市,410303,西工区,410300,洛阳市,prefecture,current_code,
152630,内蒙古自治区,乌兰察布盟,察哈尔右翼前旗,830,ambiguous,historical_crosswalk,100,,,,,,,,,,historical_code_reused,150926
422129,湖北省,黄冈地区,广济县,830,partial,historical_crosswalk,70,420000,湖北省,421100,黄冈市,,,421100,黄冈市,prefecture,mapped_parent_only,
522129,贵州省,遵义地区,余庆县,830,historical_mapped,historical_crosswalk,90,520000,贵州省,520300,遵义市,520329,余庆县,520300,遵义市,prefecture,unique_exact_name_under_mapped_parent,
142727,山西省,运城地区,稷山县,829,ambiguous,historical_crosswalk,100,,,,,,,,,,historical_code_reused,140824
360724,江西省,赣州市,上犹县,829,current,current_code,100,360000,江西省,360700,赣州市,360724,上犹县,360700,赣州市,prefecture,current_code,
522701,贵州省,黔南布依族苗族自治州,都匀市,829,current,current_code,100,520000,贵州省,522700,黔南布依族苗族自治州,522701,都匀市,522700,黔南布依族苗族自治州,prefecture,current_code,
131181,河北省,衡水市,冀州市,828,historical_mapped,historical_crosswalk,85,130000,河北省,131100,衡水市,131103,冀州区,131100,衡水市,prefecture,unique_canonical_name_under_mapped_parent,
350206,福建省,厦门市,湖里区,828,current,current_code,100,350000,福建省,350200,厦门市,350206,湖里区,350200,厦门市,prefecture,current_code,
522631,贵州省,黔东南苗族侗族自治州,黎平县,828,current,current_code,100,520000,贵州省,522600,黔东南苗族侗族自治州,522631,黎平县,522600,黔东南苗族侗族自治州,prefecture,current_code,
230223,黑龙江省,齐齐哈尔市,依安县,827,current,current_code,100,230000,黑龙江省,230200,齐齐哈尔市,230223,依安县,230200,齐齐哈尔市,prefecture,current_code,
440682,广东省,佛山市,南海市,827,historical_mapped,historical_crosswalk,85,440000,广东省,440600,佛山市,440605,南海区,440600,佛山市,prefecture,unique_canonical_name_under_mapped_parent,
522127,贵州省,遵义地区,凤冈县,826,historical_mapped,historical_crosswalk,90,520000,贵州省,520300,遵义市,520327,凤冈县,520300,遵义市,prefecture,unique_exact_name_under_mapped_parent,
530129,云南省,昆明市,寻甸回族彝族自治县,825,current,current_code,100,530000,云南省,530100,昆明市,530129,寻甸回族彝族自治县,530100,昆明市,prefecture,current_code,
130132,河北省,石家庄市,元氏县,824,current,current_code,100,130000,河北省,130100,石家庄市,130132,元氏县,130100,石家庄市,prefecture,current_code,
352103,福建省,南平地区,武夷山市,824,historical_mapped,historical_crosswalk,90,350000,福建省,350700,南平市,350782,武夷山市,350700,南平市,prefecture,unique_exact_name,
132226,河北省,邢台地区,隆尧县,822,historical_mapped,historical_crosswalk,90,130000,河北省,130500,邢台市,130525,隆尧县,130500,邢台市,prefecture,unique_exact_name_under_mapped_parent,
132627,河北省,承德地区,丰宁满族自治县,822,ambiguous,historical_crosswalk,100,,,,,,,,,,historical_code_reused,130826
152634,内蒙古自治区,乌兰察布盟,四子王旗,822,historical_mapped,historical_crosswalk,90,150000,内蒙古自治区,150900,乌兰察布市,150929,四子王旗,150900,乌兰察布市,prefecture,unique_exact_name,
230281,黑龙江省,齐齐哈尔市,讷河市,822,current,current_code,100,230000,黑龙江省,230200,齐齐哈尔市,230281,讷河市,230200,齐齐哈尔市,prefecture,current_code,
420107,湖北省,武汉市,青山区,821,current,current_code,100,420000,湖北省,420100,武汉市,420107,青山区,420100,武汉市,prefecture,current_code,
513327,四川省,甘孜藏族自治州,炉霍县,821,current,current_code,100,510000,四川省,513300,甘孜藏族自治州,513327,炉霍县,513300,甘孜藏族自治州,prefecture,current_code,
222304,吉林省,白城地区,大安市,819,historical_mapped,historical_crosswalk,90,220000,吉林省,220800,白城市,220882,大安市,220800,白城市,prefecture,unique_exact_name_under_mapped_parent,
372827,山东省,临沂地区,沂水县,819,historical_mapped,historical_crosswalk,90,370000,山东省,371300,临沂市,371323,沂水县,371300,临沂市,prefecture,unique_exact_name_under_mapped_parent,
120109,天津市,天津市,大港区,818,unresolved,historical_crosswalk,0,,,,,,,,,,no_supported_successor,
142703,山西省,运城地区,河津市,818,historical_mapped,historical_crosswalk,90,140000,山西省,140800,运城市,140882,河津市,140800,运城市,prefecture,unique_exact_name_under_mapped_parent,
360422,江西省,九江市,瑞昌县,818,historical_mapped,historical_crosswalk,85,360000,江西省,360400,九江市,360481,瑞昌市,360400,九江市,prefecture,unique_canonical_name_under_mapped_parent,
371328,山东省,临沂市,蒙阴县,818,current,current_code,100,370000,山东省,371300,临沂市,371328,蒙阴县,371300,临沂市,prefecture,current_code,
120221,天津市,天津市,宁河县,817,historical_mapped,historical_crosswalk,85,120000,天津市,,,120117,宁河区,120000,天津市,municipality,unique_canonical_name,
371525,山东省,聊城市,冠县,817,current,current_code,100,370000,山东省,371500,聊城市,371525,冠县,371500,聊城市,prefecture,current_code,
412922,河南省,南阳地区,方城县,817,historical_mapped,historical_crosswalk,90,410000,河南省,411300,南阳市,411322,方城县,411300,南阳市,prefecture,unique_exact_name_under_mapped_parent,
432321,湖南省,益阳地区,益阳县,817,partial,historical_crosswalk,85,430000,湖南省,430900,益阳市,,,430900,益阳市,prefecture,unique_canonical_name_under_mapped_parent,
370704,山东省,潍坊市,坊子区,815,current,current_code,100,370000,山东省,370700,潍坊市,370704,坊子区,370700,潍坊市,prefecture,current_code,
513825,四川省,眉山地区,丹棱县,815,historical_mapped,historical_crosswalk,90,510000,四川省,511400,眉山市,511424,丹棱县,511400,眉山市,prefecture,unique_exact_name_under_mapped_parent,
530325,云南省,曲靖市,富源县,815,current,current_code,100,530000,云南省,530300,曲靖市,530325,富源县,530300,曲靖市,prefecture,current_code,
371428,山东省,德州市,武城县,814,current,current_code,100,370000,山东省,371400,德州市,371428,武城县,371400,德州市,prefecture,current_code,
421087,湖北省,荆州市,松滋市,814,current,current_code,100,420000,湖北省,421000,荆州市,421087,松滋市,421000,荆州市,prefecture,current_code,
654201,新疆维吾尔自治区,塔城地区,塔城市,814,current,current_code,100,650000,新疆维吾尔自治区,654200,塔城地区,654201,塔城市,654200,塔城地区,prefecture,current_code,
370722,山东省,潍坊市,安丘县,813,historical_mapped,historical_crosswalk,85,370000,山东省,370700,潍坊市,370784,安丘市,370700,潍坊市,prefecture,unique_canonical_name_under_mapped_parent,
533025,云南省,保山地区,昌宁县,812,historical_mapped,historical_crosswalk,90,530000,云南省,530500,保山市,530524,昌宁县,530500,保山市,prefecture,unique_exact_name_under_mapped_parent,
622821,甘肃省,庆阳地区,庆阳县,812,partial,historical_crosswalk,85,620000,甘肃省,621000,庆阳市,,,621000,庆阳市,prefecture,unique_canonical_name_under_mapped_parent,
530402,云南省,玉溪市,红塔区,811,current,current_code,100,530000,云南省,530400,玉溪市,530402,红塔区,530400,玉溪市,prefecture,current_code,
370405,山东省,枣庄市,台儿庄区,810,current,current_code,100,370000,山东省,370400,枣庄市,370405,台儿庄区,370400,枣庄市,prefecture,current_code,
370104,山东省,济南市,槐荫区,809,current,current_code,100,370000,山东省,370100,济南市,370104,槐荫区,370100,济南市,prefecture,current_code,
421002,湖北省,荆州市,沙市区,809,current,current_code,100,420000,湖北省,421000,荆州市,421002,沙市区,421000,荆州市,prefecture,current_code,
152727,内蒙古自治区,伊克昭盟,乌审旗,808,ambiguous,historical_crosswalk,100,,,,,,,,,,historical_code_reused,150626
410328,河南省,洛阳市,洛宁县,808,current,current_code,100,410000,河南省,410300,洛阳市,410328,洛宁县,410300,洛阳市,prefecture,current_code,
652222,新疆维吾尔自治区,哈密地区,巴里坤哈萨克自治县,808,historical_mapped,historical_crosswalk,90,650000,新疆维吾尔自治区,650500,哈密市,650521,巴里坤哈萨克自治县,650500,哈密市,prefecture,unique_exact_name_under_mapped_parent,
210719,辽宁省,锦州市,锦西市,807,partial,historical_crosswalk,70,210000,辽宁省,210700,锦州市,,,210700,锦州市,prefecture,mapped_parent_only,
372832,山东省,临沂地区,沂南县,806,historical_mapped,historical_crosswalk,90,370000,山东省,371300,临沂市,371321,沂南县,371300,临沂市,prefecture,unique_exact_name_under_mapped_parent,
370123,山东省,济南市,长清县,804,historical_mapped,historical_crosswalk,85,370000,山东省,370100,济南市,370113,长清区,370100,济南市,prefecture,unique_canonical_name_under_mapped_parent,
533103,云南省,德宏傣族景颇族自治州,芒市,804,current,current_code,100,530000,云南省,533100,德宏傣族景颇族自治州,533103,芒市,533100,德宏傣族景颇族自治州,prefecture,current_code,
452226,广西壮族自治区,柳州地区,来宾县,803,partial,historical_crosswalk,85,450000,广西壮族自治区,451300,来宾市,,,451300,来宾市,prefecture,unique_canonical_name,
522428,贵州省,毕节地区,赫章县,803,historical_mapped,historical_crosswalk,90,520000,贵州省,520500,毕节市,520527,赫章县,520500,毕节市,prefecture,unique_exact_name_under_mapped_parent,
430921,湖南省,益阳市,南县,802,current,current_code,100,430000,湖南省,430900,益阳市,430921,南县,430900,益阳市,prefecture,current_code,
620423,甘肃省,白银市,景泰县,802,current,current_code,100,620000,甘肃省,620400,白银市,620423,景泰县,620400,白银市,prefecture,current_code,
371482,山东省,德州市,禹城市,800,current,current_code,100,370000,山东省,371400,德州市,371482,禹城市,371400,德州市,prefecture,current_code,
132827,河北省,廊坊地区,霸县,797,partial,historical_crosswalk,70,130000,河北省,131000,廊坊市,,,131000,廊坊市,prefecture,mapped_parent_only,
132928,河北省,沧州地区,南皮县,797,historical_mapped,historical_crosswalk,90,130000,河北省,130900,沧州市,130927,南皮县,130900,沧州市,prefecture,unique_exact_name_under_mapped_parent,
229005,吉林省,吉林省直辖县级行政区划,九台市,797,historical_mapped,historical_crosswalk,85,220000,吉林省,220100,长春市,220113,九台区,220100,长春市,prefecture,unique_canonical_name,
130828,河北省,承德市,围场满族蒙古族自治县,796,current,current_code,100,130000,河北省,130800,承德市,130828,围场满族蒙古族自治县,130800,承德市,prefecture,current_code,
622226,甘肃省,张掖地区,山丹县,796,historical_mapped,historical_crosswalk,90,620000,甘肃省,620700,张掖市,620725,山丹县,620700,张掖市,prefecture,unique_exact_name_under_mapped_parent,
232700,黑龙江省,大兴安岭地区,,795,current,current_code,100,230000,黑龙江省,232700,大兴安岭地区,,,232700,大兴安岭地区,prefecture,current_code,
530181,云南省,昆明市,安宁市,793,current,current_code,100,530000,云南省,530100,昆明市,530181,安宁市,530100,昆明市,prefecture,current_code,
211325,辽宁省,朝阳市,建昌县,792,historical_mapped,historical_crosswalk,90,210000,辽宁省,211400,葫芦岛市,211422,建昌县,211400,葫芦岛市,prefecture,unique_exact_name,
410123,河南省,郑州市,新郑县,791,historical_mapped,historical_crosswalk,85,410000,河南省,410100,郑州市,410184,新郑市,410100,郑州市,prefecture,unique_canonical_name_under_mapped_parent,
500232,重庆市,重庆市,武隆县,790,historical_mapped,historical_crosswalk,85,500000,重庆市,,,500156,武隆区,500000,重庆市,municipality,unique_canonical_name,
220603,吉林省,白山市,三岔子区,789,partial,historical_crosswalk,70,220000,吉林省,220600,白山市,,,220600,白山市,prefecture,mapped_parent_only,
410126,河南省,郑州市,密县,789,partial,historical_crosswalk,70,410000,河南省,410100,郑州市,,,410100,郑州市,prefecture,mapped_parent_only,
512228,四川省,万县地区,巫溪县,789,ambiguous,historical_crosswalk,100,,,,,,,,,,historical_code_reused,
152123,内蒙古自治区,呼伦贝尔盟,莫力达瓦达斡尔族自治旗,787,historical_mapped,historical_crosswalk,90,150000,内蒙古自治区,150700,呼伦贝尔市,150722,莫力达瓦达斡尔族自治旗,150700,呼伦贝尔市,prefecture,unique_exact_name_under_mapped_parent,
362130,江西省,赣州地区,全南县,787,ambiguous,historical_crosswalk,100,,,,,,,,,,historical_code_reused,360729
410822,河南省,焦作市,博爱县,786,current,current_code,100,410000,河南省,410800,焦作市,410822,博爱县,410800,焦作市,prefecture,current_code,
142602,山西省,临汾地区,侯马市,784,historical_mapped,historical_crosswalk,90,140000,山西省,141000,临汾市,141081,侯马市,141000,临汾市,prefecture,unique_exact_name_under_mapped_parent,
410403,河南省,平顶山市,卫东区,783,current,current_code,100,410000,河南省,410400,平顶山市,410403,卫东区,410400,平顶山市,prefecture,current_code,
532723,云南省,思茅地区,墨江哈尼族自治县,783,historical_mapped,historical_crosswalk,90,530000,云南省,530800,普洱市,530822,墨江哈尼族自治县,530800,普洱市,prefecture,unique_exact_name,
110228,北京市,北京市,密云县,782,historical_mapped,historical_crosswalk,85,110000,北京市,,,110118,密云区,110000,北京市,municipality,unique_canonical_name,
360723,江西省,赣州市,大余县,781,current,current_code,100,360000,江西省,360700,赣州市,360723,大余县,360700,赣州市,prefecture,current_code,
230221,黑龙江省,齐齐哈尔市,龙江县,780,current,current_code,100,230000,黑龙江省,230200,齐齐哈尔市,230221,龙江县,230200,齐齐哈尔市,prefecture,current_code,
132329,河北省,石家庄地区,新乐县,779,historical_mapped,historical_crosswalk,85,130000,河北省,130100,石家庄市,130184,新乐市,130100,石家庄市,prefecture,unique_canonical_name_under_mapped_parent,
150424,内蒙古自治区,赤峰市,林西县,779,current,current_code,100,150000,内蒙古自治区,150400,赤峰市,150424,林西县,150400,赤峰市,prefecture,current_code,
653125,新疆维吾尔自治区,喀什地区,莎车县,779,current,current_code,100,650000,新疆维吾尔自治区,653100,喀什地区,653125,莎车县,653100,喀什地区,prefecture,current_code,
342826,安徽省,安庆地区,宿松县,778,historical_mapped,historical_crosswalk,90,340000,安徽省,340800,安庆市,340826,宿松县,340800,安庆市,prefecture,unique_exact_name_under_mapped_parent,
430503,湖南省,邵阳市,大祥区,778,current,current_code,100,430000,湖南省,430500,邵阳市,430503,大祥区,430500,邵阳市,prefecture,current_code,
352121,福建省,南平地区,顺昌县,776,historical_mapped,historical_crosswalk,90,350000,福建省,350700,南平市,350721,顺昌县,350700,南平市,prefecture,unique_exact_name,
360727,江西省,赣州市,龙南县,775,historical_mapped,historical_crosswalk,85,360000,江西省,360700,赣州市,360783,龙南市,360700,赣州市,prefecture,unique_canonical_name_under_mapped_parent,
352602,福建省,龙岩地区,漳平市,774,historical_mapped,historical_crosswalk,90,350000,福建省,350800,龙岩市,350881,漳平市,350800,龙岩市,prefecture,unique_exact_name,
222328,吉林省,白城地区,乾安县,772,historical_mapped,historical_crosswalk,90,220000,吉林省,220700,松原市,220723,乾安县,220700,松原市,prefecture,unique_exact_name,
371427,山东省,德州市,夏津县,770,current,current_code,100,370000,山东省,371400,德州市,371427,夏津县,371400,德州市,prefecture,current_code,
430202,湖南省,株洲市,荷塘区,770,current,current_code,100,430000,湖南省,430200,株洲市,430202,荷塘区,430200,株洲市,prefecture,current_code,
522627,贵州省,黔东南苗族侗族自治州,天柱县,769,current,current_code,100,520000,贵州省,522600,黔东南苗族侗族自治州,522627,天柱县,522600,黔东南苗族侗族自治州,prefecture,current_code,
132425,河北省,保定地区,定兴县,768,historical_mapped,historical_crosswalk,90,130000,河北省,130600,保定市,130626,定兴县,130600,保定市,prefecture,unique_exact_name_under_mapped_parent,
350721,福建省,南平市,顺昌县,768,current,current_code,100,350000,福建省,350700,南平市,350721,顺昌县,350700,南平市,prefecture,current_code,
340302,安徽省,蚌埠市,龙子湖区,767,current,current_code,100,340000,安徽省,340300,蚌埠市,340302,龙子湖区,340300,蚌埠市,prefecture,current_code,
372802,山东省,临沂地区,,767,unresolved,none,0,,,,,,,,,,none,
230302,黑龙江省,鸡西市,鸡冠区,766,current,current_code,100,230000,黑龙江省,230300,鸡西市,230302,鸡冠区,230300,鸡西市,prefecture,current_code,
150122,内蒙古自治区,呼和浩特市,托克托县,765,current,current_code,100,150000,内蒙古自治区,150100,呼和浩特市,150122,托克托县,150100,呼和浩特市,prefecture,current_code,
532927,云南省,大理白族自治州,巍山彝族回族自治县,765,current,current_code,100,530000,云南省,532900,大理白族自治州,532927,巍山彝族回族自治县,532900,大理白族自治州,prefecture,current_code,
654222,新疆维吾尔自治区,塔城地区,乌苏县,763,historical_mapped,historical_crosswalk,85,650000,新疆维吾尔自治区,654200,塔城地区,654202,乌苏市,654200,塔城地区,prefecture,unique_canonical_name_under_mapped_parent,
150304,内蒙古自治区,乌海市,乌达区,762,current,current_code,100,150000,内蒙古自治区,150300,乌海市,150304,乌达区,150300,乌海市,prefecture,current_code,
420325,湖北省,十堰市,房县,762,current,current_code,100,420000,湖北省,420300,十堰市,420325,房县,420300,十堰市,prefecture,current_code,
612525,陕西省,商洛地区,山阳县,762,historical_mapped,historical_crosswalk,90,610000,陕西省,611000,商洛市,611024,山阳县,611000,商洛市,prefecture,unique_exact_name_under_mapped_parent,
532231,云南省,曲靖地区,寻甸回族彝族自治县,761,historical_mapped,historical_crosswalk,90,530000,云南省,530100,昆明市,530129,寻甸回族彝族自治县,530100,昆明市,prefecture,unique_exact_name,
640111,宁夏回族自治区,银川市,,760,partial,current_parent_code,60,640000,宁夏回族自治区,640100,银川市,,,640100,银川市,prefecture,current_parent_code,
140411,山西省,长治市,郊区,759,historical_mapped,historical_crosswalk,90,140000,山西省,140300,阳泉市,140311,郊区,140300,阳泉市,prefecture,unique_exact_name,
350420,福建省,三明市,永安市,759,historical_mapped,historical_crosswalk,90,350000,福建省,350400,三明市,350481,永安市,350400,三明市,prefecture,unique_exact_name_under_mapped_parent,
370611,山东省,烟台市,福山区,759,current,current_code,100,370000,山东省,370600,烟台市,370611,福山区,370600,烟台市,prefecture,current_code,
441723,广东省,阳江市,阳东县,758,historical_mapped,historical_crosswalk,85,440000,广东省,441700,阳江市,441704,阳东区,441700,阳江市,prefecture,unique_canonical_name_under_mapped_parent,
654223,新疆维吾尔自治区,塔城地区,沙湾县,758,ambiguous,historical_crosswalk,100,,,,,,,,,,historical_code_reused,
330107,浙江省,杭州市,半山区,757,partial,historical_crosswalk,70,330000,浙江省,330100,杭州市,,,330100,杭州市,prefecture,mapped_parent_only,
513334,四川省,甘孜藏族自治州,理塘县,757,current,current_code,100,510000,四川省,513300,甘孜藏族自治州,513334,理塘县,513300,甘孜藏族自治州,prefecture,current_code,
652922,新疆维吾尔自治区,阿克苏地区,温宿县,757,current,current_code,100,650000,新疆维吾尔自治区,652900,阿克苏地区,652922,温宿县,652900,阿克苏地区,prefecture,current_code,
130633,河北省,保定市,易县,756,current,current_code,100,130000,河北省,130600,保定市,130633,易县,130600,保定市,prefecture,current_code,
350502,福建省,泉州市,鲤城区,755,current,current_code,100,350000,福建省,350500,泉州市,350502,鲤城区,350500,泉州市,prefecture,current_code,
432322,湖南省,益阳地区,南县,755,historical_mapped,historical_crosswalk,90,430000,湖南省,430900,益阳市,430921,南县,430900,益阳市,prefecture,unique_exact_name_under_mapped_parent,
120110,天津市,天津市,东丽区,754,current,current_code,100,120000,天津市,,,120110,东丽区,120000,天津市,municipality,current_code,
530126,云南省,昆明市,石林彝族自治县,754,current,current_code,100,530000,云南省,530100,昆明市,530126,石林彝族自治县,530100,昆明市,prefecture,current_code,
532729,云南省,思茅地区,澜沧拉祜族自治县,754,historical_mapped,historical_crosswalk,90,530000,云南省,530800,普洱市,530828,澜沧拉祜族自治县,530800,普洱市,prefecture,unique_exact_name,
640202,宁夏回族自治区,石嘴山市,大武口区,754,current,current_code,100,640000,宁夏回族自治区,640200,石嘴山市,640202,大武口区,640200,石嘴山市,prefecture,current_code,
370705,山东省,潍坊市,奎文区,753,current,current_code,100,370000,山东省,370700,潍坊市,370705,奎文区,370700,潍坊市,prefecture,current_code,
152628,内蒙古自治区,乌兰察布盟,丰镇县,752,ambiguous,historical_crosswalk,100,,,,,,,,,,historical_code_reused,150981
230604,黑龙江省,大庆市,让胡路区,752,current,current_code,100,230000,黑龙江省,230600,大庆市,230604,让胡路区,230600,大庆市,prefecture,current_code,
150222,内蒙古自治区,包头市,固阳县,751,current,current_code,100,150000,内蒙古自治区,150200,包头市,150222,固阳县,150200,包头市,prefecture,current_code,
430404,湖南省,衡阳市,城北区,750,ambiguous,historical_crosswalk,100,,,,,,,,,,historical_code_reused,
610202,陕西省,铜川市,王益区,750,current,current_code,100,610000,陕西省,610200,铜川市,610202,王益区,610200,铜川市,prefecture,current_code,
230121,黑龙江省,哈尔滨市,呼兰县,748,ambiguous,historical_crosswalk,100,,,,,,,,,,historical_code_reused,230111
610521,陕西省,渭南市,华县,748,partial,historical_crosswalk,70,610000,陕西省,610500,渭南市,,,610500,渭南市,prefecture,mapped_parent_only,
622322,甘肃省,武威地区,民勤县,747,historical_mapped,historical_crosswalk,90,620000,甘肃省,620600,武威市,620621,民勤县,620600,武威市,prefecture,unique_exact_name_under_mapped_parent,
140121,山西省,太原市,清徐县,746,current,current_code,100,140000,山西省,140100,太原市,140121,清徐县,140100,太原市,prefecture,current_code,
530328,云南省,曲靖市,沾益县,746,historical_mapped,historical_crosswalk,85,530000,云南省,530300,曲靖市,530303,沾益区,530300,曲靖市,prefecture,unique_canonical_name_under_mapped_parent,
372527,山东省,聊城地区,高唐县,745,ambiguous,historical_crosswalk,100,,,,,,,,,,historical_code_reused,371526
120111,天津市,天津市,西青区,744,current,current_code,100,120000,天津市,,,120111,西青区,120000,天津市,municipality,current_code,
433001,湖南省,怀化地区,怀化市,744,ambiguous,historical_crosswalk,100,,,,,,,,,,historical_code_reused,431200
360725,江西省,赣州市,崇义县,743,current,current_code,100,360000,江西省,360700,赣州市,360725,崇义县,360700,赣州市,prefecture,current_code,
371426,山东省,德州市,平原县,743,current,current_code,100,370000,山东省,371400,德州市,371426,平原县,371400,德州市,prefecture,current_code,
411327,河南省,南阳市,社旗县,743,current,current_code,100,410000,河南省,411300,南阳市,411327,社旗县,411300,南阳市,prefecture,current_code,
420682,湖北省,襄阳市,老河口市,743,current,current_code,100,420000,湖北省,420600,襄阳市,420682,老河口市,420600,襄阳市,prefecture,current_code,
640323,宁夏回族自治区,吴忠市,盐池县,743,current,current_code,100,640000,宁夏回族自治区,640300,吴忠市,640323,盐池县,640300,吴忠市,prefecture,current_code,
622722,甘肃省,平凉地区,泾川县,742,historical_mapped,historical_crosswalk,90,620000,甘肃省,620800,平凉市,620821,泾川县,620800,平凉市,prefecture,unique_exact_name_under_mapped_parent,
320928,江苏省,盐城市,盐都县,741,historical_mapped,historical_crosswalk,85,320000,江苏省,320900,盐城市,320903,盐都区,320900,盐城市,prefecture,unique_canonical_name_under_mapped_parent,
420124,湖北省,武汉市,新洲县,739,historical_mapped,historical_crosswalk,85,420000,湖北省,420100,武汉市,420117,新洲区,420100,武汉市,prefecture,unique_canonical_name_under_mapped_parent,
622628,甘肃省,陇南地区,礼县,739,historical_mapped,historical_crosswalk,90,620000,甘肃省,621200,陇南市,621226,礼县,621200,陇南市,prefecture,unique_exact_name,
131124,河北省,衡水市,饶阳县,738,current,current_code,100,130000,河北省,131100,衡水市,131124,饶阳县,131100,衡水市,prefecture,current_code,
430482,湖南省,衡阳市,常宁市,738,current,current_code,100,430000,湖南省,430400,衡阳市,430482,常宁市,430400,衡阳市,prefecture,current_code,
110226,北京市,北京市,平谷县,737,historical_mapped,historical_crosswalk,85,110000,北京市,,,110117,平谷区,110000,北京市,municipality,unique_canonical_name,
130125,河北省,石家庄市,行唐县,737,current,current_code,100,130000,河北省,130100,石家庄市,130125,行唐县,130100,石家庄市,prefecture,current_code,
130730,河北省,张家口市,怀来县,737,current,current_code,100,130000,河北省,130700,张家口市,130730,怀来县,130700,张家口市,prefecture,current_code,
370922,山东省,泰安市,肥城县,736,historical_mapped,historical_crosswalk,85,370000,山东省,370900,泰安市,370983,肥城市,370900,泰安市,prefecture,unique_canonical_name_under_mapped_parent,
362129,江西省,赣州地区,定南县,733,ambiguous,historical_crosswalk,100,,,,,,,,,,historical_code_reused,360728
370125,山东省,济南市,济阳县,733,historical_mapped,historical_crosswalk,85,370000,山东省,370100,济南市,370115,济阳区,370100,济南市,prefecture,unique_canonical_name_under_mapped_parent,
320601,江苏省,南通市,,732,partial,current_parent_code,60,320000,江苏省,320600,南通市,,,320600,南通市,prefecture,current_parent_code,
362432,江西省,吉安地区,宁冈县,732,unresolved,historical_crosswalk,0,,,,,,,,,,no_supported_successor,
533123,云南省,德宏傣族景颇族自治州,盈江县,732,current,current_code,100,530000,云南省,533100,德宏傣族景颇族自治州,533123,盈江县,533100,德宏傣族景颇族自治州,prefecture,current_code,
130903,河北省,沧州市,运河区,731,current,current_code,100,130000,河北省,130900,沧州市,130903,运河区,130900,沧州市,prefecture,current_code,
132322,河北省,石家庄地区,晋县,731,partial,historical_crosswalk,70,130000,河北省,130100,石家庄市,,,130100,石家庄市,prefecture,mapped_parent_only,
359002,福建省,福建省直辖县级行政区划,石狮市,731,historical_mapped,historical_crosswalk,90,350000,福建省,350500,泉州市,350581,石狮市,350500,泉州市,prefecture,unique_exact_name,
370306,山东省,淄博市,周村区,731,current,current_code,100,370000,山东省,370300,淄博市,370306,周村区,370300,淄博市,prefecture,current_code,
132227,河北省,邢台地区,任县,730,partial,historical_crosswalk,70,130000,河北省,130500,邢台市,,,130500,邢台市,prefecture,mapped_parent_only,
132335,河北省,石家庄地区,平山县,730,historical_mapped,historical_crosswalk,90,130000,河北省,130100,石家庄市,130131,平山县,130100,石家庄市,prefecture,unique_exact_name_under_mapped_parent,
642126,宁夏回族自治区,银南地区,盐池县,730,historical_mapped,historical_crosswalk,90,640000,宁夏回族自治区,640300,吴忠市,640323,盐池县,640300,吴忠市,prefecture,unique_exact_name,
371523,山东省,聊城市,茌平县,728,historical_mapped,historical_crosswalk,85,370000,山东省,371500,聊城市,371503,茌平区,371500,聊城市,prefecture,unique_canonical_name_under_mapped_parent,
420322,湖北省,十堰市,郧西县,728,current,current_code,100,420000,湖北省,420300,十堰市,420322,郧西县,420300,十堰市,prefecture,current_code,
370684,山东省,烟台市,蓬莱市,727,historical_mapped,historical_crosswalk,85,370000,山东省,370600,烟台市,370614,蓬莱区,370600,烟台市,prefecture,unique_canonical_name_under_mapped_parent,
532125,云南省,昭通地区,大关县,727,historical_mapped,historical_crosswalk,90,530000,云南省,530600,昭通市,530624,大关县,530600,昭通市,prefecture,unique_exact_name_under_mapped_parent,
140105,山西省,太原市,小店区,726,current,current_code,100,140000,山西省,140100,太原市,140105,小店区,140100,太原市,prefecture,current_code,
432302,湖南省,益阳地区,沅江市,726,historical_mapped,historical_crosswalk,90,430000,湖南省,430900,益阳市,430981,沅江市,430900,益阳市,prefecture,unique_exact_name_under_mapped_parent,
230206,黑龙江省,齐齐哈尔市,富拉尔基区,725,current,current_code,100,230000,黑龙江省,230200,齐齐哈尔市,230206,富拉尔基区,230200,齐齐哈尔市,prefecture,current_code,
411221,河南省,三门峡市,渑池县,725,current,current_code,100,410000,河南省,411200,三门峡市,411221,渑池县,411200,三门峡市,prefecture,current_code,
420104,湖北省,武汉市,硚口区,725,current,current_code,100,420000,湖北省,420100,武汉市,420104,硚口区,420100,武汉市,prefecture,current_code,
441302,广东省,惠州市,惠城区,725,current,current_code,100,440000,广东省,441300,惠州市,441302,惠城区,441300,惠州市,prefecture,current_code,
612425,陕西省,安康地区,紫阳县,725,historical_mapped,historical_crosswalk,90,610000,陕西省,610900,安康市,610924,紫阳县,610900,安康市,prefecture,unique_exact_name_under_mapped_parent,
420923,湖北省,孝感市,云梦县,722,current,current_code,100,420000,湖北省,420900,孝感市,420923,云梦县,420900,孝感市,prefecture,current_code,
222327,吉林省,白城地区,通榆县,721,historical_mapped,historical_crosswalk,90,220000,吉林省,220800,白城市,220822,通榆县,220800,白城市,prefecture,unique_exact_name_under_mapped_parent,
412324,河南省,商丘地区,宁陵县,721,historical_mapped,historical_crosswalk,90,410000,河南省,411400,商丘市,411423,宁陵县,411400,商丘市,prefecture,unique_exact_name_under_mapped_parent,
431121,湖南省,永州市,祁阳县,721,ambiguous,historical_crosswalk,100,,,,,,,,,,historical_code_reused,
152631,内蒙古自治区,乌兰察布盟,察哈尔右翼中旗,720,ambiguous,historical_crosswalk,100,,,,,,,,,,historical_code_reused,150927
152725,内蒙古自治区,伊克昭盟,鄂托克旗,720,ambiguous,historical_crosswalk,100,,,,,,,,,,historical_code_reused,150624
132626,河北省,承德地区,滦平县,719,historical_mapped,historical_crosswalk,90,130000,河北省,130800,承德市,130824,滦平县,130800,承德市,prefecture,unique_exact_name_under_mapped_parent,
152629,内蒙古自治区,乌兰察布盟,凉城县,719,ambiguous,historical_crosswalk,100,,,,,,,,,,historical_code_reused,150925
511223,四川省,万县市,梁平县,719,ambiguous,historical_crosswalk,100,,,,,,,,,,cross_province_canonical_name_requires_review,
342822,安徽省,安庆地区,桐城县,718,historical_mapped,historical_crosswalk,85,340000,安徽省,340800,安庆市,340881,桐城市,340800,安庆市,prefecture,unique_canonical_name_under_mapped_parent,
532225,云南省,曲靖地区,富源县,718,historical_mapped,historical_crosswalk,90,530000,云南省,530300,曲靖市,530325,富源县,530300,曲靖市,prefecture,unique_exact_name_under_mapped_parent,
140521,山西省,晋城市,沁水县,717,current,current_code,100,140000,山西省,140500,晋城市,140521,沁水县,140500,晋城市,prefecture,current_code,
370728,山东省,潍坊市,诸城县,717,historical_mapped,historical_crosswalk,85,370000,山东省,370700,潍坊市,370782,诸城市,370700,潍坊市,prefecture,unique_canonical_name_under_mapped_parent,
411326,河南省,南阳市,淅川县,717,current,current_code,100,410000,河南省,411300,南阳市,411326,淅川县,411300,南阳市,prefecture,current_code,
230202,黑龙江省,齐齐哈尔市,龙沙区,716,current,current_code,100,230000,黑龙江省,230200,齐齐哈尔市,230202,龙沙区,230200,齐齐哈尔市,prefecture,current_code,
441323,广东省,惠州市,惠东县,716,current,current_code,100,440000,广东省,441300,惠州市,441323,惠东县,441300,惠州市,prefecture,current_code,
511113,四川省,乐山市,金口河区,716,current,current_code,100,510000,四川省,511100,乐山市,511113,金口河区,511100,乐山市,prefecture,current_code,
222423,吉林省,延边朝鲜族自治州,和龙县,715,historical_mapped,historical_crosswalk,85,220000,吉林省,222400,延边朝鲜族自治州,222406,和龙市,222400,延边朝鲜族自治州,prefecture,unique_canonical_name_under_mapped_parent,
410882,河南省,焦作市,沁阳市,715,current,current_code,100,410000,河南省,410800,焦作市,410882,沁阳市,410800,焦作市,prefecture,current_code,
411202,河南省,三门峡市,湖滨区,715,current,current_code,100,410000,河南省,411200,三门峡市,411202,湖滨区,411200,三门峡市,prefecture,current_code,
410825,河南省,焦作市,温县,714,current,current_code,100,410000,河南省,410800,焦作市,410825,温县,410800,焦作市,prefecture,current_code,
430802,湖南省,张家界市,永定区,714,current,current_code,100,430000,湖南省,430800,张家界市,430802,永定区,430800,张家界市,prefecture,current_code,
460003,海南省,海南省直辖县级行政区划,儋州市,714,partial,historical_crosswalk,90,460000,海南省,460400,儋州市,,,460400,儋州市,prefecture,unique_exact_name_under_mapped_parent,
430527,湖南省,邵阳市,绥宁县,712,current,current_code,100,430000,湖南省,430500,邵阳市,430527,绥宁县,430500,邵阳市,prefecture,current_code,
622223,甘肃省,张掖地区,民乐县,712,historical_mapped,historical_crosswalk,90,620000,甘肃省,620700,张掖市,620722,民乐县,620700,张掖市,prefecture,unique_exact_name_under_mapped_parent,
330901,浙江省,舟山市,,711,partial,current_parent_code,60,330000,浙江省,330900,舟山市,,,330900,舟山市,prefecture,current_parent_code,
513222,四川省,阿坝藏族羌族自治州,理县,711,current,current_code,100,510000,四川省,513200,阿坝藏族羌族自治州,513222,理县,513200,阿坝藏族羌族自治州,prefecture,current_code,
133022,河北省,衡水地区,冀县,710,partial,historical_crosswalk,70,130000,河北省,131100,衡水市,,,131100,衡水市,prefecture,mapped_parent_only,
132421,河北省,保定地区,易县,709,historical_mapped,historical_crosswalk,90,130000,河北省,130600,保定市,130633,易县,130600,保定市,prefecture,unique_exact_name_under_mapped_parent,
612728,陕西省,榆林地区,米脂县,709,historical_mapped,historical_crosswalk,90,610000,陕西省,610800,榆林市,610827,米脂县,610800,榆林市,prefecture,unique_exact_name_under_mapped_parent,
372826,山东省,临沂地区,莒县,708,historical_mapped,historical_crosswalk,90,370000,山东省,371100,日照市,371122,莒县,371100,日照市,prefecture,unique_exact_name,
610527,陕西省,渭南市,白水县,708,current,current_code,100,610000,陕西省,610500,渭南市,610527,白水县,610500,渭南市,prefecture,current_code,
352226,福建省,宁德地区,福安县,706,ambiguous,historical_crosswalk,100,,,,,,,,,,historical_code_reused,350981
532722,云南省,思茅地区,普洱哈尼族彝族自治县,706,ambiguous,historical_crosswalk,100,,,,,,,,,,historical_code_reused,
610123,陕西省,西安市,临潼县,706,historical_mapped,historical_crosswalk,85,610000,陕西省,610100,西安市,610115,临潼区,610100,西安市,prefecture,unique_canonical_name_under_mapped_parent,
412925,河南省,南阳地区,镇平县,705,historical_mapped,historical_crosswalk,90,410000,河南省,411300,南阳市,411324,镇平县,411300,南阳市,prefecture,unique_exact_name_under_mapped_parent,
532324,云南省,楚雄彝族自治州,南华县,705,current,current_code,100,530000,云南省,532300,楚雄彝族自治州,532324,南华县,532300,楚雄彝族自治州,prefecture,current_code,
620524,甘肃省,天水市,武山县,705,current,current_code,100,620000,甘肃省,620500,天水市,620524,武山县,620500,天水市,prefecture,current_code,
532328,云南省,楚雄彝族自治州,元谋县,704,current,current_code,100,530000,云南省,532300,楚雄彝族自治州,532328,元谋县,532300,楚雄彝族自治州,prefecture,current_code,
533527,云南省,临沧地区,耿马傣族佤族自治县,704,historical_mapped,historical_crosswalk,90,530000,云南省,530900,临沧市,530926,耿马傣族佤族自治县,530900,临沧市,prefecture,unique_exact_name_under_mapped_parent,
340202,安徽省,芜湖市,镜湖区,703,current,current_code,100,340000,安徽省,340200,芜湖市,340202,镜湖区,340200,芜湖市,prefecture,current_code,
411503,河南省,信阳市,平桥区,703,current,current_code,100,410000,河南省,411500,信阳市,411503,平桥区,411500,信阳市,prefecture,current_code,
370205,山东省,青岛市,四方区,702,partial,historical_crosswalk,70,370000,山东省,370200,青岛市,,,370200,青岛市,prefecture,mapped_parent_only,
513228,四川省,阿坝藏族羌族自治州,黑水县,702,current,current_code,100,510000,四川省,513200,阿坝藏族羌族自治州,513228,黑水县,513200,阿坝藏族羌族自治州,prefecture,current_code,
610427,陕西省,咸阳市,彬县,702,partial,historical_crosswalk,70,610000,陕西省,610400,咸阳市,,,610400,咸阳市,prefecture,mapped_parent_only,
370632,山东省,烟台市,文登县,701,historical_mapped,historical_crosswalk,85,370000,山东省,371000,威海市,371003,文登区,371000,威海市,prefecture,unique_canonical_name,
130823,河北省,承德市,平泉县,700,historical_mapped,historical_crosswalk,85,130000,河北省,130800,承德市,130881,平泉市,130800,承德市,prefecture,unique_canonical_name_under_mapped_parent,
142730,山西省,运城地区,夏县,698,ambiguous,historical_crosswalk,100,,,,,,,,,,historical_code_reused,140828
350105,福建省,福州市,马尾区,698,current,current_code,100,350000,福建省,350100,福州市,350105,马尾区,350100,福州市,prefecture,current_code,
421122,湖北省,黄冈市,红安县,698,current,current_code,100,420000,湖北省,421100,黄冈市,421122,红安县,421100,黄冈市,prefecture,current_code,
612326,陕西省,汉中地区,宁强县,698,historical_mapped,historical_crosswalk,90,610000,陕西省,610700,汉中市,610726,宁强县,610700,汉中市,prefecture,unique_exact_name_under_mapped_parent,
152624,内蒙古自治区,乌兰察布盟,卓资县,697,ambiguous,historical_crosswalk,100,,,,,,,,,,historical_code_reused,150921
370522,山东省,东营市,利津县,697,current,current_code,100,370000,山东省,370500,东营市,370522,利津县,370500,东营市,prefecture,current_code,
440981,广东省,茂名市,高州市,695,current,current_code,100,440000,广东省,440900,茂名市,440981,高州市,440900,茂名市,prefecture,current_code,
620302,甘肃省,金昌市,金川区,695,current,current_code,100,620000,甘肃省,620300,金昌市,620302,金川区,620300,金昌市,prefecture,current_code,
622429,甘肃省,定西地区,岷县,695,historical_mapped,historical_crosswalk,90,620000,甘肃省,621100,定西市,621126,岷县,621100,定西市,prefecture,unique_exact_name_under_mapped_parent,
232126,黑龙江省,松花江地区,巴彦县,694,ambiguous,historical_crosswalk,100,,,,,,,,,,historical_code_reused,230126
410203,河南省,开封市,顺河回族区,694,current,current_code,100,410000,河南省,410200,开封市,410203,顺河回族区,410200,开封市,prefecture,current_code,
440527,广东省,汕头市,普宁县,694,historical_mapped,historical_crosswalk,85,440000,广东省,445200,揭阳市,445281,普宁市,445200,揭阳市,prefecture,unique_canonical_name,
532725,云南省,思茅地区,景谷傣族彝族自治县,694,ambiguous,historical_crosswalk,100,,,,,,,,,,historical_code_reused,530824
340504,安徽省,马鞍山市,雨山区,693,current,current_code,100,340000,安徽省,340500,马鞍山市,340504,雨山区,340500,马鞍山市,prefecture,current_code,
513323,四川省,甘孜藏族自治州,丹巴县,693,current,current_code,100,510000,四川省,513300,甘孜藏族自治州,513323,丹巴县,513300,甘孜藏族自治州,prefecture,current_code,
130902,河北省,沧州市,新华区,692,current,current_code,100,130000,河北省,130900,沧州市,130902,新华区,130900,沧州市,prefecture,current_code,
411224,河南省,三门峡市,卢氏县,692,current,current_code,100,410000,河南省,411200,三门峡市,411224,卢氏县,411200,三门峡市,prefecture,current_code,
422827,湖北省,恩施土家族苗族自治州,来凤县,692,current,current_code,100,420000,湖北省,422800,恩施土家族苗族自治州,422827,来凤县,422800,恩施土家族苗族自治州,prefecture,current_code,
370226,山东省,青岛市,平度县,690,historical_mapped,historical_crosswalk,85,370000,山东省,370200,青岛市,370283,平度市,370200,青岛市,prefecture,unique_canonical_name_under_mapped_parent,
130523,河北省,邢台市,内丘县,689,current,current_code,100,130000,河北省,130500,邢台市,130523,内丘县,130500,邢台市,prefecture,current_code,
420123,湖北省,武汉市,黄陂县,689,historical_mapped,historical_crosswalk,85,420000,湖北省,420100,武汉市,420116,黄陂区,420100,武汉市,prefecture,unique_canonical_name_under_mapped_parent,
430204,湖南省,株洲市,石峰区,688,current,current_code,100,430000,湖南省,430200,株洲市,430204,石峰区,430200,株洲市,prefecture,current_code,
132222,河北省,邢台地区,沙河县,687,historical_mapped,historical_crosswalk,85,130000,河北省,130500,邢台市,130582,沙河市,130500,邢台市,prefecture,unique_canonical_name_under_mapped_parent,
610429,陕西省,咸阳市,旬邑县,687,current,current_code,100,610000,陕西省,610400,咸阳市,610429,旬邑县,610400,咸阳市,prefecture,current_code,
642102,宁夏回族自治区,银南地区,青铜峡市,687,historical_mapped,historical_crosswalk,90,640000,宁夏回族自治区,640300,吴忠市,640381,青铜峡市,640300,吴忠市,prefecture,unique_exact_name,
132325,河北省,石家庄地区,藁城县,686,historical_mapped,historical_crosswalk,85,130000,河北省,130100,石家庄市,130109,藁城区,130100,石家庄市,prefecture,unique_canonical_name_under_mapped_parent,
452524,广西壮族自治区,玉林地区,平南县,686,historical_mapped,historical_crosswalk,90,450000,广西壮族自治区,450800,贵港市,450821,平南县,450800,贵港市,prefecture,unique_exact_name,
452528,广西壮族自治区,玉林地区,博白县,686,historical_mapped,historical_crosswalk,90,450000,广西壮族自治区,450900,玉林市,450923,博白县,450900,玉林市,prefecture,unique_exact_name_under_mapped_parent,
370919,山东省,泰安市,,685,partial,current_parent_code,60,370000,山东省,370900,泰安市,,,370900,泰安市,prefecture,current_parent_code,
654301,新疆维吾尔自治区,阿勒泰地区,阿勒泰市,682,current,current_code,100,650000,新疆维吾尔自治区,654300,阿勒泰地区,654301,阿勒泰市,654300,阿勒泰地区,prefecture,current_code,
430581,湖南省,邵阳市,武冈市,681,current,current_code,100,430000,湖南省,430500,邵阳市,430581,武冈市,430500,邵阳市,prefecture,current_code,
441522,广东省,汕尾市,陆丰县,681,historical_mapped,historical_crosswalk,85,440000,广东省,441500,汕尾市,441581,陆丰市,441500,汕尾市,prefecture,unique_canonical_name_under_mapped_parent,
452523,广西壮族自治区,玉林地区,桂平县,680,historical_mapped,historical_crosswalk,85,450000,广西壮族自治区,450800,贵港市,450881,桂平市,450800,贵港市,prefecture,unique_canonical_name,
533024,云南省,保山地区,龙陵县,680,historical_mapped,historical_crosswalk,90,530000,云南省,530500,保山市,530523,龙陵县,530500,保山市,prefecture,unique_exact_name_under_mapped_parent,
110104,北京市,北京市,宣武区,679,unresolved,historical_crosswalk,0,,,,,,,,,,no_supported_successor,
132337,河北省,石家庄地区,行唐县,679,historical_mapped,historical_crosswalk,90,130000,河北省,130100,石家庄市,130125,行唐县,130100,石家庄市,prefecture,unique_exact_name_under_mapped_parent,
410821,河南省,焦作市,修武县,679,current,current_code,100,410000,河南省,410800,焦作市,410821,修武县,410800,焦作市,prefecture,current_code,
533022,云南省,保山地区,施甸县,679,historical_mapped,historical_crosswalk,90,530000,云南省,530500,保山市,530521,施甸县,530500,保山市,prefecture,unique_exact_name_under_mapped_parent,
654121,新疆维吾尔自治区,伊犁地区,伊宁县,679,historical_mapped,historical_crosswalk,90,650000,新疆维吾尔自治区,654000,伊犁哈萨克自治州,654021,伊宁县,654000,伊犁哈萨克自治州,prefecture,unique_exact_name,
321101,江苏省,镇江市,,678,partial,current_parent_code,60,320000,江苏省,321100,镇江市,,,321100,镇江市,prefecture,current_parent_code,
140109,山西省,太原市,万柏林区,677,current,current_code,100,140000,山西省,140100,太原市,140109,万柏林区,140100,太原市,prefecture,current_code,
110221,北京市,北京市,昌平县,676,historical_mapped,historical_crosswalk,85,110000,北京市,,,110114,昌平区,110000,北京市,municipality,unique_canonical_name,
142731,山西省,运城地区,绛县,676,ambiguous,historical_crosswalk,100,,,,,,,,,,historical_code_reused,140826
513325,四川省,甘孜藏族自治州,雅江县,676,current,current_code,100,510000,四川省,513300,甘孜藏族自治州,513325,雅江县,513300,甘孜藏族自治州,prefecture,current_code,
610327,陕西省,宝鸡市,陇县,676,current,current_code,100,610000,陕西省,610300,宝鸡市,610327,陇县,610300,宝鸡市,prefecture,current_code,
130426,河北省,邯郸市,涉县,675,current,current_code,100,130000,河北省,130400,邯郸市,130426,涉县,130400,邯郸市,prefecture,current_code,
132623,河北省,承德地区,兴隆县,675,historical_mapped,historical_crosswalk,90,130000,河北省,130800,承德市,130822,兴隆县,130800,承德市,prefecture,unique_exact_name_under_mapped_parent,
231026,黑龙江省,牡丹江市,密山县,675,historical_mapped,historical_crosswalk,85,230000,黑龙江省,230300,鸡西市,230382,密山市,230300,鸡西市,prefecture,unique_canonical_name,
430203,湖南省,株洲市,芦淞区,675,current,current_code,100,430000,湖南省,430200,株洲市,430203,芦淞区,430200,株洲市,prefecture,current_code,
232324,黑龙江省,绥化地区,望奎县,673,ambiguous,historical_crosswalk,100,,,,,,,,,,historical_code_reused,231221
519002,四川省,四川省直辖县级行政区划,江油市,673,historical_mapped,historical_crosswalk,90,510000,四川省,510700,绵阳市,510781,江油市,510700,绵阳市,prefecture,unique_exact_name,
132902,河北省,沧州地区,泊头市,672,ambiguous,historical_crosswalk,100,,,,,,,,,,historical_code_reused,130981
340602,安徽省,淮北市,杜集区,672,current,current_code,100,340000,安徽省,340600,淮北市,340602,杜集区,340600,淮北市,prefecture,current_code,
371581,山东省,聊城市,临清市,672,current,current_code,100,370000,山东省,371500,聊城市,371581,临清市,371500,聊城市,prefecture,current_code,
411321,河南省,南阳市,南召县,672,current,current_code,100,410000,河南省,411300,南阳市,411321,南召县,411300,南阳市,prefecture,current_code,
650108,新疆维吾尔自治区,乌鲁木齐市,东山区,672,ambiguous,historical_crosswalk,100,,,,,,,,,,cross_province_exact_name_requires_review,
230107,黑龙江省,哈尔滨市,动力区,671,partial,historical_crosswalk,70,230000,黑龙江省,230100,哈尔滨市,,,230100,哈尔滨市,prefecture,mapped_parent_only,
452122,广西壮族自治区,南宁地区,横县,671,partial,historical_crosswalk,70,450000,广西壮族自治区,450100,南宁市,,,450100,南宁市,prefecture,mapped_parent_only,
532325,云南省,楚雄彝族自治州,姚安县,671,current,current_code,100,530000,云南省,532300,楚雄彝族自治州,532325,姚安县,532300,楚雄彝族自治州,prefecture,current_code,
132336,河北省,石家庄地区,灵寿县,670,historical_mapped,historical_crosswalk,90,130000,河北省,130100,石家庄市,130126,灵寿县,130100,石家庄市,prefecture,unique_exact_name_under_mapped_parent,
410622,河南省,鹤壁市,淇县,670,current,current_code,100,410000,河南省,410600,鹤壁市,410622,淇县,410600,鹤壁市,prefecture,current_code,
430419,湖南省,衡阳市,,670,partial,current_parent_code,60,430000,湖南省,430400,衡阳市,,,430400,衡阳市,prefecture,current_parent_code,
445221,广东省,揭阳市,揭东县,670,historical_mapped,historical_crosswalk,85,440000,广东省,445200,揭阳市,445203,揭东区,445200,揭阳市,prefecture,unique_canonical_name_under_mapped_parent,
130524,河北省,邢台市,柏乡县,669,current,current_code,100,130000,河北省,130500,邢台市,130524,柏乡县,130500,邢台市,prefecture,current_code,
610116,陕西省,西安市,长安区,669,current,current_code,100,610000,陕西省,610100,西安市,610116,长安区,610100,西安市,prefecture,current_code,
140421,山西省,长治市,长治县,668,partial,historical_crosswalk,85,140000,山西省,140400,长治市,,,140400,长治市,prefecture,unique_canonical_name_under_mapped_parent,
441322,广东省,惠州市,博罗县,668,current,current_code,100,440000,广东省,441300,惠州市,441322,博罗县,441300,惠州市,prefecture,current_code,
130631,河北省,保定市,望都县,667,current,current_code,100,130000,河北省,130600,保定市,130631,望都县,130600,保定市,prefecture,current_code,
340103,安徽省,合肥市,庐阳区,667,current,current_code,100,340000,安徽省,340100,合肥市,340103,庐阳区,340100,合肥市,prefecture,current_code,
513332,四川省,甘孜藏族自治州,石渠县,666,current,current_code,100,510000,四川省,513300,甘孜藏族自治州,513332,石渠县,513300,甘孜藏族自治州,prefecture,current_code,
342322,安徽省,滁县地区,来安县,665,historical_mapped,historical_crosswalk,90,340000,安徽省,341100,滁州市,341122,来安县,341100,滁州市,prefecture,unique_exact_name,
411222,河南省,三门峡市,陕县,665,partial,historical_crosswalk,70,410000,河南省,411200,三门峡市,,,411200,三门峡市,prefecture,mapped_parent_only,
231084,黑龙江省,牡丹江市,宁安市,664,current,current_code,100,230000,黑龙江省,231000,牡丹江市,231084,宁安市,231000,牡丹江市,prefecture,current_code,
370124,山东省,济南市,平阴县,664,current,current_code,100,370000,山东省,370100,济南市,370124,平阴县,370100,济南市,prefecture,current_code,
420202,湖北省,黄石市,黄石港区,664,current,current_code,100,420000,湖北省,420200,黄石市,420202,黄石港区,420200,黄石市,prefecture,current_code,
433101,湖南省,湘西土家族苗族自治州,吉首市,664,current,current_code,100,430000,湖南省,433100,湘西土家族苗族自治州,433101,吉首市,433100,湘西土家族苗族自治州,prefecture,current_code,
522226,贵州省,铜仁地区,印江土家族苗族自治县,664,ambiguous,historical_crosswalk,100,,,,,,,,,,historical_code_reused,520625
452123,广西壮族自治区,南宁地区,宾阳县,663,historical_mapped,historical_crosswalk,90,450000,广西壮族自治区,450100,南宁市,450126,宾阳县,450100,南宁市,prefecture,unique_exact_name_under_mapped_parent,
532226,云南省,曲靖地区,罗平县,663,historical_mapped,historical_crosswalk,90,530000,云南省,530300,曲靖市,530324,罗平县,530300,曲靖市,prefecture,unique_exact_name_under_mapped_parent,
610221,陕西省,铜川市,耀县,663,partial,historical_crosswalk,70,610000,陕西省,610200,铜川市,,,610200,铜川市,prefecture,mapped_parent_only,
370628,山东省,烟台市,栖霞县,661,historical_mapped,historical_crosswalk,85,370000,山东省,370600,烟台市,370686,栖霞市,370600,烟台市,prefecture,unique_canonical_name_under_mapped_parent,
142303,山西省,吕梁地区,汾阳市,660,historical_mapped,historical_crosswalk,90,140000,山西省,141100,吕梁市,141182,汾阳市,141100,吕梁市,prefecture,unique_exact_name,
142430,山西省,晋中地区,祁县,660,ambiguous,historical_crosswalk,100,,,,,,,,,,historical_code_reused,140727
432423,湖南省,常德地区,汉寿县,660,historical_mapped,historical_crosswalk,90,430000,湖南省,430700,常德市,430722,汉寿县,430700,常德市,prefecture,unique_exact_name_under_mapped_parent,
452502,广西壮族自治区,玉林地区,贵港市,660,partial,historical_crosswalk,90,450000,广西壮族自治区,450800,贵港市,,,450800,贵港市,prefecture,unique_exact_name,
652101,新疆维吾尔自治区,吐鲁番地区,吐鲁番市,660,partial,historical_crosswalk,90,650000,新疆维吾尔自治区,650400,吐鲁番市,,,650400,吐鲁番市,prefecture,unique_exact_name_under_mapped_parent,
231083,黑龙江省,牡丹江市,海林市,658,current,current_code,100,230000,黑龙江省,231000,牡丹江市,231083,海林市,231000,牡丹江市,prefecture,current_code,
441702,广东省,阳江市,江城区,658,current,current_code,100,440000,广东省,441700,阳江市,441702,江城区,441700,阳江市,prefecture,current_code,
513330,四川省,甘孜藏族自治州,德格县,658,current,current_code,100,510000,四川省,513300,甘孜藏族自治州,513330,德格县,513300,甘孜藏族自治州,prefecture,current_code,
522125,贵州省,遵义地区,道真仡佬族苗族自治县,658,ambiguous,historical_crosswalk,100,,,,,,,,,,historical_code_reused,520325
620105,甘肃省,兰州市,安宁区,658,current,current_code,100,620000,甘肃省,620100,兰州市,620105,安宁区,620100,兰州市,prefecture,current_code,
422302,湖北省,咸宁地区,蒲圻市,657,partial,historical_crosswalk,70,420000,湖北省,421200,咸宁市,,,421200,咸宁市,prefecture,mapped_parent_only,
452323,广西壮族自治区,桂林地区,全州县,657,historical_mapped,historical_crosswalk,90,450000,广西壮族自治区,450300,桂林市,450324,全州县,450300,桂林市,prefecture,unique_exact_name_under_mapped_parent,
132133,河北省,邯郸地区,永年县,656,historical_mapped,historical_crosswalk,85,130000,河北省,130400,邯郸市,130408,永年区,130400,邯郸市,prefecture,unique_canonical_name_under_mapped_parent,
152128,内蒙古自治区,呼伦贝尔盟,鄂温克族自治旗,654,historical_mapped,historical_crosswalk,90,150000,内蒙古自治区,150700,呼伦贝尔市,150724,鄂温克族自治旗,150700,呼伦贝尔市,prefecture,unique_exact_name_under_mapped_parent,
620403,甘肃省,白银市,平川区,654,current,current_code,100,620000,甘肃省,620400,白银市,620403,平川区,620400,白银市,prefecture,current_code,
362402,江西省,吉安地区,井冈山市,653,historical_mapped,historical_crosswalk,90,360000,江西省,360800,吉安市,360881,井冈山市,360800,吉安市,prefecture,unique_exact_name,
140428,山西省,长治市,长子县,652,current,current_code,100,140000,山西省,140400,长治市,140428,长子县,140400,长治市,prefecture,current_code,
239005,黑龙江省,黑龙江省直辖县级行政区划,铁力市,652,historical_mapped,historical_crosswalk,90,230000,黑龙江省,230700,伊春市,230781,铁力市,230700,伊春市,prefecture,unique_exact_name,
420684,湖北省,襄阳市,宜城市,652,current,current_code,100,420000,湖北省,420600,襄阳市,420684,宜城市,420600,襄阳市,prefecture,current_code,
652302,新疆维吾尔自治区,昌吉回族自治州,阜康市,651,current,current_code,100,650000,新疆维吾尔自治区,652300,昌吉回族自治州,652302,阜康市,652300,昌吉回族自治州,prefecture,current_code,
142603,山西省,临汾地区,霍州市,648,historical_mapped,historical_crosswalk,90,140000,山西省,141000,临汾市,141082,霍州市,141000,临汾市,prefecture,unique_exact_name_under_mapped_parent,
513233,四川省,阿坝藏族羌族自治州,红原县,648,current,current_code,100,510000,四川省,513200,阿坝藏族羌族自治州,513233,红原县,513200,阿坝藏族羌族自治州,prefecture,current_code,
440681,广东省,佛山市,顺德市,647,historical_mapped,historical_crosswalk,85,440000,广东省,440600,佛山市,440606,顺德区,440600,佛山市,prefecture,unique_canonical_name_under_mapped_parent,
130726,河北省,张家口市,蔚县,646,current,current_code,100,130000,河北省,130700,张家口市,130726,蔚县,130700,张家口市,prefecture,current_code,
130126,河北省,石家庄市,灵寿县,645,current,current_code,100,130000,河北省,130100,石家庄市,130126,灵寿县,130100,石家庄市,prefecture,current_code,
440182,广东省,广州市,花都市,645,historical_mapped,historical_crosswalk,85,440000,广东省,440100,广州市,440114,花都区,440100,广州市,prefecture,unique_canonical_name_under_mapped_parent,
420528,湖北省,宜昌市,长阳土家族自治县,644,current,current_code,100,420000,湖北省,420500,宜昌市,420528,长阳土家族自治县,420500,宜昌市,prefecture,current_code,
513128,四川省,雅安地区,宝兴县,643,historical_mapped,historical_crosswalk,90,510000,四川省,511800,雅安市,511827,宝兴县,511800,雅安市,prefecture,unique_exact_name_under_mapped_parent,
352129,福建省,南平地区,政和县,642,historical_mapped,historical_crosswalk,90,350000,福建省,350700,南平市,350725,政和县,350700,南平市,prefecture,unique_exact_name,
422425,湖北省,荆州地区,监利县,642,historical_mapped,historical_crosswalk,85,420000,湖北省,421000,荆州市,421088,监利市,421000,荆州市,prefecture,unique_canonical_name_under_mapped_parent,
620321,甘肃省,金昌市,永昌县,642,current,current_code,100,620000,甘肃省,620300,金昌市,620321,永昌县,620300,金昌市,prefecture,current_code,
530323,云南省,曲靖市,师宗县,640,current,current_code,100,530000,云南省,530300,曲靖市,530323,师宗县,530300,曲靖市,prefecture,current_code,
352221,福建省,宁德地区,宁德县,639,ambiguous,historical_crosswalk,100,,,,,,,,,,historical_code_reused,350900
422127,湖北省,黄冈地区,浠水县,639,historical_mapped,historical_crosswalk,90,420000,湖北省,421100,黄冈市,421125,浠水县,421100,黄冈市,prefecture,unique_exact_name_under_mapped_parent,
130825,河北省,承德市,隆化县,638,current,current_code,100,130000,河北省,130800,承德市,130825,隆化县,130800,承德市,prefecture,current_code,
150123,内蒙古自治区,呼和浩特市,和林格尔县,637,current,current_code,100,150000,内蒙古自治区,150100,呼和浩特市,150123,和林格尔县,150100,呼和浩特市,prefecture,current_code,
522224,贵州省,铜仁地区,石阡县,637,historical_mapped,historical_crosswalk,90,520000,贵州省,520600,铜仁市,520623,石阡县,520600,铜仁市,prefecture,unique_exact_name_under_mapped_parent,
132228,河北省,邢台地区,南和县,636,historical_mapped,historical_crosswalk,85,130000,河北省,130500,邢台市,130506,南和区,130500,邢台市,prefecture,unique_canonical_name_under_mapped_parent,
513328,四川省,甘孜藏族自治州,甘孜县,635,current,current_code,100,510000,四川省,513300,甘孜藏族自治州,513328,甘孜县,513300,甘孜藏族自治州,prefecture,current_code,
513432,四川省,凉山彝族自治州,喜德县,635,current,current_code,100,510000,四川省,513400,凉山彝族自治州,513432,喜德县,513400,凉山彝族自治州,prefecture,current_code,
630104,青海省,西宁市,城西区,635,current,current_code,100,630000,青海省,630100,西宁市,630104,城西区,630100,西宁市,prefecture,current_code,
340204,安徽省,芜湖市,新芜区,634,partial,historical_crosswalk,70,340000,安徽省,340200,芜湖市,,,340200,芜湖市,prefecture,mapped_parent_only,
371422,山东省,德州市,宁津县,633,current,current_code,100,370000,山东省,371400,德州市,371422,宁津县,371400,德州市,prefecture,current_code,
362221,江西省,宜春地区,丰城县,632,ambiguous,historical_crosswalk,100,,,,,,,,,,historical_code_reused,360981
640203,宁夏回族自治区,石嘴山市,,632,partial,current_parent_code,60,640000,宁夏回族自治区,640200,石嘴山市,,,640200,石嘴山市,prefecture,current_parent_code,
150423,内蒙古自治区,赤峰市,巴林右旗,631,current,current_code,100,150000,内蒙古自治区,150400,赤峰市,150423,巴林右旗,150400,赤峰市,prefecture,current_code,
230602,黑龙江省,大庆市,萨尔图区,631,current,current_code,100,230000,黑龙江省,230600,大庆市,230602,萨尔图区,230600,大庆市,prefecture,current_code,
370633,山东省,烟台市,荣成县,631,historical_mapped,historical_crosswalk,85,370000,山东省,371000,威海市,371082,荣成市,371000,威海市,prefecture,unique_canonical_name,
433123,湖南省,湘西土家族苗族自治州,凤凰县,631,current,current_code,100,430000,湖南省,433100,湘西土家族苗族自治州,433123,凤凰县,433100,湘西土家族苗族自治州,prefecture,current_code,
612526,陕西省,商洛地区,镇安县,631,historical_mapped,historical_crosswalk,90,610000,陕西省,611000,商洛市,611025,镇安县,611000,商洛市,prefecture,unique_exact_name_under_mapped_parent,
120113,天津市,天津市,北辰区,629,current,current_code,100,120000,天津市,,,120113,北辰区,120000,天津市,municipality,current_code,
370920,山东省,泰安市,,629,partial,current_parent_code,60,370000,山东省,370900,泰安市,,,370900,泰安市,prefecture,current_parent_code,
652722,新疆维吾尔自治区,博尔塔拉蒙古自治州,精河县,629,current,current_code,100,650000,新疆维吾尔自治区,652700,博尔塔拉蒙古自治州,652722,精河县,652700,博尔塔拉蒙古自治州,prefecture,current_code,
422128,湖北省,黄冈地区,蕲春县,628,historical_mapped,historical_crosswalk,90,420000,湖北省,421100,黄冈市,421126,蕲春县,421100,黄冈市,prefecture,unique_exact_name_under_mapped_parent,
432301,湖南省,益阳地区,益阳市,628,partial,historical_crosswalk,90,430000,湖南省,430900,益阳市,,,430900,益阳市,prefecture,unique_exact_name_under_mapped_parent,
612422,陕西省,安康地区,汉阴县,628,historical_mapped,historical_crosswalk,90,610000,陕西省,610900,安康市,610921,汉阴县,610900,安康市,prefecture,unique_exact_name_under_mapped_parent,
372830,山东省,临沂地区,平邑县,627,historical_mapped,historical_crosswalk,90,370000,山东省,371300,临沂市,371326,平邑县,371300,临沂市,prefecture,unique_exact_name_under_mapped_parent,
513430,四川省,凉山彝族自治州,金阳县,625,current,current_code,100,510000,四川省,513400,凉山彝族自治州,513430,金阳县,513400,凉山彝族自治州,prefecture,current_code,
654122,新疆维吾尔自治区,伊犁地区,察布查尔锡伯自治县,625,historical_mapped,historical_crosswalk,90,650000,新疆维吾尔自治区,654000,伊犁哈萨克自治州,654022,察布查尔锡伯自治县,654000,伊犁哈萨克自治州,prefecture,unique_exact_name,
411502,河南省,信阳市,浉河区,624,current,current_code,100,410000,河南省,411500,信阳市,411502,浉河区,411500,信阳市,prefecture,current_code,
420583,湖北省,宜昌市,枝江市,624,current,current_code,100,420000,湖北省,420500,宜昌市,420583,枝江市,420500,宜昌市,prefecture,current_code,
450121,广西壮族自治区,南宁市,邕宁县,624,historical_mapped,historical_crosswalk,85,450000,广西壮族自治区,450100,南宁市,450109,邕宁区,450100,南宁市,prefecture,unique_canonical_name_under_mapped_parent,
,四川省,内江市,市中区,623,unresolved,none,0,,,,,,,,,,none,
440521,广东省,汕头市,澄海县,623,historical_mapped,historical_crosswalk,85,440000,广东省,440500,汕头市,440515,澄海区,440500,汕头市,prefecture,unique_canonical_name_under_mapped_parent,
130824,河北省,承德市,滦平县,622,current,current_code,100,130000,河北省,130800,承德市,130824,滦平县,130800,承德市,prefecture,current_code,
431124,湖南省,永州市,道县,622,current,current_code,100,430000,湖南省,431100,永州市,431124,道县,431100,永州市,prefecture,current_code,
522322,贵州省,黔西南布依族苗族自治州,兴仁县,622,historical_mapped,historical_crosswalk,85,520000,贵州省,522300,黔西南布依族苗族自治州,522302,兴仁市,522300,黔西南布依族苗族自治州,prefecture,unique_canonical_name_under_mapped_parent,
132823,河北省,廊坊地区,香河县,621,historical_mapped,historical_crosswalk,90,130000,河北省,131000,廊坊市,131024,香河县,131000,廊坊市,prefecture,unique_exact_name_under_mapped_parent,
330108,浙江省,杭州市,滨江区,621,current,current_code,100,330000,浙江省,330100,杭州市,330108,滨江区,330100,杭州市,prefecture,current_code,
332222,浙江省,宁波地区,余姚县,621,historical_mapped,historical_crosswalk,85,330000,浙江省,330200,宁波市,330281,余姚市,330200,宁波市,prefecture,unique_canonical_name_under_mapped_parent,
342126,安徽省,阜阳地区,亳县,621,partial,historical_crosswalk,70,340000,安徽省,341200,阜阳市,,,341200,阜阳市,prefecture,mapped_parent_only,
371526,山东省,聊城市,高唐县,621,current,current_code,100,370000,山东省,371500,聊城市,371526,高唐县,371500,聊城市,prefecture,current_code,
350603,福建省,漳州市,龙文区,620,current,current_code,100,350000,福建省,350600,漳州市,350603,龙文区,350600,漳州市,prefecture,current_code,
410211,河南省,开封市,金明区,620,ambiguous,historical_crosswalk,100,,,,,,,,,,historical_code_reused,
430902,湖南省,益阳市,资阳区,620,current,current_code,100,430000,湖南省,430900,益阳市,430902,资阳区,430900,益阳市,prefecture,current_code,
140424,山西省,长治市,屯留县,619,historical_mapped,historical_crosswalk,85,140000,山西省,140400,长治市,140405,屯留区,140400,长治市,prefecture,unique_canonical_name_under_mapped_parent,
152527,内蒙古自治区,锡林郭勒盟,太仆寺旗,616,current,current_code,100,150000,内蒙古自治区,152500,锡林郭勒盟,152527,太仆寺旗,152500,锡林郭勒盟,prefecture,current_code,
342326,安徽省,滁县地区,凤阳县,616,historical_mapped,historical_crosswalk,90,340000,安徽省,341100,滁州市,341126,凤阳县,341100,滁州市,prefecture,unique_exact_name,
431102,湖南省,永州市,零陵区,616,current,current_code,100,430000,湖南省,431100,永州市,431102,零陵区,431100,永州市,prefecture,current_code,
540102,西藏自治区,拉萨市,城关区,616,current,current_code,100,540000,西藏自治区,540100,拉萨市,540102,城关区,540100,拉萨市,prefecture,current_code,
132530,河北省,张家口地区,涿鹿县,615,historical_mapped,historical_crosswalk,90,130000,河北省,130700,张家口市,130731,涿鹿县,130700,张家口市,prefecture,unique_exact_name_under_mapped_parent,
230204,黑龙江省,齐齐哈尔市,铁锋区,615,current,current_code,100,230000,黑龙江省,230200,齐齐哈尔市,230204,铁锋区,230200,齐齐哈尔市,prefecture,current_code,
412928,河南省,南阳地区,社旗县,614,historical_mapped,historical_crosswalk,90,410000,河南省,411300,南阳市,411327,社旗县,411300,南阳市,prefecture,unique_exact_name_under_mapped_parent,
533224,云南省,丽江地区,宁蒗彝族自治县,614,historical_mapped,historical_crosswalk,90,530000,云南省,530700,丽江市,530724,宁蒗彝族自治县,530700,丽江市,prefecture,unique_exact_name_under_mapped_parent,
132528,河北省,张家口地区,万全县,613,historical_mapped,historical_crosswalk,85,130000,河北省,130700,张家口市,130708,万全区,130700,张家口市,prefecture,unique_canonical_name_under_mapped_parent,
653130,新疆维吾尔自治区,喀什地区,巴楚县,613,current,current_code,100,650000,新疆维吾尔自治区,653100,喀什地区,653130,巴楚县,653100,喀什地区,prefecture,current_code,
522526,贵州省,安顺地区,平坝县,612,historical_mapped,historical_crosswalk,85,520000,贵州省,520400,安顺市,520403,平坝区,520400,安顺市,prefecture,unique_canonical_name_under_mapped_parent,
132532,河北省,张家口地区,赤城县,611,historical_mapped,historical_crosswalk,90,130000,河北省,130700,张家口市,130732,赤城县,130700,张家口市,prefecture,unique_exact_name_under_mapped_parent,
420822,湖北省,荆门市,沙洋县,611,current,current_code,100,420000,湖北省,420800,荆门市,420822,沙洋县,420800,荆门市,prefecture,current_code,
612328,陕西省,汉中地区,镇巴县,611,historical_mapped,historical_crosswalk,90,610000,陕西省,610700,汉中市,610728,镇巴县,610700,汉中市,prefecture,unique_exact_name_under_mapped_parent,
132326,河北省,石家庄地区,赵县,610,historical_mapped,historical_crosswalk,90,130000,河北省,130100,石家庄市,130133,赵县,130100,石家庄市,prefecture,unique_exact_name_under_mapped_parent,
370687,山东省,烟台市,海阳市,610,current,current_code,100,370000,山东省,370600,烟台市,370687,海阳市,370600,烟台市,prefecture,current_code,
420606,湖北省,襄阳市,樊城区,610,current,current_code,100,420000,湖北省,420600,襄阳市,420606,樊城区,420600,襄阳市,prefecture,current_code,
132522,河北省,张家口地区,康保县,609,historical_mapped,historical_crosswalk,90,130000,河北省,130700,张家口市,130723,康保县,130700,张家口市,prefecture,unique_exact_name_under_mapped_parent,
132523,河北省,张家口地区,沽源县,609,historical_mapped,historical_crosswalk,90,130000,河北省,130700,张家口市,130724,沽源县,130700,张家口市,prefecture,unique_exact_name_under_mapped_parent,
431027,湖南省,郴州市,桂东县,609,current,current_code,100,430000,湖南省,431000,郴州市,431027,桂东县,431000,郴州市,prefecture,current_code,
652928,新疆维吾尔自治区,阿克苏地区,阿瓦提县,609,current,current_code,100,650000,新疆维吾尔自治区,652900,阿克苏地区,652928,阿瓦提县,652900,阿克苏地区,prefecture,current_code,
211005,辽宁省,辽阳市,弓长岭区,608,current,current_code,100,210000,辽宁省,211000,辽阳市,211005,弓长岭区,211000,辽阳市,prefecture,current_code,
370612,山东省,烟台市,牟平区,608,current,current_code,100,370000,山东省,370600,烟台市,370612,牟平区,370600,烟台市,prefecture,current_code,
450122,广西壮族自治区,南宁市,武鸣县,608,historical_mapped,historical_crosswalk,85,450000,广西壮族自治区,450100,南宁市,450110,武鸣区,450100,南宁市,prefecture,unique_canonical_name_under_mapped_parent,
522221,贵州省,铜仁地区,铜仁县,608,partial,historical_crosswalk,85,520000,贵州省,520600,铜仁市,,,520600,铜仁市,prefecture,unique_canonical_name_under_mapped_parent,
622921,甘肃省,临夏回族自治州,临夏县,608,current,current_code,100,620000,甘肃省,622900,临夏回族自治州,622921,临夏县,622900,临夏回族自治州,prefecture,current_code,
152102,内蒙古自治区,呼伦贝尔盟,满洲里市,607,historical_mapped,historical_crosswalk,90,150000,内蒙古自治区,150700,呼伦贝尔市,150781,满洲里市,150700,呼伦贝尔市,prefecture,unique_exact_name_under_mapped_parent,
422126,湖北省,黄冈地区,英山县,607,historical_mapped,historical_crosswalk,90,420000,湖北省,421100,黄冈市,421124,英山县,421100,黄冈市,prefecture,unique_exact_name_under_mapped_parent,
612426,陕西省,安康地区,岚皋县,607,historical_mapped,historical_crosswalk,90,610000,陕西省,610900,安康市,610925,岚皋县,610900,安康市,prefecture,unique_exact_name_under_mapped_parent,
352128,福建省,南平地区,松溪县,606,historical_mapped,historical_crosswalk,90,350000,福建省,350700,南平市,350724,松溪县,350700,南平市,prefecture,unique_exact_name,
532624,云南省,文山壮族苗族自治州,麻栗坡县,606,current,current_code,100,530000,云南省,532600,文山壮族苗族自治州,532624,麻栗坡县,532600,文山壮族苗族自治州,prefecture,current_code,
620521,甘肃省,天水市,清水县,604,current,current_code,100,620000,甘肃省,620500,天水市,620521,清水县,620500,天水市,prefecture,current_code,
642123,宁夏回族自治区,银南地区,中卫县,604,partial,historical_crosswalk,85,640000,宁夏回族自治区,640500,中卫市,,,640500,中卫市,prefecture,unique_canonical_name_under_mapped_parent,
220623,吉林省,白山市,长白朝鲜族自治县,603,current,current_code,100,220000,吉林省,220600,白山市,220623,长白朝鲜族自治县,220600,白山市,prefecture,current_code,
142622,山西省,临汾地区,翼城县,602,ambiguous,historical_crosswalk,100,,,,,,,,,,historical_code_reused,141022
360734,江西省,赣州市,寻乌县,602,current,current_code,100,360000,江西省,360700,赣州市,360734,寻乌县,360700,赣州市,prefecture,current_code,
220225,吉林省,吉林市,桦甸县,601,historical_mapped,historical_crosswalk,85,220000,吉林省,220200,吉林市,220282,桦甸市,220200,吉林市,prefecture,unique_canonical_name_under_mapped_parent,
612731,陕西省,榆林地区,清涧县,601,historical_mapped,historical_crosswalk,90,610000,陕西省,610800,榆林市,610830,清涧县,610800,榆林市,prefecture,unique_exact_name_under_mapped_parent,
140302,山西省,阳泉市,城区,599,current,current_code,100,140000,山西省,140300,阳泉市,140302,城区,140300,阳泉市,prefecture,current_code,
152825,内蒙古自治区,巴彦淖尔盟,乌拉特中旗,599,ambiguous,historical_crosswalk,100,,,,,,,,,,historical_code_reused,150824
640322,宁夏回族自治区,吴忠市,中宁县,598,historical_mapped,historical_crosswalk,90,640000,宁夏回族自治区,640500,中卫市,640521,中宁县,640500,中卫市,prefecture,unique_exact_name,
130129,河北省,石家庄市,赞皇县,597,current,current_code,100,130000,河北省,130100,石家庄市,130129,赞皇县,130100,石家庄市,prefecture,current_code,
431122,湖南省,永州市,东安县,597,current,current_code,100,430000,湖南省,431100,永州市,431122,东安县,431100,永州市,prefecture,current_code,
142223,山西省,忻州地区,五台县,596,ambiguous,historical_crosswalk,100,,,,,,,,,,historical_code_reused,140922
372831,山东省,临沂地区,费县,595,historical_mapped,historical_crosswalk,90,370000,山东省,371300,临沂市,371325,费县,371300,临沂市,prefecture,unique_exact_name_under_mapped_parent,
440122,广东省,广州市,从化县,595,historical_mapped,historical_crosswalk,85,440000,广东省,440100,广州市,440117,从化区,440100,广州市,prefecture,unique_canonical_name_under_mapped_parent,
500104,重庆市,重庆市,大渡口区,595,current,current_code,100,500000,重庆市,,,500104,大渡口区,500000,重庆市,municipality,current_code,
445122,广东省,潮州市,饶平县,594,current,current_code,100,440000,广东省,445100,潮州市,445122,饶平县,445100,潮州市,prefecture,current_code,
622326,甘肃省,武威地区,天祝藏族自治县,594,historical_mapped,historical_crosswalk,90,620000,甘肃省,620600,武威市,620623,天祝藏族自治县,620600,武威市,prefecture,unique_exact_name_under_mapped_parent,
152632,内蒙古自治区,乌兰察布盟,察哈尔右翼后旗,593,historical_mapped,historical_crosswalk,90,150000,内蒙古自治区,150900,乌兰察布市,150928,察哈尔右翼后旗,150900,乌兰察布市,prefecture,unique_exact_name,
341022,安徽省,黄山市,休宁县,593,current,current_code,100,340000,安徽省,341000,黄山市,341022,休宁县,341000,黄山市,prefecture,current_code,
420502,湖北省,宜昌市,西陵区,593,current,current_code,100,420000,湖北省,420500,宜昌市,420502,西陵区,420500,宜昌市,prefecture,current_code,
652122,新疆维吾尔自治区,吐鲁番地区,鄯善县,591,historical_mapped,historical_crosswalk,90,650000,新疆维吾尔自治区,650400,吐鲁番市,650421,鄯善县,650400,吐鲁番市,prefecture,unique_exact_name_under_mapped_parent,
142732,山西省,运城地区,平陆县,590,ambiguous,historical_crosswalk,100,,,,,,,,,,historical_code_reused,140829
410503,河南省,安阳市,北关区,590,current,current_code,100,410000,河南省,410500,安阳市,410503,北关区,410500,安阳市,prefecture,current_code,
432427,湖南省,常德地区,石门县,590,historical_mapped,historical_crosswalk,90,430000,湖南省,430700,常德市,430726,石门县,430700,常德市,prefecture,unique_exact_name_under_mapped_parent,
513326,四川省,甘孜藏族自治州,道孚县,590,current,current_code,100,510000,四川省,513300,甘孜藏族自治州,513326,道孚县,513300,甘孜藏族自治州,prefecture,current_code,
612523,陕西省,商洛地区,丹凤县,589,historical_mapped,historical_crosswalk,90,610000,陕西省,611000,商洛市,611022,丹凤县,611000,商洛市,prefecture,unique_exact_name_under_mapped_parent,
150303,内蒙古自治区,乌海市,海南区,588,current,current_code,100,150000,内蒙古自治区,150300,乌海市,150303,海南区,150300,乌海市,prefecture,current_code,
229001,吉林省,吉林省直辖县级行政区划,公主岭市,588,historical_mapped,historical_crosswalk,90,220000,吉林省,220100,长春市,220184,公主岭市,220100,长春市,prefecture,unique_exact_name,
430219,湖南省,株洲市,醴陵市,588,historical_mapped,historical_crosswalk,90,430000,湖南省,430200,株洲市,430281,醴陵市,430200,株洲市,prefecture,unique_exact_name_under_mapped_parent,
431202,湖南省,怀化市,鹤城区,587,current,current_code,100,430000,湖南省,431200,怀化市,431202,鹤城区,431200,怀化市,prefecture,current_code,
532628,云南省,文山壮族苗族自治州,富宁县,587,current,current_code,100,530000,云南省,532600,文山壮族苗族自治州,532628,富宁县,532600,文山壮族苗族自治州,prefecture,current_code,
142427,山西省,晋中地区,寿阳县,586,ambiguous,historical_crosswalk,100,,,,,,,,,,historical_code_reused,140725
342524,安徽省,宣城地区,宁国县,585,historical_mapped,historical_crosswalk,85,340000,安徽省,341800,宣城市,341881,宁国市,341800,宣城市,prefecture,unique_canonical_name_under_mapped_parent,
412901,河南省,南阳地区,南阳市,585,partial,historical_crosswalk,90,410000,河南省,411300,南阳市,,,411300,南阳市,prefecture,unique_exact_name_under_mapped_parent,
420602,湖北省,襄阳市,襄城区,585,current,current_code,100,420000,湖北省,420600,襄阳市,420602,襄城区,420600,襄阳市,prefecture,current_code,
440922,广东省,茂名市,高州县,585,historical_mapped,historical_crosswalk,85,440000,广东省,440900,茂名市,440981,高州市,440900,茂名市,prefecture,unique_canonical_name_under_mapped_parent,
532127,云南省,昭通地区,绥江县,585,historical_mapped,historical_crosswalk,90,530000,云南省,530600,昭通市,530626,绥江县,530600,昭通市,prefecture,unique_exact_name_under_mapped_parent,
,四川省,内江市,内江县,583,unresolved,none,0,,,,,,,,,,none,
130531,河北省,邢台市,广宗县,583,current,current_code,100,130000,河北省,130500,邢台市,130531,广宗县,130500,邢台市,prefecture,current_code,
519001,四川省,四川省直辖县级行政区划,广汉市,583,historical_mapped,historical_crosswalk,90,510000,四川省,510600,德阳市,510681,广汉市,510600,德阳市,prefecture,unique_exact_name,
532322,云南省,楚雄彝族自治州,双柏县,583,current,current_code,100,530000,云南省,532300,楚雄彝族自治州,532322,双柏县,532300,楚雄彝族自治州,prefecture,current_code,
533223,云南省,丽江地区,华坪县,583,historical_mapped,historical_crosswalk,90,530000,云南省,530700,丽江市,530723,华坪县,530700,丽江市,prefecture,unique_exact_name_under_mapped_parent,
340811,安徽省,安庆市,宜秀区,582,current,current_code,100,340000,安徽省,340800,安庆市,340811,宜秀区,340800,安庆市,prefecture,current_code,
410702,河南省,新乡市,红旗区,581,current,current_code,100,410000,河南省,410700,新乡市,410702,红旗区,410700,新乡市,prefecture,current_code,
430502,湖南省,邵阳市,双清区,580,current,current_code,100,430000,湖南省,430500,邵阳市,430502,双清区,430500,邵阳市,prefecture,current_code,
532926,云南省,大理白族自治州,南涧彝族自治县,580,current,current_code,100,530000,云南省,532900,大理白族自治州,532926,南涧彝族自治县,532900,大理白族自治州,prefecture,current_code,
652823,新疆维吾尔自治区,巴音郭楞蒙古自治州,尉犁县,580,current,current_code,100,650000,新疆维吾尔自治区,652800,巴音郭楞蒙古自治州,652823,尉犁县,652800,巴音郭楞蒙古自治州,prefecture,current_code,
130983,河北省,沧州市,黄骅市,576,current,current_code,100,130000,河北省,130900,沧州市,130983,黄骅市,130900,沧州市,prefecture,current_code,
342723,安徽省,徽州地区,歙县,576,historical_mapped,historical_crosswalk,90,340000,安徽省,341000,黄山市,341021,歙县,341000,黄山市,prefecture,unique_exact_name,
511902,四川省,巴中市,巴州区,576,current,current_code,100,510000,四川省,511900,巴中市,511902,巴州区,511900,巴中市,prefecture,current_code,
210723,辽宁省,锦州市,绥中县,575,historical_mapped,historical_crosswalk,90,210000,辽宁省,211400,葫芦岛市,211421,绥中县,211400,葫芦岛市,prefecture,unique_exact_name,
372525,山东省,聊城地区,东阿县,575,ambiguous,historical_crosswalk,100,,,,,,,,,,historical_code_reused,371524
533524,云南省,临沧地区,永德县,575,historical_mapped,historical_crosswalk,90,530000,云南省,530900,临沧市,530923,永德县,530900,临沧市,prefecture,unique_exact_name_under_mapped_parent,
220681,吉林省,白山市,临江市,574,current,current_code,100,220000,吉林省,220600,白山市,220681,临江市,220600,白山市,prefecture,current_code,
440583,广东省,汕头市,澄海市,572,historical_mapped,historical_crosswalk,85,440000,广东省,440500,汕头市,440515,澄海区,440500,汕头市,prefecture,unique_canonical_name_under_mapped_parent,
532422,云南省,玉溪地区,江川县,572,historical_mapped,historical_crosswalk,85,530000,云南省,530400,玉溪市,530403,江川区,530400,玉溪市,prefecture,unique_canonical_name_under_mapped_parent,
370322,山东省,淄博市,高青县,571,current,current_code,100,370000,山东省,370300,淄博市,370322,高青县,370300,淄博市,prefecture,current_code,
430403,湖南省,衡阳市,城南区,571,ambiguous,historical_crosswalk,100,,,,,,,,,,historical_code_reused,
231025,黑龙江省,牡丹江市,林口县,570,current,current_code,100,230000,黑龙江省,231000,牡丹江市,231025,林口县,231000,牡丹江市,prefecture,current_code,
410703,河南省,新乡市,卫滨区,570,current,current_code,100,410000,河南省,410700,新乡市,410703,卫滨区,410700,新乡市,prefecture,current_code,
520221,贵州省,六盘水市,水城县,569,historical_mapped,historical_crosswalk,85,520000,贵州省,520200,六盘水市,520204,水城区,520200,六盘水市,prefecture,unique_canonical_name_under_mapped_parent,
140524,山西省,晋城市,陵川县,568,current,current_code,100,140000,山西省,140500,晋城市,140524,陵川县,140500,晋城市,prefecture,current_code,
610203,陕西省,铜川市,印台区,568,current,current_code,100,610000,陕西省,610200,铜川市,610203,印台区,610200,铜川市,prefecture,current_code,
612524,陕西省,商洛地区,商南县,568,historical_mapped,historical_crosswalk,90,610000,陕西省,611000,商洛市,611023,商南县,611000,商洛市,prefecture,unique_exact_name_under_mapped_parent,
210903,辽宁省,阜新市,新邱区,567,current,current_code,100,210000,辽宁省,210900,阜新市,210903,新邱区,210900,阜新市,prefecture,current_code,
330502,浙江省,湖州市,吴兴区,567,current,current_code,100,330000,浙江省,330500,湖州市,330502,吴兴区,330500,湖州市,prefecture,current_code,
420105,湖北省,武汉市,汉阳区,567,current,current_code,100,420000,湖北省,420100,武汉市,420105,汉阳区,420100,武汉市,prefecture,current_code,
513429,四川省,凉山彝族自治州,布拖县,567,current,current_code,100,510000,四川省,513400,凉山彝族自治州,513429,布拖县,513400,凉山彝族自治州,prefecture,current_code,
532424,云南省,玉溪地区,通海县,567,historical_mapped,historical_crosswalk,90,530000,云南省,530400,玉溪市,530423,通海县,530400,玉溪市,prefecture,unique_exact_name_under_mapped_parent,
512903,四川省,南充地区,阆中市,566,historical_mapped,historical_crosswalk,90,510000,四川省,511300,南充市,511381,阆中市,511300,南充市,prefecture,unique_exact_name_under_mapped_parent,
130928,河北省,沧州市,吴桥县,565,current,current_code,100,130000,河北省,130900,沧州市,130928,吴桥县,130900,沧州市,prefecture,current_code,
430603,湖南省,岳阳市,云溪区,564,current,current_code,100,430000,湖南省,430600,岳阳市,430603,云溪区,430600,岳阳市,prefecture,current_code,
513422,四川省,凉山彝族自治州,木里藏族自治县,564,current,current_code,100,510000,四川省,513400,凉山彝族自治州,513422,木里藏族自治县,513400,凉山彝族自治州,prefecture,current_code,
652925,新疆维吾尔自治区,阿克苏地区,新和县,564,current,current_code,100,650000,新疆维吾尔自治区,652900,阿克苏地区,652925,新和县,652900,阿克苏地区,prefecture,current_code,
370629,山东省,烟台市,海阳县,563,historical_mapped,historical_crosswalk,85,370000,山东省,370600,烟台市,370687,海阳市,370600,烟台市,prefecture,unique_canonical_name_under_mapped_parent,
420116,湖北省,武汉市,黄陂区,563,current,current_code,100,420000,湖北省,420100,武汉市,420116,黄陂区,420100,武汉市,prefecture,current_code,
431223,湖南省,怀化市,辰溪县,563,current,current_code,100,430000,湖南省,431200,怀化市,431223,辰溪县,431200,怀化市,prefecture,current_code,
532623,云南省,文山壮族苗族自治州,西畴县,563,current,current_code,100,530000,云南省,532600,文山壮族苗族自治州,532623,西畴县,532600,文山壮族苗族自治州,prefecture,current_code,
622426,甘肃省,定西地区,渭源县,563,historical_mapped,historical_crosswalk,90,620000,甘肃省,621100,定西市,621123,渭源县,621100,定西市,prefecture,unique_exact_name_under_mapped_parent,
652826,新疆维吾尔自治区,巴音郭楞蒙古自治州,焉耆回族自治县,562,current,current_code,100,650000,新疆维吾尔自治区,652800,巴音郭楞蒙古自治州,652826,焉耆回族自治县,652800,巴音郭楞蒙古自治州,prefecture,current_code,
130826,河北省,承德市,丰宁满族自治县,561,current,current_code,100,130000,河北省,130800,承德市,130826,丰宁满族自治县,130800,承德市,prefecture,current_code,
132123,河北省,邯郸地区,曲周县,561,historical_mapped,historical_crosswalk,90,130000,河北省,130400,邯郸市,130435,曲周县,130400,邯郸市,prefecture,unique_exact_name_under_mapped_parent,
350724,福建省,南平市,松溪县,560,current,current_code,100,350000,福建省,350700,南平市,350724,松溪县,350700,南平市,prefecture,current_code,
352231,福建省,宁德地区,柘荣县,560,historical_mapped,historical_crosswalk,90,350000,福建省,350900,宁德市,350926,柘荣县,350900,宁德市,prefecture,unique_exact_name,
132622,河北省,承德地区,宽城满族自治县,559,ambiguous,historical_crosswalk,100,,,,,,,,,,historical_code_reused,130827
142327,山西省,吕梁地区,柳林县,559,ambiguous,historical_crosswalk,100,,,,,,,,,,historical_code_reused,141125
460200,海南省,三亚市,,559,current,current_code,100,460000,海南省,460200,三亚市,,,460200,三亚市,prefecture,current_code,
500110,重庆市,重庆市,綦江区,559,current,current_code,100,500000,重庆市,,,500110,綦江区,500000,重庆市,municipality,current_code,
445222,广东省,揭阳市,揭西县,558,current,current_code,100,440000,广东省,445200,揭阳市,445222,揭西县,445200,揭阳市,prefecture,current_code,
130827,河北省,承德市,宽城满族自治县,557,current,current_code,100,130000,河北省,130800,承德市,130827,宽城满族自治县,130800,承德市,prefecture,current_code,
142733,山西省,运城地区,垣曲县,557,ambiguous,historical_crosswalk,100,,,,,,,,,,historical_code_reused,140827
420302,湖北省,十堰市,茅箭区,556,current,current_code,100,420000,湖北省,420300,十堰市,420302,茅箭区,420300,十堰市,prefecture,current_code,
512328,四川省,涪陵地区,黔江土家族苗族自治县,556,ambiguous,historical_crosswalk,100,,,,,,,,,,historical_code_reused,
342531,安徽省,宣城地区,绩溪县,554,historical_mapped,historical_crosswalk,90,340000,安徽省,341800,宣城市,341824,绩溪县,341800,宣城市,prefecture,unique_exact_name_under_mapped_parent,
413001,河南省,信阳地区,信阳市,554,partial,historical_crosswalk,90,410000,河南省,411500,信阳市,,,411500,信阳市,prefecture,unique_exact_name_under_mapped_parent,
230104,黑龙江省,哈尔滨市,道外区,553,current,current_code,100,230000,黑龙江省,230100,哈尔滨市,230104,道外区,230100,哈尔滨市,prefecture,current_code,
533124,云南省,德宏傣族景颇族自治州,陇川县,553,current,current_code,100,530000,云南省,533100,德宏傣族景颇族自治州,533124,陇川县,533100,德宏傣族景颇族自治州,prefecture,current_code,
612430,陕西省,安康地区,白河县,553,historical_mapped,historical_crosswalk,90,610000,陕西省,610900,安康市,610929,白河县,610900,安康市,prefecture,unique_exact_name_under_mapped_parent,
110229,北京市,北京市,延庆县,552,historical_mapped,historical_crosswalk,85,110000,北京市,,,110119,延庆区,110000,北京市,municipality,unique_canonical_name,
142621,山西省,临汾地区,曲沃县,552,ambiguous,historical_crosswalk,100,,,,,,,,,,historical_code_reused,141021
350723,福建省,南平市,光泽县,551,current,current_code,100,350000,福建省,350700,南平市,350723,光泽县,350700,南平市,prefecture,current_code,
652401,新疆维吾尔自治区,伊犁哈萨克自治州,伊宁市,551,ambiguous,historical_crosswalk,100,,,,,,,,,,historical_code_reused,654002;654021
412926,河南省,南阳地区,内乡县,550,historical_mapped,historical_crosswalk,90,410000,河南省,411300,南阳市,411325,内乡县,411300,南阳市,prefecture,unique_exact_name_under_mapped_parent,
110103,北京市,北京市,崇文区,549,unresolved,historical_crosswalk,0,,,,,,,,,,no_supported_successor,
142325,山西省,吕梁地区,兴县,549,ambiguous,historical_crosswalk,100,,,,,,,,,,historical_code_reused,141123
210905,辽宁省,阜新市,清河门区,549,current,current_code,100,210000,辽宁省,210900,阜新市,210905,清河门区,210900,阜新市,prefecture,current_code,
370521,山东省,东营市,垦利县,549,historical_mapped,historical_crosswalk,85,370000,山东省,370500,东营市,370505,垦利区,370500,东营市,prefecture,unique_canonical_name_under_mapped_parent,
140427,山西省,长治市,壶关县,548,current,current_code,100,140000,山西省,140400,长治市,140427,壶关县,140400,长治市,prefecture,current_code,
132233,河北省,邢台地区,广宗县,547,historical_mapped,historical_crosswalk,90,130000,河北省,130500,邢台市,130531,广宗县,130500,邢台市,prefecture,unique_exact_name_under_mapped_parent,
150125,内蒙古自治区,呼和浩特市,武川县,547,current,current_code,100,150000,内蒙古自治区,150100,呼和浩特市,150125,武川县,150100,呼和浩特市,prefecture,current_code,
211204,辽宁省,铁岭市,清河区,547,current,current_code,100,210000,辽宁省,211200,铁岭市,211204,清河区,211200,铁岭市,prefecture,current_code,
340803,安徽省,安庆市,大观区,546,current,current_code,100,340000,安徽省,340800,安庆市,340803,大观区,340800,安庆市,prefecture,current_code,
372431,山东省,德州地区,宁津县,546,historical_mapped,historical_crosswalk,90,370000,山东省,371400,德州市,371422,宁津县,371400,德州市,prefecture,unique_exact_name_under_mapped_parent,
132224,河北省,邢台地区,内丘县,545,historical_mapped,historical_crosswalk,90,130000,河北省,130500,邢台市,130523,内丘县,130500,邢台市,prefecture,unique_exact_name_under_mapped_parent,
420521,湖北省,宜昌市,宜昌县,545,partial,historical_crosswalk,85,420000,湖北省,420500,宜昌市,,,420500,宜昌市,prefecture,unique_canonical_name_under_mapped_parent,
622825,甘肃省,庆阳地区,正宁县,545,historical_mapped,historical_crosswalk,90,620000,甘肃省,621000,庆阳市,621025,正宁县,621000,庆阳市,prefecture,unique_exact_name_under_mapped_parent,
370212,山东省,青岛市,崂山区,543,current,current_code,100,370000,山东省,370200,青岛市,370212,崂山区,370200,青岛市,prefecture,current_code,
431281,湖南省,怀化市,洪江市,543,current,current_code,100,430000,湖南省,431200,怀化市,431281,洪江市,431200,怀化市,prefecture,current_code,
533421,云南省,迪庆藏族自治州,香格里拉县,543,ambiguous,historical_crosswalk,100,,,,,,,,,,historical_code_reused,533401
230106,黑龙江省,哈尔滨市,香坊区,542,historical_mapped,historical_crosswalk,90,230000,黑龙江省,230100,哈尔滨市,230110,香坊区,230100,哈尔滨市,prefecture,unique_exact_name_under_mapped_parent,
371423,山东省,德州市,庆云县,542,current,current_code,100,370000,山东省,371400,德州市,371423,庆云县,371400,德州市,prefecture,current_code,
422322,湖北省,咸宁地区,嘉鱼县,542,historical_mapped,historical_crosswalk,90,420000,湖北省,421200,咸宁市,421221,嘉鱼县,421200,咸宁市,prefecture,unique_exact_name_under_mapped_parent,
652926,新疆维吾尔自治区,阿克苏地区,拜城县,542,current,current_code,100,650000,新疆维吾尔自治区,652900,阿克苏地区,652926,拜城县,652900,阿克苏地区,prefecture,current_code,
370503,山东省,东营市,河口区,541,current,current_code,100,370000,山东省,370500,东营市,370503,河口区,370500,东营市,prefecture,current_code,
431126,湖南省,永州市,宁远县,541,current,current_code,100,430000,湖南省,431100,永州市,431126,宁远县,431100,永州市,prefecture,current_code,
142226,山西省,忻州地区,繁峙县,539,ambiguous,historical_crosswalk,100,,,,,,,,,,historical_code_reused,140924
372426,山东省,德州地区,禹城县,539,historical_mapped,historical_crosswalk,85,370000,山东省,371400,德州市,371482,禹城市,371400,德州市,prefecture,unique_canonical_name_under_mapped_parent,
511226,四川省,万县市,巫山县,539,ambiguous,historical_crosswalk,100,,,,,,,,,,cross_province_exact_name_requires_review,
372927,山东省,菏泽地区,梁山县,538,historical_mapped,historical_crosswalk,90,370000,山东省,370800,济宁市,370832,梁山县,370800,济宁市,prefecture,unique_exact_name,
610623,陕西省,延安市,子长县,538,historical_mapped,historical_crosswalk,85,610000,陕西省,610600,延安市,610681,子长市,610600,延安市,prefecture,unique_canonical_name_under_mapped_parent,
140112,山西省,太原市,南郊区,537,partial,historical_crosswalk,70,140000,山西省,140100,太原市,,,140100,太原市,prefecture,mapped_parent_only,
140321,山西省,阳泉市,平定县,537,current,current_code,100,140000,山西省,140300,阳泉市,140321,平定县,140300,阳泉市,prefecture,current_code,
140624,山西省,朔州市,怀仁县,537,historical_mapped,historical_crosswalk,85,140000,山西省,140600,朔州市,140681,怀仁市,140600,朔州市,prefecture,unique_canonical_name_under_mapped_parent,
360728,江西省,赣州市,定南县,537,current,current_code,100,360000,江西省,360700,赣州市,360728,定南县,360700,赣州市,prefecture,current_code,
433022,湖南省,怀化地区,沅陵县,537,historical_mapped,historical_crosswalk,90,430000,湖南省,431200,怀化市,431222,沅陵县,431200,怀化市,prefecture,unique_exact_name,
133028,河北省,衡水地区,安平县,536,historical_mapped,historical_crosswalk,90,130000,河北省,131100,衡水市,131125,安平县,131100,衡水市,prefecture,unique_exact_name_under_mapped_parent,
440823,广东省,湛江市,遂溪县,536,current,current_code,100,440000,广东省,440800,湛江市,440823,遂溪县,440800,湛江市,prefecture,current_code,
652924,新疆维吾尔自治区,阿克苏地区,沙雅县,536,current,current_code,100,650000,新疆维吾尔自治区,652900,阿克苏地区,652924,沙雅县,652900,阿克苏地区,prefecture,current_code,
370214,山东省,青岛市,城阳区,535,current,current_code,100,370000,山东省,370200,青岛市,370214,城阳区,370200,青岛市,prefecture,current_code,
440924,广东省,茂名市,化州县,535,historical_mapped,historical_crosswalk,85,440000,广东省,440900,茂名市,440982,化州市,440900,茂名市,prefecture,unique_canonical_name_under_mapped_parent,
460004,海南省,海南省直辖县级行政区划,琼山市,535,historical_mapped,historical_crosswalk,85,460000,海南省,460100,海口市,460107,琼山区,460100,海口市,prefecture,unique_canonical_name,
130927,河北省,沧州市,南皮县,534,current,current_code,100,130000,河北省,130900,沧州市,130927,南皮县,130900,沧州市,prefecture,current_code,
222326,吉林省,白城地区,镇赉县,534,historical_mapped,historical_crosswalk,90,220000,吉林省,220800,白城市,220821,镇赉县,220800,白城市,prefecture,unique_exact_name_under_mapped_parent,
410603,河南省,鹤壁市,山城区,534,current,current_code,100,410000,河南省,410600,鹤壁市,410603,山城区,410600,鹤壁市,prefecture,current_code,
622123,甘肃省,酒泉地区,金塔县,534,historical_mapped,historical_crosswalk,90,620000,甘肃省,620900,酒泉市,620921,金塔县,620900,酒泉市,prefecture,unique_exact_name_under_mapped_parent,
132301,河北省,石家庄地区,辛集市,533,historical_mapped,historical_crosswalk,90,130000,河北省,130100,石家庄市,130181,辛集市,130100,石家庄市,prefecture,unique_exact_name_under_mapped_parent,
420117,湖北省,武汉市,新洲区,533,current,current_code,100,420000,湖北省,420100,武汉市,420117,新洲区,420100,武汉市,prefecture,current_code,
522328,贵州省,黔西南布依族苗族自治州,安龙县,533,current,current_code,100,520000,贵州省,522300,黔西南布依族苗族自治州,522328,安龙县,522300,黔西南布依族苗族自治州,prefecture,current_code,
140423,山西省,长治市,襄垣县,532,current,current_code,100,140000,山西省,140400,长治市,140423,襄垣县,140400,长治市,prefecture,current_code,
370686,山东省,烟台市,栖霞市,532,current,current_code,100,370000,山东省,370600,烟台市,370686,栖霞市,370600,烟台市,prefecture,current_code,
142222,山西省,忻州地区,定襄县,531,ambiguous,historical_crosswalk,100,,,,,,,,,,historical_code_reused,140921
431103,湖南省,永州市,冷水滩区,531,current,current_code,100,430000,湖南省,431100,永州市,431103,冷水滩区,431100,永州市,prefecture,current_code,
513333,四川省,甘孜藏族自治州,色达县,531,current,current_code,100,510000,四川省,513300,甘孜藏族自治州,513333,色达县,513300,甘孜藏族自治州,prefecture,current_code,
532726,云南省,思茅地区,镇沅彝族哈尼族拉祜族自治县,531,ambiguous,historical_crosswalk,100,,,,,,,,,,historical_code_reused,530825
410321,河南省,洛阳市,偃师县,530,historical_mapped,historical_crosswalk,85,410000,河南省,410300,洛阳市,410307,偃师区,410300,洛阳市,prefecture,unique_canonical_name_under_mapped_parent,
352626,福建省,龙岩地区,漳平县,529,ambiguous,historical_crosswalk,100,,,,,,,,,,historical_code_reused,350881
450221,广西壮族自治区,柳州市,柳江县,529,historical_mapped,historical_crosswalk,85,450000,广西壮族自治区,450200,柳州市,450206,柳江区,450200,柳州市,prefecture,unique_canonical_name_under_mapped_parent,
340404,安徽省,淮南市,谢家集区,528,current,current_code,100,340000,安徽省,340400,淮南市,340404,谢家集区,340400,淮南市,prefecture,current_code,
130432,河北省,邯郸市,广平县,527,current,current_code,100,130000,河北省,130400,邯郸市,130432,广平县,130400,邯郸市,prefecture,current_code,
232325,黑龙江省,绥化地区,兰西县,527,ambiguous,historical_crosswalk,100,,,,,,,,,,historical_code_reused,231222
372422,山东省,德州地区,平原县,526,historical_mapped,historical_crosswalk,90,370000,山东省,371400,德州市,371426,平原县,371400,德州市,prefecture,unique_exact_name_under_mapped_parent,
412921,河南省,南阳地区,南召县,526,historical_mapped,historical_crosswalk,90,410000,河南省,411300,南阳市,411321,南召县,411300,南阳市,prefecture,unique_exact_name_under_mapped_parent,
232302,黑龙江省,绥化地区,安达市,525,historical_mapped,historical_crosswalk,90,230000,黑龙江省,231200,绥化市,231281,安达市,231200,绥化市,prefecture,unique_exact_name,
441224,广东省,肇庆市,怀集县,524,current,current_code,100,440000,广东省,441200,肇庆市,441224,怀集县,441200,肇庆市,prefecture,current_code,
610626,陕西省,延安市,吴起县,524,current,current_code,100,610000,陕西省,610600,延安市,610626,吴起县,610600,延安市,prefecture,current_code,
130722,河北省,张家口市,张北县,523,current,current_code,100,130000,河北省,130700,张家口市,130722,张北县,130700,张家口市,prefecture,current_code,
140225,山西省,大同市,浑源县,523,current,current_code,100,140000,山西省,140200,大同市,140225,浑源县,140200,大同市,prefecture,current_code,
140211,山西省,大同市,南郊区,522,partial,historical_crosswalk,70,140000,山西省,140200,大同市,,,140200,大同市,prefecture,mapped_parent_only,
140621,山西省,朔州市,山阴县,522,current,current_code,100,140000,山西省,140600,朔州市,140621,山阴县,140600,朔州市,prefecture,current_code,
230119,黑龙江省,哈尔滨市,,522,partial,current_parent_code,60,230000,黑龙江省,230100,哈尔滨市,,,230100,哈尔滨市,prefecture,current_parent_code,
520111,贵州省,贵阳市,花溪区,521,current,current_code,100,520000,贵州省,520100,贵阳市,520111,花溪区,520100,贵阳市,prefecture,current_code,
532530,云南省,红河哈尼族彝族自治州,金平苗族瑶族傣族自治县,520,current,current_code,100,530000,云南省,532500,红河哈尼族彝族自治州,532530,金平苗族瑶族傣族自治县,532500,红河哈尼族彝族自治州,prefecture,current_code,
622624,甘肃省,陇南地区,成县,520,historical_mapped,historical_crosswalk,90,620000,甘肃省,621200,陇南市,621221,成县,621200,陇南市,prefecture,unique_exact_name,
132404,河北省,保定地区,高碑店市,518,ambiguous,historical_crosswalk,100,,,,,,,,,,historical_code_reused,130684
370122,山东省,济南市,章丘县,518,historical_mapped,historical_crosswalk,85,370000,山东省,370100,济南市,370114,章丘区,370100,济南市,prefecture,unique_canonical_name_under_mapped_parent,
370631,山东省,烟台市,牟平县,518,historical_mapped,historical_crosswalk,85,370000,山东省,370600,烟台市,370612,牟平区,370600,烟台市,prefecture,unique_canonical_name_under_mapped_parent,
441622,广东省,河源市,龙川县,518,current,current_code,100,440000,广东省,441600,河源市,441622,龙川县,441600,河源市,prefecture,current_code,
452526,广西壮族自治区,玉林地区,北流县,518,historical_mapped,historical_crosswalk,85,450000,广西壮族自治区,450900,玉林市,450981,北流市,450900,玉林市,prefecture,unique_canonical_name_under_mapped_parent,
132433,河北省,保定地区,安新县,516,historical_mapped,historical_crosswalk,90,130000,河北省,130600,保定市,130632,安新县,130600,保定市,prefecture,unique_exact_name_under_mapped_parent,
132926,河北省,沧州地区,吴桥县,516,historical_mapped,historical_crosswalk,90,130000,河北省,130900,沧州市,130928,吴桥县,130900,沧州市,prefecture,unique_exact_name_under_mapped_parent,
430526,湖南省,邵阳市,武冈县,516,ambiguous,historical_crosswalk,100,,,,,,,,,,historical_code_reused,430581
432928,湖南省,零陵地区,新田县,516,historical_mapped,historical_crosswalk,90,430000,湖南省,431100,永州市,431128,新田县,431100,永州市,prefecture,unique_exact_name,
511923,四川省,巴中市,平昌县,516,current,current_code,100,510000,四川省,511900,巴中市,511923,平昌县,511900,巴中市,prefecture,current_code,
132931,河北省,沧州地区,孟村回族自治县,515,historical_mapped,historical_crosswalk,90,130000,河北省,130900,沧州市,130930,孟村回族自治县,130900,沧州市,prefecture,unique_exact_name_under_mapped_parent,
232330,黑龙江省,绥化地区,庆安县,515,ambiguous,historical_crosswalk,100,,,,,,,,,,historical_code_reused,231224
140322,山西省,阳泉市,盂县,514,current,current_code,100,140000,山西省,140300,阳泉市,140322,盂县,140300,阳泉市,prefecture,current_code,
132527,河北省,张家口地区,怀安县,513,historical_mapped,historical_crosswalk,90,130000,河北省,130700,张家口市,130728,怀安县,130700,张家口市,prefecture,unique_exact_name_under_mapped_parent,
410125,河南省,郑州市,登封县,513,historical_mapped,historical_crosswalk,85,410000,河南省,410100,郑州市,410185,登封市,410100,郑州市,prefecture,unique_canonical_name_under_mapped_parent,
132428,河北省,保定地区,望都县,512,historical_mapped,historical_crosswalk,90,130000,河北省,130600,保定市,130631,望都县,130600,保定市,prefecture,unique_exact_name_under_mapped_parent,
430724,湖南省,常德市,临澧县,512,current,current_code,100,430000,湖南省,430700,常德市,430724,临澧县,430700,常德市,prefecture,current_code,
520112,贵州省,贵阳市,乌当区,512,current,current_code,100,520000,贵州省,520100,贵阳市,520112,乌当区,520100,贵阳市,prefecture,current_code,
433122,湖南省,湘西土家族苗族自治州,泸溪县,511,current,current_code,100,430000,湖南省,433100,湘西土家族苗族自治州,433122,泸溪县,433100,湘西土家族苗族自治州,prefecture,current_code,
230225,黑龙江省,齐齐哈尔市,甘南县,510,current,current_code,100,230000,黑龙江省,230200,齐齐哈尔市,230225,甘南县,230200,齐齐哈尔市,prefecture,current_code,
370121,山东省,济南市,历城县,510,historical_mapped,historical_crosswalk,85,370000,山东省,370100,济南市,370112,历城区,370100,济南市,prefecture,unique_canonical_name_under_mapped_parent,
440883,广东省,湛江市,吴川市,510,current,current_code,100,440000,广东省,440800,湛江市,440883,吴川市,440800,湛江市,prefecture,current_code,
450103,广西壮族自治区,南宁市,青秀区,509,current,current_code,100,450000,广西壮族自治区,450100,南宁市,450103,青秀区,450100,南宁市,prefecture,current_code,
421102,湖北省,黄冈市,黄州区,508,current,current_code,100,420000,湖北省,421100,黄冈市,421102,黄州区,421100,黄冈市,prefecture,current_code,
422103,湖北省,黄冈地区,黄州市,508,historical_mapped,historical_crosswalk,85,420000,湖北省,421100,黄冈市,421102,黄州区,421100,黄冈市,prefecture,unique_canonical_name_under_mapped_parent,
130128,河北省,石家庄市,深泽县,507,current,current_code,100,130000,河北省,130100,石家庄市,130128,深泽县,130100,石家庄市,prefecture,current_code,
441425,广东省,梅州市,兴宁县,507,historical_mapped,historical_crosswalk,85,440000,广东省,441400,梅州市,441481,兴宁市,441400,梅州市,prefecture,unique_canonical_name_under_mapped_parent,
372421,山东省,德州地区,陵县,506,partial,historical_crosswalk,70,370000,山东省,371400,德州市,,,371400,德州市,prefecture,mapped_parent_only,
432426,湖南省,常德地区,桃源县,506,historical_mapped,historical_crosswalk,90,430000,湖南省,430700,常德市,430725,桃源县,430700,常德市,prefecture,unique_exact_name_under_mapped_parent,
622923,甘肃省,临夏回族自治州,永靖县,506,current,current_code,100,620000,甘肃省,622900,临夏回族自治州,622923,永靖县,622900,临夏回族自治州,prefecture,current_code,
440112,广东省,广州市,黄埔区,505,current,current_code,100,440000,广东省,440100,广州市,440112,黄埔区,440100,广州市,prefecture,current_code,
612723,陕西省,榆林地区,府谷县,505,historical_mapped,historical_crosswalk,90,610000,陕西省,610800,榆林市,610822,府谷县,610800,榆林市,prefecture,unique_exact_name_under_mapped_parent,
653201,新疆维吾尔自治区,和田地区,和田市,505,current,current_code,100,650000,新疆维吾尔自治区,653200,和田地区,653201,和田市,653200,和田地区,prefecture,current_code,
612133,陕西省,渭南地区,富平县,504,historical_mapped,historical_crosswalk,90,610000,陕西省,610500,渭南市,610528,富平县,610500,渭南市,prefecture,unique_exact_name_under_mapped_parent,
622627,甘肃省,陇南地区,西和县,504,historical_mapped,historical_crosswalk,90,620000,甘肃省,621200,陇南市,621225,西和县,621200,陇南市,prefecture,unique_exact_name,
133031,河北省,衡水地区,阜城县,503,historical_mapped,historical_crosswalk,90,130000,河北省,131100,衡水市,131128,阜城县,131100,衡水市,prefecture,unique_exact_name_under_mapped_parent,
210224,辽宁省,大连市,长海县,503,current,current_code,100,210000,辽宁省,210200,大连市,210224,长海县,210200,大连市,prefecture,current_code,
372423,山东省,德州地区,夏津县,502,historical_mapped,historical_crosswalk,90,370000,山东省,371400,德州市,371427,夏津县,371400,德州市,prefecture,unique_exact_name_under_mapped_parent,
412931,河南省,南阳地区,新野县,502,historical_mapped,historical_crosswalk,90,410000,河南省,411300,南阳市,411329,新野县,411300,南阳市,prefecture,unique_exact_name_under_mapped_parent,
432829,湖南省,郴州地区,桂东县,502,historical_mapped,historical_crosswalk,90,430000,湖南省,431000,郴州市,431027,桂东县,431000,郴州市,prefecture,unique_exact_name_under_mapped_parent,
460006,海南省,海南省直辖县级行政区划,万宁市,502,historical_mapped,historical_crosswalk,90,460000,海南省,,,469006,万宁市,469006,万宁市,province_direct_county,unique_exact_name_under_mapped_parent,
432425,湖南省,常德地区,临澧县,501,historical_mapped,historical_crosswalk,90,430000,湖南省,430700,常德市,430724,临澧县,430700,常德市,prefecture,unique_exact_name_under_mapped_parent,
452426,广西壮族自治区,梧州地区,贺县,501,unresolved,historical_crosswalk,0,,,,,,,,,,no_supported_successor,
372425,山东省,德州地区,齐河县,500,historical_mapped,historical_crosswalk,90,370000,山东省,371400,德州市,371425,齐河县,371400,德州市,prefecture,unique_exact_name_under_mapped_parent,
430611,湖南省,岳阳市,君山区,500,current,current_code,100,430000,湖南省,430600,岳阳市,430611,君山区,430600,岳阳市,prefecture,current_code,
522527,贵州省,安顺地区,普定县,500,historical_mapped,historical_crosswalk,90,520000,贵州省,520400,安顺市,520422,普定县,520400,安顺市,prefecture,unique_exact_name_under_mapped_parent,
532426,云南省,玉溪地区,易门县,500,historical_mapped,historical_crosswalk,90,530000,云南省,530400,玉溪市,530425,易门县,530400,玉溪市,prefecture,unique_exact_name_under_mapped_parent,
140311,山西省,阳泉市,郊区,499,current,current_code,100,140000,山西省,140300,阳泉市,140311,郊区,140300,阳泉市,prefecture,current_code,
420527,湖北省,宜昌市,秭归县,499,current,current_code,100,420000,湖北省,420500,宜昌市,420527,秭归县,420500,宜昌市,prefecture,current_code,
230622,黑龙江省,大庆市,肇源县,498,current,current_code,100,230000,黑龙江省,230600,大庆市,230622,肇源县,230600,大庆市,prefecture,current_code,
450104,广西壮族自治区,南宁市,城北区,498,ambiguous,historical_crosswalk,100,,,,,,,,,,cross_province_exact_name_requires_review,
452702,广西壮族自治区,河池地区,宜州市,498,historical_mapped,historical_crosswalk,85,450000,广西壮族自治区,451200,河池市,451203,宜州区,451200,河池市,prefecture,unique_canonical_name_under_mapped_parent,
622225,甘肃省,张掖地区,高台县,498,historical_mapped,historical_crosswalk,90,620000,甘肃省,620700,张掖市,620724,高台县,620700,张掖市,prefecture,unique_exact_name_under_mapped_parent,
132526,河北省,张家口地区,阳原县,497,historical_mapped,historical_crosswalk,90,130000,河北省,130700,张家口市,130727,阳原县,130700,张家口市,prefecture,unique_exact_name_under_mapped_parent,
410481,河南省,平顶山市,舞钢市,497,current,current_code,100,410000,河南省,410400,平顶山市,410481,舞钢市,410400,平顶山市,prefecture,current_code,
610582,陕西省,渭南市,华阴市,497,current,current_code,100,610000,陕西省,610500,渭南市,610582,华阴市,610500,渭南市,prefecture,current_code,
230822,黑龙江省,佳木斯市,桦南县,496,current,current_code,100,230000,黑龙江省,230800,佳木斯市,230822,桦南县,230800,佳木斯市,prefecture,current_code,
420581,湖北省,宜昌市,宜都市,496,current,current_code,100,420000,湖北省,420500,宜昌市,420581,宜都市,420500,宜昌市,prefecture,current_code,
513329,四川省,甘孜藏族自治州,新龙县,496,current,current_code,100,510000,四川省,513300,甘孜藏族自治州,513329,新龙县,513300,甘孜藏族自治州,prefecture,current_code,
532131,云南省,昭通地区,水富县,496,historical_mapped,historical_crosswalk,85,530000,云南省,530600,昭通市,530681,水富市,530600,昭通市,prefecture,unique_canonical_name_under_mapped_parent,
612427,陕西省,安康地区,平利县,496,historical_mapped,historical_crosswalk,90,610000,陕西省,610900,安康市,610926,平利县,610900,安康市,prefecture,unique_exact_name_under_mapped_parent,
360401,江西省,九江市,,495,partial,current_parent_code,60,360000,江西省,360400,九江市,,,360400,九江市,prefecture,current_parent_code,
432424,湖南省,常德地区,澧县,495,historical_mapped,historical_crosswalk,90,430000,湖南省,430700,常德市,430723,澧县,430700,常德市,prefecture,unique_exact_name_under_mapped_parent,
522628,贵州省,黔东南苗族侗族自治州,锦屏县,494,current,current_code,100,520000,贵州省,522600,黔东南苗族侗族自治州,522628,锦屏县,522600,黔东南苗族侗族自治州,prefecture,current_code,
622901,甘肃省,临夏回族自治州,临夏市,494,current,current_code,100,620000,甘肃省,622900,临夏回族自治州,622901,临夏市,622900,临夏回族自治州,prefecture,current_code,
142433,山西省,晋中地区,灵石县,493,ambiguous,historical_crosswalk,100,,,,,,,,,,historical_code_reused,140729
370223,山东省,青岛市,胶南县,493,partial,historical_crosswalk,70,370000,山东省,370200,青岛市,,,370200,青岛市,prefecture,mapped_parent_only,
513324,四川省,甘孜藏族自治州,九龙县,493,current,current_code,100,510000,四川省,513300,甘孜藏族自治州,513324,九龙县,513300,甘孜藏族自治州,prefecture,current_code,
341024,安徽省,黄山市,祁门县,492,current,current_code,100,340000,安徽省,341000,黄山市,341024,祁门县,341000,黄山市,prefecture,current_code,
440822,广东省,湛江市,廉江县,492,historical_mapped,historical_crosswalk,85,440000,广东省,440800,湛江市,440881,廉江市,440800,湛江市,prefecture,unique_canonical_name_under_mapped_parent,
452730,广西壮族自治区,河池地区,都安瑶族自治县,492,historical_mapped,historical_crosswalk,90,450000,广西壮族自治区,451200,河池市,451228,都安瑶族自治县,451200,河池市,prefecture,unique_exact_name_under_mapped_parent,
132927,河北省,沧州地区,东光县,491,historical_mapped,historical_crosswalk,90,130000,河北省,130900,沧州市,130923,东光县,130900,沧州市,prefecture,unique_exact_name_under_mapped_parent,
130731,河北省,张家口市,涿鹿县,490,current,current_code,100,130000,河北省,130700,张家口市,130731,涿鹿县,130700,张家口市,prefecture,current_code,
132402,河北省,保定地区,涿州市,490,ambiguous,historical_crosswalk,100,,,,,,,,,,historical_code_reused,130681
230203,黑龙江省,齐齐哈尔市,建华区,490,current,current_code,100,230000,黑龙江省,230200,齐齐哈尔市,230203,建华区,230200,齐齐哈尔市,prefecture,current_code,
371203,山东省,莱芜市,钢城区,490,historical_mapped,historical_crosswalk,90,370000,山东省,370100,济南市,370117,钢城区,370100,济南市,prefecture,unique_exact_name,
370823,山东省,济宁市,曲阜县,489,historical_mapped,historical_crosswalk,85,370000,山东省,370800,济宁市,370881,曲阜市,370800,济宁市,prefecture,unique_canonical_name_under_mapped_parent,
522625,贵州省,黔东南苗族侗族自治州,镇远县,489,current,current_code,100,520000,贵州省,522600,黔东南苗族侗族自治州,522625,镇远县,522600,黔东南苗族侗族自治州,prefecture,current_code,
131123,河北省,衡水市,武强县,488,current,current_code,100,130000,河北省,131100,衡水市,131123,武强县,131100,衡水市,prefecture,current_code,
410811,河南省,焦作市,山阳区,488,current,current_code,100,410000,河南省,410800,焦作市,410811,山阳区,410800,焦作市,prefecture,current_code,
440881,广东省,湛江市,廉江市,488,current,current_code,100,440000,广东省,440800,湛江市,440881,廉江市,440800,湛江市,prefecture,current_code,
132524,河北省,张家口地区,尚义县,487,historical_mapped,historical_crosswalk,90,130000,河北省,130700,张家口市,130725,尚义县,130700,张家口市,prefecture,unique_exact_name_under_mapped_parent,
422828,湖北省,恩施土家族苗族自治州,鹤峰县,487,current,current_code,100,420000,湖北省,422800,恩施土家族苗族自治州,422828,鹤峰县,422800,恩施土家族苗族自治州,prefecture,current_code,
433125,湖南省,湘西土家族苗族自治州,保靖县,487,current,current_code,100,430000,湖南省,433100,湘西土家族苗族自治州,433125,保靖县,433100,湘西土家族苗族自治州,prefecture,current_code,
130630,河北省,保定市,涞源县,486,current,current_code,100,130000,河北省,130600,保定市,130630,涞源县,130600,保定市,prefecture,current_code,
370211,山东省,青岛市,黄岛区,486,current,current_code,100,370000,山东省,370200,青岛市,370211,黄岛区,370200,青岛市,prefecture,current_code,
522731,贵州省,黔南布依族苗族自治州,惠水县,486,current,current_code,100,520000,贵州省,522700,黔南布依族苗族自治州,522731,惠水县,522700,黔南布依族苗族自治州,prefecture,current_code,
440223,广东省,韶关市,南雄县,485,historical_mapped,historical_crosswalk,85,440000,广东省,440200,韶关市,440282,南雄市,440200,韶关市,prefecture,unique_canonical_name_under_mapped_parent,
530423,云南省,玉溪市,通海县,485,current,current_code,100,530000,云南省,530400,玉溪市,530423,通海县,530400,玉溪市,prefecture,current_code,
440803,广东省,湛江市,霞山区,484,current,current_code,100,440000,广东省,440800,湛江市,440803,霞山区,440800,湛江市,prefecture,current_code,
460033,海南省,海南省直辖县级行政区划,乐东黎族自治县,484,historical_mapped,historical_crosswalk,90,460000,海南省,,,469027,乐东黎族自治县,469027,乐东黎族自治县,province_direct_county,unique_exact_name_under_mapped_parent,
140303,山西省,阳泉市,矿区,483,current,current_code,100,140000,山西省,140300,阳泉市,140303,矿区,140300,阳泉市,prefecture,current_code,
230125,黑龙江省,哈尔滨市,宾县,483,current,current_code,100,230000,黑龙江省,230100,哈尔滨市,230125,宾县,230100,哈尔滨市,prefecture,current_code,
413029,河南省,信阳地区,新县,483,historical_mapped,historical_crosswalk,90,410000,河南省,411500,信阳市,411523,新县,411500,信阳市,prefecture,unique_exact_name_under_mapped_parent,
530421,云南省,玉溪市,江川县,483,historical_mapped,historical_crosswalk,85,530000,云南省,530400,玉溪市,530403,江川区,530400,玉溪市,prefecture,unique_canonical_name_under_mapped_parent,
420700,湖北省,鄂州市,,482,current,current_code,100,420000,湖北省,420700,鄂州市,,,420700,鄂州市,prefecture,current_code,
652328,新疆维吾尔自治区,昌吉回族自治州,木垒哈萨克自治县,482,current,current_code,100,650000,新疆维吾尔自治区,652300,昌吉回族自治州,652328,木垒哈萨克自治县,652300,昌吉回族自治州,prefecture,current_code,
110107,北京市,北京市,石景山区,481,current,current_code,100,110000,北京市,,,110107,石景山区,110000,北京市,municipality,current_code,
140622,山西省,朔州市,应县,481,current,current_code,100,140000,山西省,140600,朔州市,140622,应县,140600,朔州市,prefecture,current_code,
220522,吉林省,通化市,集安县,481,historical_mapped,historical_crosswalk,85,220000,吉林省,220500,通化市,220582,集安市,220500,通化市,prefecture,unique_canonical_name_under_mapped_parent,
410411,河南省,平顶山市,湛河区,481,current,current_code,100,410000,河南省,410400,平顶山市,410411,湛河区,410400,平顶山市,prefecture,current_code,
650202,新疆维吾尔自治区,克拉玛依市,独山子区,481,current,current_code,100,650000,新疆维吾尔自治区,650200,克拉玛依市,650202,独山子区,650200,克拉玛依市,prefecture,current_code,
130822,河北省,承德市,兴隆县,480,current,current_code,100,130000,河北省,130800,承德市,130822,兴隆县,130800,承德市,prefecture,current_code,
132929,河北省,沧州地区,盐山县,480,historical_mapped,historical_crosswalk,90,130000,河北省,130900,沧州市,130925,盐山县,130900,沧州市,prefecture,unique_exact_name_under_mapped_parent,
440121,广东省,广州市,花县,480,partial,historical_crosswalk,70,440000,广东省,440100,广州市,,,440100,广州市,prefecture,mapped_parent_only,
231004,黑龙江省,牡丹江市,爱民区,479,current,current_code,100,230000,黑龙江省,231000,牡丹江市,231004,爱民区,231000,牡丹江市,prefecture,current_code,
440525,广东省,汕头市,揭阳县,479,partial,historical_crosswalk,85,440000,广东省,445200,揭阳市,,,445200,揭阳市,prefecture,unique_canonical_name,
460034,海南省,海南省直辖县级行政区划,陵水黎族自治县,479,historical_mapped,historical_crosswalk,90,460000,海南省,,,469028,陵水黎族自治县,469028,陵水黎族自治县,province_direct_county,unique_exact_name_under_mapped_parent,
340102,安徽省,合肥市,瑶海区,478,current,current_code,100,340000,安徽省,340100,合肥市,340102,瑶海区,340100,合肥市,prefecture,current_code,
370822,山东省,济宁市,兖州县,478,historical_mapped,historical_crosswalk,85,370000,山东省,370800,济宁市,370812,兖州区,370800,济宁市,prefecture,unique_canonical_name_under_mapped_parent,
411022,河南省,许昌市,长葛县,478,historical_mapped,historical_crosswalk,85,410000,河南省,411000,许昌市,411082,长葛市,411000,许昌市,prefecture,unique_canonical_name_under_mapped_parent,
420115,湖北省,武汉市,江夏区,478,current,current_code,100,420000,湖北省,420100,武汉市,420115,江夏区,420100,武汉市,prefecture,current_code,
452223,广西壮族自治区,柳州地区,鹿寨县,478,historical_mapped,historical_crosswalk,90,450000,广西壮族自治区,450200,柳州市,450223,鹿寨县,450200,柳州市,prefecture,unique_exact_name_under_mapped_parent,
620525,甘肃省,天水市,张家川回族自治县,477,current,current_code,100,620000,甘肃省,620500,天水市,620525,张家川回族自治县,620500,天水市,prefecture,current_code,
452225,广西壮族自治区,柳州地区,武宣县,476,historical_mapped,historical_crosswalk,90,450000,广西壮族自治区,451300,来宾市,451323,武宣县,451300,来宾市,prefecture,unique_exact_name,
130930,河北省,沧州市,孟村回族自治县,475,current,current_code,100,130000,河北省,130900,沧州市,130930,孟村回族自治县,130900,沧州市,prefecture,current_code,
230502,黑龙江省,双鸭山市,尖山区,475,current,current_code,100,230000,黑龙江省,230500,双鸭山市,230502,尖山区,230500,双鸭山市,prefecture,current_code,
460022,海南省,海南省直辖县级行政区划,文昌县,475,historical_mapped,historical_crosswalk,85,460000,海南省,,,469005,文昌市,469005,文昌市,province_direct_county,unique_canonical_name_under_mapped_parent,
610629,陕西省,延安市,洛川县,475,current,current_code,100,610000,陕西省,610600,延安市,610629,洛川县,610600,延安市,prefecture,current_code,
132132,河北省,邯郸地区,涉县,474,historical_mapped,historical_crosswalk,90,130000,河北省,130400,邯郸市,130426,涉县,130400,邯郸市,prefecture,unique_exact_name_under_mapped_parent,
441481,广东省,梅州市,兴宁市,474,current,current_code,100,440000,广东省,441400,梅州市,441481,兴宁市,441400,梅州市,prefecture,current_code,
522622,贵州省,黔东南苗族侗族自治州,黄平县,474,current,current_code,100,520000,贵州省,522600,黔东南苗族侗族自治州,522622,黄平县,522600,黔东南苗族侗族自治州,prefecture,current_code,
420103,湖北省,武汉市,江汉区,473,current,current_code,100,420000,湖北省,420100,武汉市,420103,江汉区,420100,武汉市,prefecture,current_code,
430511,湖南省,邵阳市,北塔区,473,current,current_code,100,430000,湖南省,430500,邵阳市,430511,北塔区,430500,邵阳市,prefecture,current_code,
410304,河南省,洛阳市,瀍河回族区,471,current,current_code,100,410000,河南省,410300,洛阳市,410304,瀍河回族区,410300,洛阳市,prefecture,current_code,
431226,湖南省,怀化市,麻阳苗族自治县,471,current,current_code,100,430000,湖南省,431200,怀化市,431226,麻阳苗族自治县,431200,怀化市,prefecture,current_code,
522724,贵州省,黔南布依族苗族自治州,福泉县,471,historical_mapped,historical_crosswalk,85,520000,贵州省,522700,黔南布依族苗族自治州,522702,福泉市,522700,黔南布依族苗族自治州,prefecture,unique_canonical_name_under_mapped_parent,
653126,新疆维吾尔自治区,喀什地区,叶城县,471,current,current_code,100,650000,新疆维吾尔自治区,653100,喀什地区,653126,叶城县,653100,喀什地区,prefecture,current_code,
441423,广东省,梅州市,丰顺县,470,current,current_code,100,440000,广东省,441400,梅州市,441423,丰顺县,441400,梅州市,prefecture,current_code,
130729,河北省,张家口市,万全县,469,historical_mapped,historical_crosswalk,85,130000,河北省,130700,张家口市,130708,万全区,130700,张家口市,prefecture,unique_canonical_name_under_mapped_parent,
152823,内蒙古自治区,巴彦淖尔盟,磴口县,469,ambiguous,historical_crosswalk,100,,,,,,,,,,historical_code_reused,150822
232331,黑龙江省,绥化地区,明水县,469,ambiguous,historical_crosswalk,100,,,,,,,,,,historical_code_reused,231225
370729,山东省,潍坊市,五莲县,469,historical_mapped,historical_crosswalk,90,370000,山东省,371100,日照市,371121,五莲县,371100,日照市,prefecture,unique_exact_name,
420221,湖北省,黄石市,大冶县,469,historical_mapped,historical_crosswalk,85,420000,湖北省,420200,黄石市,420281,大冶市,420200,黄石市,prefecture,unique_canonical_name_under_mapped_parent,
513337,四川省,甘孜藏族自治州,稻城县,469,current,current_code,100,510000,四川省,513300,甘孜藏族自治州,513337,稻城县,513300,甘孜藏族自治州,prefecture,current_code,
232326,黑龙江省,绥化地区,青冈县,468,ambiguous,historical_crosswalk,100,,,,,,,,,,historical_code_reused,231223
420122,湖北省,武汉市,武昌县,468,historical_mapped,historical_crosswalk,85,420000,湖北省,420100,武汉市,420106,武昌区,420100,武汉市,prefecture,unique_canonical_name_under_mapped_parent,
152302,内蒙古自治区,哲里木盟,霍林郭勒市,467,historical_mapped,historical_crosswalk,90,150000,内蒙古自治区,150500,通辽市,150581,霍林郭勒市,150500,通辽市,prefecture,unique_exact_name,
610622,陕西省,延安市,延川县,467,current,current_code,100,610000,陕西省,610600,延安市,610622,延川县,610600,延安市,prefecture,current_code,
653124,新疆维吾尔自治区,喀什地区,泽普县,467,current,current_code,100,650000,新疆维吾尔自治区,653100,喀什地区,653124,泽普县,653100,喀什地区,prefecture,current_code,
142225,山西省,忻州地区,代县,466,ambiguous,historical_crosswalk,100,,,,,,,,,,historical_code_reused,140923
220625,吉林省,白山市,江源县,466,historical_mapped,historical_crosswalk,85,220000,吉林省,220600,白山市,220605,江源区,220600,白山市,prefecture,unique_canonical_name_under_mapped_parent,
332226,浙江省,宁波地区,鄞县,466,partial,historical_crosswalk,70,330000,浙江省,330200,宁波市,,,330200,宁波市,prefecture,mapped_parent_only,
652524,新疆维吾尔自治区,塔城地区,沙湾县,464,historical_mapped,historical_crosswalk,85,650000,新疆维吾尔自治区,654200,塔城地区,654203,沙湾市,654200,塔城地区,prefecture,unique_canonical_name_under_mapped_parent,
152625,内蒙古自治区,乌兰察布盟,化德县,463,ambiguous,historical_crosswalk,100,,,,,,,,,,historical_code_reused,150922
420203,湖北省,黄石市,西塞山区,463,current,current_code,100,420000,湖北省,420200,黄石市,420203,西塞山区,420200,黄石市,prefecture,current_code,
522522,贵州省,安顺地区,开阳县,463,historical_mapped,historical_crosswalk,90,520000,贵州省,520100,贵阳市,520121,开阳县,520100,贵阳市,prefecture,unique_exact_name,
530321,云南省,曲靖市,马龙县,463,historical_mapped,historical_crosswalk,85,530000,云南省,530300,曲靖市,530304,马龙区,530300,曲靖市,prefecture,unique_canonical_name_under_mapped_parent,
532528,云南省,红河哈尼族彝族自治州,元阳县,463,current,current_code,100,530000,云南省,532500,红河哈尼族彝族自治州,532528,元阳县,532500,红河哈尼族彝族自治州,prefecture,current_code,
532928,云南省,大理白族自治州,永平县,463,current,current_code,100,530000,云南省,532900,大理白族自治州,532928,永平县,532900,大理白族自治州,prefecture,current_code,
533122,云南省,德宏傣族景颇族自治州,梁河县,463,current,current_code,100,530000,云南省,533100,德宏傣族景颇族自治州,533122,梁河县,533100,德宏傣族景颇族自治州,prefecture,current_code,
132127,河北省,邯郸地区,广平县,462,historical_mapped,historical_crosswalk,90,130000,河北省,130400,邯郸市,130432,广平县,130400,邯郸市,prefecture,unique_exact_name_under_mapped_parent,
522325,贵州省,黔西南布依族苗族自治州,贞丰县,462,current,current_code,100,520000,贵州省,522300,黔西南布依族苗族自治州,522325,贞丰县,522300,黔西南布依族苗族自治州,prefecture,current_code,
652601,新疆维吾尔自治区,阿勒泰地区,,462,unresolved,none,0,,,,,,,,,,none,
420623,湖北省,襄阳市,宜城县,461,historical_mapped,historical_crosswalk,85,420000,湖北省,420600,襄阳市,420684,宜城市,420600,襄阳市,prefecture,unique_canonical_name_under_mapped_parent,
340802,安徽省,安庆市,迎江区,459,current,current_code,100,340000,安徽省,340800,安庆市,340802,迎江区,340800,安庆市,prefecture,current_code,
370625,山东省,烟台市,掖县,459,partial,historical_crosswalk,70,370000,山东省,370600,烟台市,,,370600,烟台市,prefecture,mapped_parent_only,
433124,湖南省,湘西土家族苗族自治州,花垣县,459,current,current_code,100,430000,湖南省,433100,湘西土家族苗族自治州,433124,花垣县,433100,湘西土家族苗族自治州,prefecture,current_code,
532929,云南省,大理白族自治州,云龙县,459,current,current_code,100,530000,云南省,532900,大理白族自治州,532929,云龙县,532900,大理白族自治州,prefecture,current_code,
532931,云南省,大理白族自治州,剑川县,459,current,current_code,100,530000,云南省,532900,大理白族自治州,532931,剑川县,532900,大理白族自治州,prefecture,current_code,
622723,甘肃省,平凉地区,灵台县,459,historical_mapped,historical_crosswalk,90,620000,甘肃省,620800,平凉市,620822,灵台县,620800,平凉市,prefecture,unique_exact_name_under_mapped_parent,
132223,河北省,邢台地区,临城县,458,historical_mapped,historical_crosswalk,90,130000,河北省,130500,邢台市,130522,临城县,130500,邢台市,prefecture,unique_exact_name_under_mapped_parent,
359001,福建省,福建省直辖县级行政区划,永安市,458,historical_mapped,historical_crosswalk,90,350000,福建省,350400,三明市,350481,永安市,350400,三明市,prefecture,unique_exact_name,
420626,湖北省,襄阳市,保康县,458,current,current_code,100,420000,湖北省,420600,襄阳市,420626,保康县,420600,襄阳市,prefecture,current_code,
440882,广东省,湛江市,雷州市,458,current,current_code,100,440000,广东省,440800,湛江市,440882,雷州市,440800,湛江市,prefecture,current_code,
450881,广西壮族自治区,贵港市,桂平市,458,current,current_code,100,450000,广西壮族自治区,450800,贵港市,450881,桂平市,450800,贵港市,prefecture,current_code,
654323,新疆维吾尔自治区,阿勒泰地区,福海县,458,current,current_code,100,650000,新疆维吾尔自治区,654300,阿勒泰地区,654323,福海县,654300,阿勒泰地区,prefecture,current_code,
441422,广东省,梅州市,大埔县,456,current,current_code,100,440000,广东省,441400,梅州市,441422,大埔县,441400,梅州市,prefecture,current_code,
130803,河北省,承德市,双滦区,455,current,current_code,100,130000,河北省,130800,承德市,130803,双滦区,130800,承德市,prefecture,current_code,
340304,安徽省,蚌埠市,禹会区,455,current,current_code,100,340000,安徽省,340300,蚌埠市,340304,禹会区,340300,蚌埠市,prefecture,current_code,
130732,河北省,张家口市,赤城县,454,current,current_code,100,130000,河北省,130700,张家口市,130732,赤城县,130700,张家口市,prefecture,current_code,
352104,福建省,南平地区,建瓯市,454,historical_mapped,historical_crosswalk,90,350000,福建省,350700,南平市,350783,建瓯市,350700,南平市,prefecture,unique_exact_name,
441621,广东省,河源市,紫金县,454,current,current_code,100,440000,广东省,441600,河源市,441621,紫金县,441600,河源市,prefecture,current_code,
450111,广西壮族自治区,南宁市,,454,partial,current_parent_code,60,450000,广西壮族自治区,450100,南宁市,,,450100,南宁市,prefecture,current_parent_code,
622103,甘肃省,酒泉地区,敦煌市,454,historical_mapped,historical_crosswalk,90,620000,甘肃省,620900,酒泉市,620982,敦煌市,620900,酒泉市,prefecture,unique_exact_name_under_mapped_parent,
132121,河北省,邯郸地区,大名县,453,historical_mapped,historical_crosswalk,90,130000,河北省,130400,邯郸市,130425,大名县,130400,邯郸市,prefecture,unique_exact_name_under_mapped_parent,
132426,河北省,保定地区,顺平县,453,ambiguous,historical_crosswalk,100,,,,,,,,,,historical_code_reused,130636
610430,陕西省,咸阳市,淳化县,453,current,current_code,100,610000,陕西省,610400,咸阳市,610430,淳化县,610400,咸阳市,prefecture,current_code,
230621,黑龙江省,大庆市,肇州县,452,current,current_code,100,230000,黑龙江省,230600,大庆市,230621,肇州县,230600,大庆市,prefecture,current_code,
445224,广东省,揭阳市,惠来县,452,current,current_code,100,440000,广东省,445200,揭阳市,445224,惠来县,445200,揭阳市,prefecture,current_code,
132332,河北省,石家庄地区,赞皇县,451,historical_mapped,historical_crosswalk,90,130000,河北省,130100,石家庄市,130129,赞皇县,130100,石家庄市,prefecture,unique_exact_name_under_mapped_parent,
132429,河北省,保定地区,涞水县,451,historical_mapped,historical_crosswalk,90,130000,河北省,130600,保定市,130623,涞水县,130600,保定市,prefecture,unique_exact_name_under_mapped_parent,
230921,黑龙江省,七台河市,勃利县,451,current,current_code,100,230000,黑龙江省,230900,七台河市,230921,勃利县,230900,七台河市,prefecture,current_code,
342530,安徽省,宣城地区,旌德县,451,historical_mapped,historical_crosswalk,90,340000,安徽省,341800,宣城市,341825,旌德县,341800,宣城市,prefecture,unique_exact_name_under_mapped_parent,
410108,河南省,郑州市,惠济区,451,current,current_code,100,410000,河南省,410100,郑州市,410108,惠济区,410100,郑州市,prefecture,current_code,
440623,广东省,佛山市,顺德县,451,historical_mapped,historical_crosswalk,85,440000,广东省,440600,佛山市,440606,顺德区,440600,佛山市,prefecture,unique_canonical_name_under_mapped_parent,
440982,广东省,茂名市,化州市,451,current,current_code,100,440000,广东省,440900,茂名市,440982,化州市,440900,茂名市,prefecture,current_code,
522323,贵州省,黔西南布依族苗族自治州,普安县,451,current,current_code,100,520000,贵州省,522300,黔西南布依族苗族自治州,522323,普安县,522300,黔西南布依族苗族自治州,prefecture,current_code,
370222,山东省,青岛市,即墨县,450,historical_mapped,historical_crosswalk,85,370000,山东省,370200,青岛市,370215,即墨区,370200,青岛市,prefecture,unique_canonical_name_under_mapped_parent,
140525,山西省,晋城市,泽州县,449,current,current_code,100,140000,山西省,140500,晋城市,140525,泽州县,140500,晋城市,prefecture,current_code,
422431,湖北省,荆州地区,钟祥县,449,historical_mapped,historical_crosswalk,85,420000,湖北省,420800,荆门市,420881,钟祥市,420800,荆门市,prefecture,unique_canonical_name,
130522,河北省,邢台市,临城县,448,current,current_code,100,130000,河北省,130500,邢台市,130522,临城县,130500,邢台市,prefecture,current_code,
340505,安徽省,马鞍山市,向山区,448,partial,historical_crosswalk,70,340000,安徽省,340500,马鞍山市,,,340500,马鞍山市,prefecture,mapped_parent_only,
360729,江西省,赣州市,全南县,448,current,current_code,100,360000,江西省,360700,赣州市,360729,全南县,360700,赣州市,prefecture,current_code,
431222,湖南省,怀化市,沅陵县,448,current,current_code,100,430000,湖南省,431200,怀化市,431222,沅陵县,431200,怀化市,prefecture,current_code,
432624,湖南省,邵阳地区,洞口县,448,historical_mapped,historical_crosswalk,90,430000,湖南省,430500,邵阳市,430525,洞口县,430500,邵阳市,prefecture,unique_exact_name_under_mapped_parent,
420114,湖北省,武汉市,蔡甸区,447,current,current_code,100,420000,湖北省,420100,武汉市,420114,蔡甸区,420100,武汉市,prefecture,current_code,
230183,黑龙江省,哈尔滨市,尚志市,446,current,current_code,100,230000,黑龙江省,230100,哈尔滨市,230183,尚志市,230100,哈尔滨市,prefecture,current_code,
422432,湖北省,荆州地区,京山县,446,historical_mapped,historical_crosswalk,85,420000,湖北省,420800,荆门市,420882,京山市,420800,荆门市,prefecture,unique_canonical_name,
532227,云南省,曲靖地区,师宗县,446,historical_mapped,historical_crosswalk,90,530000,云南省,530300,曲靖市,530323,师宗县,530300,曲靖市,prefecture,unique_exact_name_under_mapped_parent,
612423,陕西省,安康地区,石泉县,446,historical_mapped,historical_crosswalk,90,610000,陕西省,610900,安康市,610922,石泉县,610900,安康市,prefecture,unique_exact_name_under_mapped_parent,
152531,内蒙古自治区,锡林郭勒盟,多伦县,445,current,current_code,100,150000,内蒙古自治区,152500,锡林郭勒盟,152531,多伦县,152500,锡林郭勒盟,prefecture,current_code,
422429,湖北省,荆州地区,潜江县,445,historical_mapped,historical_crosswalk,85,420000,湖北省,,,429005,潜江市,429005,潜江市,province_direct_county,unique_canonical_name,
142631,山西省,临汾地区,乡宁县,444,ambiguous,historical_crosswalk,100,,,,,,,,,,historical_code_reused,141029
372432,山东省,德州地区,庆云县,444,historical_mapped,historical_crosswalk,90,370000,山东省,371400,德州市,371423,庆云县,371400,德州市,prefecture,unique_exact_name_under_mapped_parent,
420303,湖北省,十堰市,张湾区,444,current,current_code,100,420000,湖北省,420300,十堰市,420303,张湾区,420300,十堰市,prefecture,current_code,
532327,云南省,楚雄彝族自治州,永仁县,444,current,current_code,100,530000,云南省,532300,楚雄彝族自治州,532327,永仁县,532300,楚雄彝族自治州,prefecture,current_code,
612101,陕西省,渭南地区,渭南市,444,partial,historical_crosswalk,90,610000,陕西省,610500,渭南市,,,610500,渭南市,prefecture,unique_exact_name_under_mapped_parent,
630102,青海省,西宁市,城东区,444,current,current_code,100,630000,青海省,630100,西宁市,630102,城东区,630100,西宁市,prefecture,current_code,
622224,甘肃省,张掖地区,临泽县,443,historical_mapped,historical_crosswalk,90,620000,甘肃省,620700,张掖市,620723,临泽县,620700,张掖市,prefecture,unique_exact_name_under_mapped_parent,
140603,山西省,朔州市,平鲁区,442,current,current_code,100,140000,山西省,140600,朔州市,140603,平鲁区,140600,朔州市,prefecture,current_code,
142302,山西省,吕梁地区,离石市,442,historical_mapped,historical_crosswalk,85,140000,山西省,141100,吕梁市,141102,离石区,141100,吕梁市,prefecture,unique_canonical_name,
230105,黑龙江省,哈尔滨市,太平区,440,ambiguous,historical_crosswalk,100,,,,,,,,,,cross_province_exact_name_requires_review,
640204,宁夏回族自治区,石嘴山市,石炭井区,440,partial,historical_crosswalk,70,640000,宁夏回族自治区,640200,石嘴山市,,,640200,石嘴山市,prefecture,mapped_parent_only,
132442,河北省,保定地区,蠡县,439,historical_mapped,historical_crosswalk,90,130000,河北省,130600,保定市,130635,蠡县,130600,保定市,prefecture,unique_exact_name_under_mapped_parent,
433023,湖南省,怀化地区,辰溪县,439,historical_mapped,historical_crosswalk,90,430000,湖南省,431200,怀化市,431223,辰溪县,431200,怀化市,prefecture,unique_exact_name,
460027,海南省,海南省直辖县级行政区划,澄迈县,437,historical_mapped,historical_crosswalk,90,460000,海南省,,,469023,澄迈县,469023,澄迈县,province_direct_county,unique_exact_name_under_mapped_parent,
140481,山西省,长治市,潞城市,436,historical_mapped,historical_crosswalk,85,140000,山西省,140400,长治市,140406,潞城区,140400,长治市,prefecture,unique_canonical_name_under_mapped_parent,
432927,湖南省,零陵地区,蓝山县,436,historical_mapped,historical_crosswalk,90,430000,湖南省,431100,永州市,431127,蓝山县,431100,永州市,prefecture,unique_exact_name,
450222,广西壮族自治区,柳州市,柳城县,435,current,current_code,100,450000,广西壮族自治区,450200,柳州市,450222,柳城县,450200,柳州市,prefecture,current_code,
530427,云南省,玉溪市,新平彝族傣族自治县,435,current,current_code,100,530000,云南省,530400,玉溪市,530427,新平彝族傣族自治县,530400,玉溪市,prefecture,current_code,
130304,河北省,秦皇岛市,北戴河区,434,current,current_code,100,130000,河北省,130300,秦皇岛市,130304,北戴河区,130300,秦皇岛市,prefecture,current_code,
410204,河南省,开封市,鼓楼区,432,current,current_code,100,410000,河南省,410200,开封市,410204,鼓楼区,410200,开封市,prefecture,current_code,
440620,广东省,佛山市,中山市,432,partial,historical_crosswalk,90,440000,广东省,442000,中山市,,,442000,中山市,prefecture,unique_exact_name,
411330,河南省,南阳市,桐柏县,431,current,current_code,100,410000,河南省,411300,南阳市,411330,桐柏县,411300,南阳市,prefecture,current_code,
452127,广西壮族自治区,南宁地区,马山县,431,historical_mapped,historical_crosswalk,90,450000,广西壮族自治区,450100,南宁市,450124,马山县,450100,南宁市,prefecture,unique_exact_name_under_mapped_parent,
430402,湖南省,衡阳市,江东区,430,ambiguous,historical_crosswalk,100,,,,,,,,,,historical_code_reused,
452527,广西壮族自治区,玉林地区,陆川县,430,historical_mapped,historical_crosswalk,90,450000,广西壮族自治区,450900,玉林市,450922,陆川县,450900,玉林市,prefecture,unique_exact_name_under_mapped_parent,
532423,云南省,玉溪地区,澄江县,430,historical_mapped,historical_crosswalk,85,530000,云南省,530400,玉溪市,530481,澄江市,530400,玉溪市,prefecture,unique_canonical_name_under_mapped_parent,
140108,山西省,太原市,尖草坪区,429,current,current_code,100,140000,山西省,140100,太原市,140108,尖草坪区,140100,太原市,prefecture,current_code,
130728,河北省,张家口市,怀安县,428,current,current_code,100,130000,河北省,130700,张家口市,130728,怀安县,130700,张家口市,prefecture,current_code,
110227,北京市,北京市,怀柔县,426,historical_mapped,historical_crosswalk,85,110000,北京市,,,110116,怀柔区,110000,北京市,municipality,unique_canonical_name,
362431,江西省,吉安地区,莲花县,425,ambiguous,historical_crosswalk,100,,,,,,,,,,historical_code_reused,360321
150124,内蒙古自治区,呼和浩特市,清水河县,424,current,current_code,100,150000,内蒙古自治区,150100,呼和浩特市,150124,清水河县,150100,呼和浩特市,prefecture,current_code,
410324,河南省,洛阳市,栾川县,424,current,current_code,100,410000,河南省,410300,洛阳市,410324,栾川县,410300,洛阳市,prefecture,current_code,
532425,云南省,玉溪地区,华宁县,423,historical_mapped,historical_crosswalk,90,530000,云南省,530400,玉溪市,530424,华宁县,530400,玉溪市,prefecture,unique_exact_name_under_mapped_parent,
132323,河北省,石家庄地区,深泽县,422,historical_mapped,historical_crosswalk,90,130000,河北省,130100,石家庄市,130128,深泽县,130100,石家庄市,prefecture,unique_exact_name_under_mapped_parent,
620122,甘肃省,兰州市,皋兰县,422,current,current_code,100,620000,甘肃省,620100,兰州市,620122,皋兰县,620100,兰州市,prefecture,current_code,
370421,山东省,枣庄市,滕县,421,partial,historical_crosswalk,70,370000,山东省,370400,枣庄市,,,370400,枣庄市,prefecture,mapped_parent_only,
620202,甘肃省,嘉峪关市,,421,partial,current_parent_code,60,620000,甘肃省,620200,嘉峪关市,,,620200,嘉峪关市,prefecture,current_parent_code,
452224,广西壮族自治区,柳州地区,象州县,420,historical_mapped,historical_crosswalk,90,450000,广西壮族自治区,451300,来宾市,451322,象州县,451300,来宾市,prefecture,unique_exact_name,
522324,贵州省,黔西南布依族苗族自治州,晴隆县,420,current,current_code,100,520000,贵州省,522300,黔西南布依族苗族自治州,522324,晴隆县,522300,黔西南布依族苗族自治州,prefecture,current_code,
130107,河北省,石家庄市,井陉矿区,419,current,current_code,100,130000,河北省,130100,石家庄市,130107,井陉矿区,130100,石家庄市,prefecture,current_code,
320212,江苏省,无锡市,,419,partial,current_parent_code,60,320000,江苏省,320200,无锡市,,,320200,无锡市,prefecture,current_parent_code,
452624,广西壮族自治区,百色地区,平果县,419,historical_mapped,historical_crosswalk,85,450000,广西壮族自治区,451000,百色市,451082,平果市,451000,百色市,prefecture,unique_canonical_name_under_mapped_parent,
612601,陕西省,延安地区,延安市,419,partial,historical_crosswalk,90,610000,陕西省,610600,延安市,,,610600,延安市,prefecture,unique_exact_name_under_mapped_parent,
232101,黑龙江省,松花江地区,双城市,418,historical_mapped,historical_crosswalk,85,230000,黑龙江省,230100,哈尔滨市,230113,双城区,230100,哈尔滨市,prefecture,unique_canonical_name,
612327,陕西省,汉中地区,略阳县,418,historical_mapped,historical_crosswalk,90,610000,陕西省,610700,汉中市,610727,略阳县,610700,汉中市,prefecture,unique_exact_name_under_mapped_parent,
140221,山西省,大同市,阳高县,417,current,current_code,100,140000,山西省,140200,大同市,140221,阳高县,140200,大同市,prefecture,current_code,
522723,贵州省,黔南布依族苗族自治州,贵定县,417,current,current_code,100,520000,贵州省,522700,黔南布依族苗族自治州,522723,贵定县,522700,黔南布依族苗族自治州,prefecture,current_code,
622623,甘肃省,陇南地区,宕昌县,417,historical_mapped,historical_crosswalk,90,620000,甘肃省,621200,陇南市,621223,宕昌县,621200,陇南市,prefecture,unique_exact_name,
630103,青海省,西宁市,城中区,417,current,current_code,100,630000,青海省,630100,西宁市,630103,城中区,630100,西宁市,prefecture,current_code,
132439,河北省,保定地区,定县,416,partial,historical_crosswalk,70,130000,河北省,130600,保定市,,,130600,保定市,prefecture,mapped_parent_only,
341322,安徽省,宿州市,萧县,415,current,current_code,100,340000,安徽省,341300,宿州市,341322,萧县,341300,宿州市,prefecture,current_code,
420500,湖北省,宜昌市,,415,current,current_code,100,420000,湖北省,420500,宜昌市,,,420500,宜昌市,prefecture,current_code,
430529,湖南省,邵阳市,城步苗族自治县,415,current,current_code,100,430000,湖南省,430500,邵阳市,430529,城步苗族自治县,430500,邵阳市,prefecture,current_code,
610426,陕西省,咸阳市,永寿县,415,current,current_code,100,610000,陕西省,610400,咸阳市,610426,永寿县,610400,咸阳市,prefecture,current_code,
132135,河北省,邯郸地区,馆陶县,413,historical_mapped,historical_crosswalk,90,130000,河北省,130400,邯郸市,130433,馆陶县,130400,邯郸市,prefecture,unique_exact_name_under_mapped_parent,
230421,黑龙江省,鹤岗市,萝北县,413,current,current_code,100,230000,黑龙江省,230400,鹤岗市,230421,萝北县,230400,鹤岗市,prefecture,current_code,
230804,黑龙江省,佳木斯市,前进区,413,current,current_code,100,230000,黑龙江省,230800,佳木斯市,230804,前进区,230800,佳木斯市,prefecture,current_code,
622922,甘肃省,临夏回族自治州,康乐县,413,current,current_code,100,620000,甘肃省,622900,临夏回族自治州,622922,康乐县,622900,临夏回族自治州,prefecture,current_code,
152525,内蒙古自治区,锡林郭勒盟,东乌珠穆沁旗,412,current,current_code,100,150000,内蒙古自治区,152500,锡林郭勒盟,152525,东乌珠穆沁旗,152500,锡林郭勒盟,prefecture,current_code,
230224,黑龙江省,齐齐哈尔市,泰来县,412,current,current_code,100,230000,黑龙江省,230200,齐齐哈尔市,230224,泰来县,230200,齐齐哈尔市,prefecture,current_code,
421121,湖北省,黄冈市,团风县,412,current,current_code,100,420000,湖北省,421100,黄冈市,421121,团风县,421100,黄冈市,prefecture,current_code,
440184,广东省,广州市,从化市,412,historical_mapped,historical_crosswalk,85,440000,广东省,440100,广州市,440117,从化区,440100,广州市,prefecture,unique_canonical_name_under_mapped_parent,
132321,河北省,石家庄地区,束鹿县,411,partial,historical_crosswalk,70,130000,河北省,130100,石家庄市,,,130100,石家庄市,prefecture,mapped_parent_only,
371524,山东省,聊城市,东阿县,411,current,current_code,100,370000,山东省,371500,聊城市,371524,东阿县,371500,聊城市,prefecture,current_code,
372829,山东省,临沂地区,蒙阴县,411,historical_mapped,historical_crosswalk,90,370000,山东省,371300,临沂市,371328,蒙阴县,371300,临沂市,prefecture,unique_exact_name_under_mapped_parent,
410112,河南省,郑州市,郊区,411,ambiguous,historical_crosswalk,100,,,,,,,,,,cross_province_exact_name_requires_review,
411426,河南省,商丘市,夏邑县,411,current,current_code,100,410000,河南省,411400,商丘市,411426,夏邑县,411400,商丘市,prefecture,current_code,
513032,四川省,达县地区,白沙工农区,411,unresolved,historical_crosswalk,0,,,,,,,,,,no_supported_successor,
130430,河北省,邯郸市,邱县,410,current,current_code,100,130000,河北省,130400,邯郸市,130430,邱县,130400,邯郸市,prefecture,current_code,
522222,贵州省,铜仁地区,江口县,410,historical_mapped,historical_crosswalk,90,520000,贵州省,520600,铜仁市,520621,江口县,520600,铜仁市,prefecture,unique_exact_name_under_mapped_parent,
652326,新疆维吾尔自治区,昌吉回族自治州,阜康县,410,historical_mapped,historical_crosswalk,85,650000,新疆维吾尔自治区,652300,昌吉回族自治州,652302,阜康市,652300,昌吉回族自治州,prefecture,unique_canonical_name_under_mapped_parent,
522528,贵州省,安顺地区,关岭布依族苗族自治县,409,ambiguous,historical_crosswalk,100,,,,,,,,,,historical_code_reused,520424
412927,河南省,南阳地区,淅川县,408,historical_mapped,historical_crosswalk,90,410000,河南省,411300,南阳市,411326,淅川县,411300,南阳市,prefecture,unique_exact_name_under_mapped_parent,
513331,四川省,甘孜藏族自治州,白玉县,407,current,current_code,100,510000,四川省,513300,甘孜藏族自治州,513331,白玉县,513300,甘孜藏族自治州,prefecture,current_code,
522728,贵州省,黔南布依族苗族自治州,罗甸县,407,current,current_code,100,520000,贵州省,522700,黔南布依族苗族自治州,522728,罗甸县,522700,黔南布依族苗族自治州,prefecture,current_code,
532428,云南省,玉溪地区,新平彝族傣族自治县,407,historical_mapped,historical_crosswalk,90,530000,云南省,530400,玉溪市,530427,新平彝族傣族自治县,530400,玉溪市,prefecture,unique_exact_name_under_mapped_parent,
211404,辽宁省,葫芦岛市,南票区,406,current,current_code,100,210000,辽宁省,211400,葫芦岛市,211404,南票区,211400,葫芦岛市,prefecture,current_code,
341622,安徽省,亳州市,蒙城县,406,current,current_code,100,340000,安徽省,341600,亳州市,341622,蒙城县,341600,亳州市,prefecture,current_code,
352127,福建省,南平地区,光泽县,406,historical_mapped,historical_crosswalk,90,350000,福建省,350700,南平市,350723,光泽县,350700,南平市,prefecture,unique_exact_name,
410826,河南省,焦作市,孟县,406,partial,historical_crosswalk,70,410000,河南省,410800,焦作市,,,410800,焦作市,prefecture,mapped_parent_only,
513335,四川省,甘孜藏族自治州,巴塘县,406,current,current_code,100,510000,四川省,513300,甘孜藏族自治州,513335,巴塘县,513300,甘孜藏族自治州,prefecture,current_code,
533526,云南省,临沧地区,双江拉祜族佤族布朗族傣族自治县,406,ambiguous,historical_crosswalk,100,,,,,,,,,,historical_code_reused,530925
130127,河北省,石家庄市,高邑县,405,current,current_code,100,130000,河北省,130100,石家庄市,130127,高邑县,130100,石家庄市,prefecture,current_code,
420300,湖北省,十堰市,,403,current,current_code,100,420000,湖北省,420300,十堰市,,,420300,十堰市,prefecture,current_code,
513230,四川省,阿坝藏族羌族自治州,壤塘县,403,current,current_code,100,510000,四川省,513200,阿坝藏族羌族自治州,513230,壤塘县,513200,阿坝藏族羌族自治州,prefecture,current_code,
432622,湖南省,邵阳地区,隆回县,402,historical_mapped,historical_crosswalk,90,430000,湖南省,430500,邵阳市,430524,隆回县,430500,邵阳市,prefecture,unique_exact_name_under_mapped_parent,
432926,湖南省,零陵地区,江华瑶族自治县,402,historical_mapped,historical_crosswalk,90,430000,湖南省,431100,永州市,431129,江华瑶族自治县,431100,永州市,prefecture,unique_exact_name,
440622,广东省,佛山市,南海县,402,historical_mapped,historical_crosswalk,85,440000,广东省,440600,佛山市,440605,南海区,440600,佛山市,prefecture,unique_canonical_name_under_mapped_parent,
450204,广西壮族自治区,柳州市,柳南区,402,current,current_code,100,450000,广西壮族自治区,450200,柳州市,450204,柳南区,450200,柳州市,prefecture,current_code,
653222,新疆维吾尔自治区,和田地区,墨玉县,402,current,current_code,100,650000,新疆维吾尔自治区,653200,和田地区,653222,墨玉县,653200,和田地区,prefecture,current_code,
342324,安徽省,滁县地区,全椒县,401,historical_mapped,historical_crosswalk,90,340000,安徽省,341100,滁州市,341124,全椒县,341100,滁州市,prefecture,unique_exact_name,
370224,山东省,青岛市,胶县,401,partial,historical_crosswalk,70,370000,山东省,370200,青岛市,,,370200,青岛市,prefecture,mapped_parent_only,
372428,山东省,德州地区,临邑县,401,historical_mapped,historical_crosswalk,90,370000,山东省,371400,德州市,371424,临邑县,371400,德州市,prefecture,unique_exact_name_under_mapped_parent,
530425,云南省,玉溪市,易门县,401,current,current_code,100,530000,云南省,530400,玉溪市,530425,易门县,530400,玉溪市,prefecture,current_code,
441421,广东省,梅州市,梅县,400,historical_mapped,historical_crosswalk,85,440000,广东省,441400,梅州市,441403,梅县区,441400,梅州市,prefecture,unique_canonical_name_under_mapped_parent,
452802,广西壮族自治区,钦州地区,钦州市,400,partial,historical_crosswalk,90,450000,广西壮族自治区,450700,钦州市,,,450700,钦州市,prefecture,unique_exact_name_under_mapped_parent,
654124,新疆维吾尔自治区,伊犁地区,巩留县,400,historical_mapped,historical_crosswalk,90,650000,新疆维吾尔自治区,654000,伊犁哈萨克自治州,654024,巩留县,654000,伊犁哈萨克自治州,prefecture,unique_exact_name,
320101,江苏省,南京市,,399,partial,current_parent_code,60,320000,江苏省,320100,南京市,,,320100,南京市,prefecture,current_parent_code,
410883,河南省,焦作市,孟州市,398,current,current_code,100,410000,河南省,410800,焦作市,410883,孟州市,410800,焦作市,prefecture,current_code,
420601,湖北省,襄阳市,,398,partial,current_parent_code,60,420000,湖北省,420600,襄阳市,,,420600,襄阳市,prefecture,current_parent_code,
140181,山西省,太原市,古交市,397,current,current_code,100,140000,山西省,140100,太原市,140181,古交市,140100,太原市,prefecture,current_code,
654126,新疆维吾尔自治区,伊犁地区,昭苏县,397,historical_mapped,historical_crosswalk,90,650000,新疆维吾尔自治区,654000,伊犁哈萨克自治州,654026,昭苏县,654000,伊犁哈萨克自治州,prefecture,unique_exact_name,
410202,河南省,开封市,龙亭区,396,current,current_code,100,410000,河南省,410200,开封市,410202,龙亭区,410200,开封市,prefecture,current_code,
430225,湖南省,株洲市,炎陵县,396,current,current_code,100,430000,湖南省,430200,株洲市,430225,炎陵县,430200,株洲市,prefecture,current_code,
430781,湖南省,常德市,津市市,395,current,current_code,100,430000,湖南省,430700,常德市,430781,津市市,430700,常德市,prefecture,current_code,
630105,青海省,西宁市,城北区,395,current,current_code,100,630000,青海省,630100,西宁市,630105,城北区,630100,西宁市,prefecture,current_code,
533321,云南省,怒江傈僳族自治州,泸水县,394,ambiguous,historical_crosswalk,100,,,,,,,,,,historical_code_reused,533301
342830,安徽省,安庆地区,贵池县,393,historical_mapped,historical_crosswalk,85,340000,安徽省,341700,池州市,341702,贵池区,341700,池州市,prefecture,unique_canonical_name,
622630,甘肃省,陇南地区,徽县,393,historical_mapped,historical_crosswalk,90,620000,甘肃省,621200,陇南市,621227,徽县,621200,陇南市,prefecture,unique_exact_name,
130727,河北省,张家口市,阳原县,392,current,current_code,100,130000,河北省,130700,张家口市,130727,阳原县,130700,张家口市,prefecture,current_code,
430211,湖南省,株洲市,天元区,392,current,current_code,100,430000,湖南省,430200,株洲市,430211,天元区,430200,株洲市,prefecture,current_code,
450821,广西壮族自治区,贵港市,平南县,391,current,current_code,100,450000,广西壮族自治区,450800,贵港市,450821,平南县,450800,贵港市,prefecture,current_code,
452601,广西壮族自治区,百色地区,百色市,391,partial,historical_crosswalk,90,450000,广西壮族自治区,451000,百色市,,,451000,百色市,prefecture,unique_exact_name_under_mapped_parent,
612127,陕西省,渭南地区,大荔县,390,historical_mapped,historical_crosswalk,90,610000,陕西省,610500,渭南市,610523,大荔县,610500,渭南市,prefecture,unique_exact_name_under_mapped_parent,
432421,湖南省,常德地区,常德县,389,partial,historical_crosswalk,85,430000,湖南省,430700,常德市,,,430700,常德市,prefecture,unique_canonical_name_under_mapped_parent,
441781,广东省,阳江市,阳春市,389,current,current_code,100,440000,广东省,441700,阳江市,441781,阳春市,441700,阳江市,prefecture,current_code,
132424,河北省,保定地区,涞源县,388,historical_mapped,historical_crosswalk,90,130000,河北省,130600,保定市,130630,涞源县,130600,保定市,prefecture,unique_exact_name_under_mapped_parent,
152524,内蒙古自治区,锡林郭勒盟,苏尼特右旗,388,current,current_code,100,150000,内蒙古自治区,152500,锡林郭勒盟,152524,苏尼特右旗,152500,锡林郭勒盟,prefecture,current_code,
230227,黑龙江省,齐齐哈尔市,富裕县,388,current,current_code,100,230000,黑龙江省,230200,齐齐哈尔市,230227,富裕县,230200,齐齐哈尔市,prefecture,current_code,
231121,黑龙江省,黑河市,嫩江县,388,historical_mapped,historical_crosswalk,85,230000,黑龙江省,231100,黑河市,231183,嫩江市,231100,黑河市,prefecture,unique_canonical_name_under_mapped_parent,
130624,河北省,保定市,阜平县,386,current,current_code,100,130000,河北省,130600,保定市,130624,阜平县,130600,保定市,prefecture,current_code,
140430,山西省,长治市,沁县,385,current,current_code,100,140000,山西省,140400,长治市,140430,沁县,140400,长治市,prefecture,current_code,
230828,黑龙江省,佳木斯市,汤原县,385,current,current_code,100,230000,黑龙江省,230800,佳木斯市,230828,汤原县,230800,佳木斯市,prefecture,current_code,
420204,湖北省,黄石市,下陆区,385,current,current_code,100,420000,湖北省,420200,黄石市,420204,下陆区,420200,黄石市,prefecture,current_code,
450205,广西壮族自治区,柳州市,柳北区,385,current,current_code,100,450000,广西壮族自治区,450200,柳州市,450205,柳北区,450200,柳州市,prefecture,current_code,
230523,黑龙江省,双鸭山市,宝清县,383,current,current_code,100,230000,黑龙江省,230500,双鸭山市,230523,宝清县,230500,双鸭山市,prefecture,current_code,
440821,广东省,湛江市,吴川县,383,historical_mapped,historical_crosswalk,85,440000,广东省,440800,湛江市,440883,吴川市,440800,湛江市,prefecture,unique_canonical_name_under_mapped_parent,
142424,山西省,晋中地区,昔阳县,382,ambiguous,historical_crosswalk,100,,,,,,,,,,historical_code_reused,140724
500229,重庆市,重庆市,城口县,382,current,current_code,100,500000,重庆市,,,500229,城口县,500000,重庆市,municipality,current_code,
640302,宁夏回族自治区,吴忠市,利通区,382,current,current_code,100,640000,宁夏回族自治区,640300,吴忠市,640302,利通区,640300,吴忠市,prefecture,current_code,
133027,河北省,衡水地区,饶阳县,380,historical_mapped,historical_crosswalk,90,130000,河北省,131100,衡水市,131124,饶阳县,131100,衡水市,prefecture,unique_exact_name_under_mapped_parent,
130924,河北省,沧州市,海兴县,379,current,current_code,100,130000,河北省,130900,沧州市,130924,海兴县,130900,沧州市,prefecture,current_code,
230321,黑龙江省,鸡西市,鸡东县,379,current,current_code,100,230000,黑龙江省,230300,鸡西市,230321,鸡东县,230300,鸡西市,prefecture,current_code,
231005,黑龙江省,牡丹江市,西安区,379,current,current_code,100,230000,黑龙江省,231000,牡丹江市,231005,西安区,231000,牡丹江市,prefecture,current_code,
340311,安徽省,蚌埠市,淮上区,379,current,current_code,100,340000,安徽省,340300,蚌埠市,340311,淮上区,340300,蚌埠市,prefecture,current_code,
450322,广西壮族自治区,桂林市,临桂县,379,historical_mapped,historical_crosswalk,85,450000,广西壮族自治区,450300,桂林市,450312,临桂区,450300,桂林市,prefecture,unique_canonical_name_under_mapped_parent,
132128,河北省,邯郸地区,成安县,378,historical_mapped,historical_crosswalk,90,130000,河北省,130400,邯郸市,130424,成安县,130400,邯郸市,prefecture,unique_exact_name_under_mapped_parent,
420803,湖北省,荆门市,沙洋区,378,historical_mapped,historical_crosswalk,85,420000,湖北省,420800,荆门市,420822,沙洋县,420800,荆门市,prefecture,unique_canonical_name_under_mapped_parent,
422124,湖北省,黄冈地区,麻城县,378,historical_mapped,historical_crosswalk,85,420000,湖北省,421100,黄冈市,421181,麻城市,421100,黄冈市,prefecture,unique_canonical_name_under_mapped_parent,
422421,湖北省,荆州地区,江陵县,378,historical_mapped,historical_crosswalk,90,420000,湖北省,421000,荆州市,421024,江陵县,421000,荆州市,prefecture,unique_exact_name_under_mapped_parent,
622725,甘肃省,平凉地区,华亭县,378,historical_mapped,historical_crosswalk,85,620000,甘肃省,620800,平凉市,620881,华亭市,620800,平凉市,prefecture,unique_canonical_name_under_mapped_parent,
330201,浙江省,宁波市,,377,partial,current_parent_code,60,330000,浙江省,330200,宁波市,,,330200,宁波市,prefecture,current_parent_code,
372424,山东省,德州地区,武城县,377,historical_mapped,historical_crosswalk,90,370000,山东省,371400,德州市,371428,武城县,371400,德州市,prefecture,unique_exact_name_under_mapped_parent,
231181,黑龙江省,黑河市,北安市,376,current,current_code,100,230000,黑龙江省,231100,黑河市,231181,北安市,231100,黑河市,prefecture,current_code,
513336,四川省,甘孜藏族自治州,乡城县,376,current,current_code,100,510000,四川省,513300,甘孜藏族自治州,513336,乡城县,513300,甘孜藏族自治州,prefecture,current_code,
522529,贵州省,安顺地区,镇宁布依族苗族自治县,376,historical_mapped,historical_crosswalk,90,520000,贵州省,520400,安顺市,520423,镇宁布依族苗族自治县,520400,安顺市,prefecture,unique_exact_name_under_mapped_parent,
342922,安徽省,池州地区,石台县,375,historical_mapped,historical_crosswalk,90,340000,安徽省,341700,池州市,341722,石台县,341700,池州市,prefecture,unique_exact_name_under_mapped_parent,
450721,广西壮族自治区,钦州市,灵山县,375,current,current_code,100,450000,广西壮族自治区,450700,钦州市,450721,灵山县,450700,钦州市,prefecture,current_code,
452229,广西壮族自治区,柳州地区,融水苗族自治县,375,historical_mapped,historical_crosswalk,90,450000,广西壮族自治区,450200,柳州市,450225,融水苗族自治县,450200,柳州市,prefecture,unique_exact_name_under_mapped_parent,
520113,贵州省,贵阳市,白云区,374,current,current_code,100,520000,贵州省,520100,贵阳市,520113,白云区,520100,贵阳市,prefecture,current_code,
132330,河北省,石家庄地区,高邑县,373,historical_mapped,historical_crosswalk,90,130000,河北省,130100,石家庄市,130127,高邑县,130100,石家庄市,prefecture,unique_exact_name_under_mapped_parent,
132435,河北省,保定地区,容城县,373,historical_mapped,historical_crosswalk,90,130000,河北省,130600,保定市,130629,容城县,130600,保定市,prefecture,unique_exact_name_under_mapped_parent,
232332,黑龙江省,绥化地区,绥棱县,373,historical_mapped,historical_crosswalk,90,230000,黑龙江省,231200,绥化市,231226,绥棱县,231200,绥化市,prefecture,unique_exact_name,
421302,湖北省,随州市,,373,partial,current_parent_code,60,420000,湖北省,421300,随州市,,,421300,随州市,prefecture,current_parent_code,
522726,贵州省,黔南布依族苗族自治州,独山县,373,current,current_code,100,520000,贵州省,522700,黔南布依族苗族自治州,522726,独山县,522700,黔南布依族苗族自治州,prefecture,current_code,
532427,云南省,玉溪地区,峨山彝族自治县,373,historical_mapped,historical_crosswalk,90,530000,云南省,530400,玉溪市,530426,峨山彝族自治县,530400,玉溪市,prefecture,unique_exact_name_under_mapped_parent,
230230,黑龙江省,齐齐哈尔市,克东县,372,current,current_code,100,230000,黑龙江省,230200,齐齐哈尔市,230230,克东县,230200,齐齐哈尔市,prefecture,current_code,
441722,广东省,阳江市,阳春县,372,historical_mapped,historical_crosswalk,85,440000,广东省,441700,阳江市,441781,阳春市,441700,阳江市,prefecture,unique_canonical_name_under_mapped_parent,
410504,河南省,安阳市,铁西区,370,ambiguous,historical_crosswalk,100,,,,,,,,,,cross_province_exact_name_requires_review,
433029,湖南省,怀化地区,会同县,369,historical_mapped,historical_crosswalk,90,430000,湖南省,431200,怀化市,431225,会同县,431200,怀化市,prefecture,unique_exact_name,
522632,贵州省,黔东南苗族侗族自治州,榕江县,369,current,current_code,100,520000,贵州省,522600,黔东南苗族侗族自治州,522632,榕江县,522600,黔东南苗族侗族自治州,prefecture,current_code,
230603,黑龙江省,大庆市,龙凤区,368,current,current_code,100,230000,黑龙江省,230600,大庆市,230603,龙凤区,230600,大庆市,prefecture,current_code,
410124,河南省,郑州市,巩县,368,partial,historical_crosswalk,70,410000,河南省,410100,郑州市,,,410100,郑州市,prefecture,mapped_parent_only,
522626,贵州省,黔东南苗族侗族自治州,岑巩县,367,current,current_code,100,520000,贵州省,522600,黔东南苗族侗族自治州,522626,岑巩县,522600,黔东南苗族侗族自治州,prefecture,current_code,
142227,山西省,忻州地区,宁武县,365,ambiguous,historical_crosswalk,100,,,,,,,,,,historical_code_reused,140925
231002,黑龙江省,牡丹江市,东安区,365,current,current_code,100,230000,黑龙江省,231000,牡丹江市,231002,东安区,231000,牡丹江市,prefecture,current_code,
133026,河北省,衡水地区,武强县,364,historical_mapped,historical_crosswalk,90,130000,河北省,131100,衡水市,131123,武强县,131100,衡水市,prefecture,unique_exact_name_under_mapped_parent,
411223,河南省,三门峡市,灵宝县,364,historical_mapped,historical_crosswalk,85,410000,河南省,411200,三门峡市,411282,灵宝市,411200,三门峡市,prefecture,unique_canonical_name_under_mapped_parent,
432623,湖南省,邵阳地区,武冈县,364,historical_mapped,historical_crosswalk,85,430000,湖南省,430500,邵阳市,430581,武冈市,430500,邵阳市,prefecture,unique_canonical_name_under_mapped_parent,
620111,甘肃省,兰州市,红古区,364,current,current_code,100,620000,甘肃省,620100,兰州市,620111,红古区,620100,兰州市,prefecture,current_code,
230702,黑龙江省,伊春市,伊春区,363,partial,historical_crosswalk,85,230000,黑龙江省,230700,伊春市,,,230700,伊春市,prefecture,unique_canonical_name_under_mapped_parent,
330922,浙江省,舟山市,嵊泗县,363,current,current_code,100,330000,浙江省,330900,舟山市,330922,嵊泗县,330900,舟山市,prefecture,current_code,
152526,内蒙古自治区,锡林郭勒盟,西乌珠穆沁旗,362,current,current_code,100,150000,内蒙古自治区,152500,锡林郭勒盟,152526,西乌珠穆沁旗,152500,锡林郭勒盟,prefecture,current_code,
420902,湖北省,孝感市,孝南区,362,current,current_code,100,420000,湖北省,420900,孝感市,420902,孝南区,420900,孝感市,prefecture,current_code,
452421,广西壮族自治区,梧州地区,岑溪县,362,historical_mapped,historical_crosswalk,85,450000,广西壮族自治区,450400,梧州市,450481,岑溪市,450400,梧州市,prefecture,unique_canonical_name,
430411,湖南省,衡阳市,郊区,361,ambiguous,historical_crosswalk,100,,,,,,,,,,cross_province_exact_name_requires_review,
510683,四川省,德阳市,绵竹市,361,current,current_code,100,510000,四川省,510600,德阳市,510683,绵竹市,510600,德阳市,prefecture,current_code,
533325,云南省,怒江傈僳族自治州,兰坪白族普米族自治县,361,current,current_code,100,530000,云南省,533300,怒江傈僳族自治州,533325,兰坪白族普米族自治县,533300,怒江傈僳族自治州,prefecture,current_code,
130724,河北省,张家口市,沽源县,360,current,current_code,100,130000,河北省,130700,张家口市,130724,沽源县,130700,张家口市,prefecture,current_code,
533102,云南省,德宏傣族景颇族自治州,瑞丽市,360,current,current_code,100,530000,云南省,533100,德宏傣族景颇族自治州,533102,瑞丽市,533100,德宏傣族景颇族自治州,prefecture,current_code,
140222,山西省,大同市,天镇县,359,current,current_code,100,140000,山西省,140200,大同市,140222,天镇县,140200,大同市,prefecture,current_code,
440221,广东省,韶关市,曲江县,359,historical_mapped,historical_crosswalk,85,440000,广东省,440200,韶关市,440205,曲江区,440200,韶关市,prefecture,unique_canonical_name_under_mapped_parent,
440602,广东省,佛山市,城区,359,ambiguous,historical_crosswalk,100,,,,,,,,,,historical_code_reused,441502
445202,广东省,揭阳市,榕城区,359,current,current_code,100,440000,广东省,445200,揭阳市,445202,榕城区,445200,揭阳市,prefecture,current_code,
450923,广西壮族自治区,玉林市,博白县,358,current,current_code,100,450000,广西壮族自治区,450900,玉林市,450923,博白县,450900,玉林市,prefecture,current_code,
370225,山东省,青岛市,莱西县,357,historical_mapped,historical_crosswalk,85,370000,山东省,370200,青岛市,370285,莱西市,370200,青岛市,prefecture,unique_canonical_name_under_mapped_parent,
422428,湖北省,荆州地区,天门县,357,historical_mapped,historical_crosswalk,85,420000,湖北省,,,429006,天门市,429006,天门市,province_direct_county,unique_canonical_name,
131028,河北省,廊坊市,大厂回族自治县,356,current,current_code,100,130000,河北省,131000,廊坊市,131028,大厂回族自治县,131000,廊坊市,prefecture,current_code,
140431,山西省,长治市,沁源县,356,current,current_code,100,140000,山西省,140400,长治市,140431,沁源县,140400,长治市,prefecture,current_code,
141124,山西省,吕梁市,临县,356,current,current_code,100,140000,山西省,141100,吕梁市,141124,临县,141100,吕梁市,prefecture,current_code,
522727,贵州省,黔南布依族苗族自治州,平塘县,356,current,current_code,100,520000,贵州省,522700,黔南布依族苗族自治州,522727,平塘县,522700,黔南布依族苗族自治州,prefecture,current_code,
610624,陕西省,延安市,安塞县,356,historical_mapped,historical_crosswalk,85,610000,陕西省,610600,延安市,610603,安塞区,610600,延安市,prefecture,unique_canonical_name_under_mapped_parent,
653122,新疆维吾尔自治区,喀什地区,疏勒县,356,current,current_code,100,650000,新疆维吾尔自治区,653100,喀什地区,653122,疏勒县,653100,喀什地区,prefecture,current_code,
132434,河北省,保定地区,雄县,355,historical_mapped,historical_crosswalk,90,130000,河北省,130600,保定市,130638,雄县,130600,保定市,prefecture,unique_exact_name_under_mapped_parent,
230802,黑龙江省,佳木斯市,永红区,355,partial,historical_crosswalk,70,230000,黑龙江省,230800,佳木斯市,,,230800,佳木斯市,prefecture,mapped_parent_only,
431225,湖南省,怀化市,会同县,355,current,current_code,100,430000,湖南省,431200,怀化市,431225,会同县,431200,怀化市,prefecture,current_code,
230182,黑龙江省,哈尔滨市,双城市,354,historical_mapped,historical_crosswalk,85,230000,黑龙江省,230100,哈尔滨市,230113,双城区,230100,哈尔滨市,prefecture,unique_canonical_name_under_mapped_parent,
132922,河北省,沧州地区,河间县,353,historical_mapped,historical_crosswalk,85,130000,河北省,130900,沧州市,130984,河间市,130900,沧州市,prefecture,unique_canonical_name_under_mapped_parent,
142321,山西省,吕梁地区,汾阳县,353,ambiguous,historical_crosswalk,100,,,,,,,,,,historical_code_reused,141182
232602,黑龙江省,黑河地区,北安市,352,historical_mapped,historical_crosswalk,90,230000,黑龙江省,231100,黑河市,231181,北安市,231100,黑河市,prefecture,unique_exact_name_under_mapped_parent,
370221,山东省,青岛市,崂山县,352,historical_mapped,historical_crosswalk,85,370000,山东省,370200,青岛市,370212,崂山区,370200,青岛市,prefecture,unique_canonical_name_under_mapped_parent,
412932,河南省,南阳地区,桐柏县,352,historical_mapped,historical_crosswalk,90,410000,河南省,411300,南阳市,411330,桐柏县,411300,南阳市,prefecture,unique_exact_name_under_mapped_parent,
433027,湖南省,怀化地区,芷江侗族自治县,352,ambiguous,historical_crosswalk,100,,,,,,,,,,historical_code_reused,431228
653021,新疆维吾尔自治区,克孜勒苏柯尔克孜自治州,阿图什县,350,historical_mapped,historical_crosswalk,85,650000,新疆维吾尔自治区,653000,克孜勒苏柯尔克孜自治州,653001,阿图什市,653000,克孜勒苏柯尔克孜自治州,prefecture,unique_canonical_name_under_mapped_parent,
230521,黑龙江省,双鸭山市,集贤县,349,current,current_code,100,230000,黑龙江省,230500,双鸭山市,230521,集贤县,230500,双鸭山市,prefecture,current_code,
232102,黑龙江省,松花江地区,尚志市,349,historical_mapped,historical_crosswalk,90,230000,黑龙江省,230100,哈尔滨市,230183,尚志市,230100,哈尔滨市,prefecture,unique_exact_name,
610621,陕西省,延安市,延长县,349,current,current_code,100,610000,陕西省,610600,延安市,610621,延长县,610600,延安市,prefecture,current_code,
530422,云南省,玉溪市,澄江县,348,historical_mapped,historical_crosswalk,85,530000,云南省,530400,玉溪市,530481,澄江市,530400,玉溪市,prefecture,unique_canonical_name_under_mapped_parent,
610428,陕西省,咸阳市,长武县,348,current,current_code,100,610000,陕西省,610400,咸阳市,610428,长武县,610400,咸阳市,prefecture,current_code,
320221,江苏省,无锡市,江阴县,347,historical_mapped,historical_crosswalk,85,320000,江苏省,320200,无锡市,320281,江阴市,320200,无锡市,prefecture,unique_canonical_name_under_mapped_parent,
120108,天津市,天津市,汉沽区,345,unresolved,historical_crosswalk,0,,,,,,,,,,no_supported_successor,
410511,河南省,安阳市,郊区,345,ambiguous,historical_crosswalk,100,,,,,,,,,,cross_province_exact_name_requires_review,
442527,广东省,惠阳地区,东莞县,345,partial,historical_crosswalk,85,440000,广东省,441900,东莞市,,,441900,东莞市,prefecture,unique_canonical_name,
622823,甘肃省,庆阳地区,华池县,345,historical_mapped,historical_crosswalk,90,620000,甘肃省,621000,庆阳市,621023,华池县,621000,庆阳市,prefecture,unique_exact_name_under_mapped_parent,
652723,新疆维吾尔自治区,博尔塔拉蒙古自治州,温泉县,345,current,current_code,100,650000,新疆维吾尔自治区,652700,博尔塔拉蒙古自治州,652723,温泉县,652700,博尔塔拉蒙古自治州,prefecture,current_code,
140429,山西省,长治市,武乡县,344,current,current_code,100,140000,山西省,140400,长治市,140429,武乡县,140400,长治市,prefecture,current_code,
632801,青海省,海西蒙古族藏族自治州,格尔木市,344,current,current_code,100,630000,青海省,632800,海西蒙古族藏族自治州,632801,格尔木市,632800,海西蒙古族藏族自治州,prefecture,current_code,
140426,山西省,长治市,黎城县,343,current,current_code,100,140000,山西省,140400,长治市,140426,黎城县,140400,长治市,prefecture,current_code,
511228,四川省,万县市,城口县,343,ambiguous,historical_crosswalk,100,,,,,,,,,,cross_province_exact_name_requires_review,
142232,山西省,忻州地区,河曲县,342,ambiguous,historical_crosswalk,100,,,,,,,,,,historical_code_reused,140930
230811,黑龙江省,佳木斯市,郊区,342,current,current_code,100,230000,黑龙江省,230800,佳木斯市,230811,郊区,230800,佳木斯市,prefecture,current_code,
440782,广东省,江门市,新会市,342,historical_mapped,historical_crosswalk,85,440000,广东省,440700,江门市,440705,新会区,440700,江门市,prefecture,unique_canonical_name_under_mapped_parent,
532523,云南省,红河哈尼族彝族自治州,屏边苗族自治县,342,current,current_code,100,530000,云南省,532500,红河哈尼族彝族自治州,532523,屏边苗族自治县,532500,红河哈尼族彝族自治州,prefecture,current_code,
533121,云南省,德宏傣族景颇族自治州,潞西县,342,partial,historical_crosswalk,70,530000,云南省,533100,德宏傣族景颇族自治州,,,533100,德宏傣族景颇族自治州,prefecture,mapped_parent_only,
132432,河北省,保定地区,高阳县,341,historical_mapped,historical_crosswalk,90,130000,河北省,130600,保定市,130628,高阳县,130600,保定市,prefecture,unique_exact_name_under_mapped_parent,
450203,广西壮族自治区,柳州市,鱼峰区,341,current,current_code,100,450000,广西壮族自治区,450200,柳州市,450203,鱼峰区,450200,柳州市,prefecture,current_code,
460026,海南省,海南省直辖县级行政区划,屯昌县,341,historical_mapped,historical_crosswalk,90,460000,海南省,,,469022,屯昌县,469022,屯昌县,province_direct_county,unique_exact_name_under_mapped_parent,
533525,云南省,临沧地区,镇康县,341,historical_mapped,historical_crosswalk,90,530000,云南省,530900,临沧市,530924,镇康县,530900,临沧市,prefecture,unique_exact_name_under_mapped_parent,
532529,云南省,红河哈尼族彝族自治州,红河县,340,current,current_code,100,530000,云南省,532500,红河哈尼族彝族自治州,532529,红河县,532500,红河哈尼族彝族自治州,prefecture,current_code,
340604,安徽省,淮北市,烈山区,339,current,current_code,100,340000,安徽省,340600,淮北市,340604,烈山区,340600,淮北市,prefecture,current_code,
622927,甘肃省,临夏回族自治州,积石山保安族东乡族撒拉族自治县,339,current,current_code,100,620000,甘肃省,622900,临夏回族自治州,622927,积石山保安族东乡族撒拉族自治县,622900,临夏回族自治州,prefecture,current_code,
140122,山西省,太原市,阳曲县,338,current,current_code,100,140000,山西省,140100,太原市,140122,阳曲县,140100,太原市,prefecture,current_code,
342827,安徽省,安庆地区,望江县,338,historical_mapped,historical_crosswalk,90,340000,安徽省,340800,安庆市,340827,望江县,340800,安庆市,prefecture,unique_exact_name_under_mapped_parent,
372402,山东省,德州地区,乐陵市,338,historical_mapped,historical_crosswalk,90,370000,山东省,371400,德州市,371481,乐陵市,371400,德州市,prefecture,unique_exact_name_under_mapped_parent,
410502,河南省,安阳市,文峰区,338,current,current_code,100,410000,河南省,410500,安阳市,410502,文峰区,410500,安阳市,prefecture,current_code,
432621,湖南省,邵阳地区,邵阳县,338,historical_mapped,historical_crosswalk,90,430000,湖南省,430500,邵阳市,430523,邵阳县,430500,邵阳市,prefecture,unique_exact_name_under_mapped_parent,
450421,广西壮族自治区,梧州市,苍梧县,338,current,current_code,100,450000,广西壮族自治区,450400,梧州市,450421,苍梧县,450400,梧州市,prefecture,current_code,
452701,广西壮族自治区,河池地区,河池市,338,partial,historical_crosswalk,90,450000,广西壮族自治区,451200,河池市,,,451200,河池市,prefecture,unique_exact_name_under_mapped_parent,
522523,贵州省,安顺地区,息烽县,338,historical_mapped,historical_crosswalk,90,520000,贵州省,520100,贵阳市,520122,息烽县,520100,贵阳市,prefecture,unique_exact_name,
622126,甘肃省,酒泉地区,安西县,338,partial,historical_crosswalk,70,620000,甘肃省,620900,酒泉市,,,620900,酒泉市,prefecture,mapped_parent_only,
132130,河北省,邯郸地区,磁县,337,historical_mapped,historical_crosswalk,90,130000,河北省,130400,邯郸市,130427,磁县,130400,邯郸市,prefecture,unique_exact_name_under_mapped_parent,
371100,山东省,日照市,,337,current,current_code,100,370000,山东省,371100,日照市,,,371100,日照市,prefecture,current_code,
520181,贵州省,贵阳市,清镇市,337,current,current_code,100,520000,贵州省,520100,贵阳市,520181,清镇市,520100,贵阳市,prefecture,current_code,
130422,河北省,邯郸市,武安县,336,historical_mapped,historical_crosswalk,85,130000,河北省,130400,邯郸市,130481,武安市,130400,邯郸市,prefecture,unique_canonical_name_under_mapped_parent,
140113,山西省,太原市,北郊区,336,partial,historical_crosswalk,70,140000,山西省,140100,太原市,,,140100,太原市,prefecture,mapped_parent_only,
411523,河南省,信阳市,新县,336,current,current_code,100,410000,河南省,411500,信阳市,411523,新县,411500,信阳市,prefecture,current_code,
441721,广东省,阳江市,阳西县,336,current,current_code,100,440000,广东省,441700,阳江市,441721,阳西县,441700,阳江市,prefecture,current_code,
452124,广西壮族自治区,南宁地区,上林县,336,historical_mapped,historical_crosswalk,90,450000,广西壮族自治区,450100,南宁市,450125,上林县,450100,南宁市,prefecture,unique_exact_name_under_mapped_parent,
612128,陕西省,渭南地区,蒲城县,336,historical_mapped,historical_crosswalk,90,610000,陕西省,610500,渭南市,610526,蒲城县,610500,渭南市,prefecture,unique_exact_name_under_mapped_parent,
622824,甘肃省,庆阳地区,合水县,336,historical_mapped,historical_crosswalk,90,620000,甘肃省,621000,庆阳市,621024,合水县,621000,庆阳市,prefecture,unique_exact_name_under_mapped_parent,
340303,安徽省,蚌埠市,蚌山区,335,current,current_code,100,340000,安徽省,340300,蚌埠市,340303,蚌山区,340300,蚌埠市,prefecture,current_code,
410611,河南省,鹤壁市,淇滨区,335,current,current_code,100,410000,河南省,410600,鹤壁市,410611,淇滨区,410600,鹤壁市,prefecture,current_code,
450321,广西壮族自治区,桂林市,阳朔县,335,current,current_code,100,450000,广西壮族自治区,450300,桂林市,450321,阳朔县,450300,桂林市,prefecture,current_code,
522502,贵州省,安顺地区,清镇市,335,historical_mapped,historical_crosswalk,90,520000,贵州省,520100,贵阳市,520181,清镇市,520100,贵阳市,prefecture,unique_exact_name,
130530,河北省,邢台市,新河县,333,current,current_code,100,130000,河北省,130500,邢台市,130530,新河县,130500,邢台市,prefecture,current_code,
142323,山西省,吕梁地区,交城县,333,ambiguous,historical_crosswalk,100,,,,,,,,,,historical_code_reused,141122
210505,辽宁省,本溪市,南芬区,333,current,current_code,100,210000,辽宁省,210500,本溪市,210505,南芬区,210500,本溪市,prefecture,current_code,
421124,湖北省,黄冈市,英山县,333,current,current_code,100,420000,湖北省,421100,黄冈市,421124,英山县,421100,黄冈市,prefecture,current_code,
440229,广东省,韶关市,翁源县,333,current,current_code,100,440000,广东省,440200,韶关市,440229,翁源县,440200,韶关市,prefecture,current_code,
522729,贵州省,黔南布依族苗族自治州,长顺县,333,current,current_code,100,520000,贵州省,522700,黔南布依族苗族自治州,522729,长顺县,522700,黔南布依族苗族自治州,prefecture,current_code,
533423,云南省,迪庆藏族自治州,维西傈僳族自治县,333,current,current_code,100,530000,云南省,533400,迪庆藏族自治州,533423,维西傈僳族自治县,533400,迪庆藏族自治州,prefecture,current_code,
610421,陕西省,咸阳市,兴平县,333,historical_mapped,historical_crosswalk,85,610000,陕西省,610400,咸阳市,610481,兴平市,610400,咸阳市,prefecture,unique_canonical_name_under_mapped_parent,
452231,广西壮族自治区,柳州地区,忻城县,332,historical_mapped,historical_crosswalk,90,450000,广西壮族自治区,451300,来宾市,451321,忻城县,451300,来宾市,prefecture,unique_exact_name,
532223,云南省,曲靖地区,马龙县,332,historical_mapped,historical_crosswalk,85,530000,云南省,530300,曲靖市,530304,马龙区,530300,曲靖市,prefecture,unique_canonical_name_under_mapped_parent,
342223,安徽省,宿县地区,宿县,331,partial,historical_crosswalk,70,340000,安徽省,,,,,,,,mapped_parent_only,
460002,海南省,海南省直辖县级行政区划,琼海市,331,historical_mapped,historical_crosswalk,95,460000,海南省,,,469002,琼海市,469002,琼海市,province_direct_county,reviewed_override,
460025,海南省,海南省直辖县级行政区划,定安县,331,historical_mapped,historical_crosswalk,90,460000,海南省,,,469021,定安县,469021,定安县,province_direct_county,unique_exact_name_under_mapped_parent,
522624,贵州省,黔东南苗族侗族自治州,三穗县,331,current,current_code,100,520000,贵州省,522600,黔东南苗族侗族自治州,522624,三穗县,522600,黔东南苗族侗族自治州,prefecture,current_code,
522635,贵州省,黔东南苗族侗族自治州,麻江县,331,current,current_code,100,520000,贵州省,522600,黔东南苗族侗族自治州,522635,麻江县,522600,黔东南苗族侗族自治州,prefecture,current_code,
130723,河北省,张家口市,康保县,330,current,current_code,100,130000,河北省,130700,张家口市,130723,康保县,130700,张家口市,prefecture,current_code,
321021,江苏省,扬州市,兴化县,330,historical_mapped,historical_crosswalk,85,320000,江苏省,321200,泰州市,321281,兴化市,321200,泰州市,prefecture,unique_canonical_name,
422123,湖北省,黄冈地区,红安县,330,historical_mapped,historical_crosswalk,90,420000,湖北省,421100,黄冈市,421122,红安县,421100,黄冈市,prefecture,unique_exact_name_under_mapped_parent,
532922,云南省,大理白族自治州,漾濞彝族自治县,330,current,current_code,100,530000,云南省,532900,大理白族自治州,532922,漾濞彝族自治县,532900,大理白族自治州,prefecture,current_code,
640300,宁夏回族自治区,吴忠市,,330,current,current_code,100,640000,宁夏回族自治区,640300,吴忠市,,,640300,吴忠市,prefecture,current_code,
110109,北京市,北京市,门头沟区,329,current,current_code,100,110000,北京市,,,110109,门头沟区,110000,北京市,municipality,current_code,
441202,广东省,肇庆市,端州区,329,current,current_code,100,440000,广东省,441200,肇庆市,441202,端州区,441200,肇庆市,prefecture,current_code,
342121,安徽省,阜阳地区,阜阳县,328,partial,historical_crosswalk,85,340000,安徽省,341200,阜阳市,,,341200,阜阳市,prefecture,unique_canonical_name_under_mapped_parent,
420526,湖北省,宜昌市,兴山县,328,current,current_code,100,420000,湖北省,420500,宜昌市,420526,兴山县,420500,宜昌市,prefecture,current_code,
450211,广西壮族自治区,柳州市,,328,partial,current_parent_code,60,450000,广西壮族自治区,450200,柳州市,,,450200,柳州市,prefecture,current_parent_code,
522530,贵州省,安顺地区,紫云苗族布依族自治县,328,historical_mapped,historical_crosswalk,90,520000,贵州省,520400,安顺市,520425,紫云苗族布依族自治县,520400,安顺市,prefecture,unique_exact_name_under_mapped_parent,
132124,河北省,邯郸地区,丘县,327,partial,historical_crosswalk,70,130000,河北省,130400,邯郸市,,,130400,邯郸市,prefecture,mapped_parent_only,
410205,河南省,开封市,禹王台区,327,current,current_code,100,410000,河南省,410200,开封市,410205,禹王台区,410200,开封市,prefecture,current_code,
411627,河南省,周口市,太康县,327,current,current_code,100,410000,河南省,411600,周口市,411627,太康县,411600,周口市,prefecture,current_code,
452423,广西壮族自治区,梧州地区,藤县,327,historical_mapped,historical_crosswalk,90,450000,广西壮族自治区,450400,梧州市,450422,藤县,450400,梧州市,prefecture,unique_exact_name,
522732,贵州省,黔南布依族苗族自治州,三都水族自治县,327,current,current_code,100,520000,贵州省,522700,黔南布依族苗族自治州,522732,三都水族自治县,522700,黔南布依族苗族自治州,prefecture,current_code,
532727,云南省,思茅地区,江城哈尼族彝族自治县,327,historical_mapped,historical_crosswalk,90,530000,云南省,530800,普洱市,530826,江城哈尼族彝族自治县,530800,普洱市,prefecture,unique_exact_name,
610628,陕西省,延安市,富县,326,current,current_code,100,610000,陕西省,610600,延安市,610628,富县,610600,延安市,prefecture,current_code,
152530,内蒙古自治区,锡林郭勒盟,正蓝旗,325,current,current_code,100,150000,内蒙古自治区,152500,锡林郭勒盟,152530,正蓝旗,152500,锡林郭勒盟,prefecture,current_code,
320901,江苏省,盐城市,,325,partial,current_parent_code,60,320000,江苏省,320900,盐城市,,,320900,盐城市,prefecture,current_parent_code,
360211,江西省,景德镇市,鹅湖区,325,partial,historical_crosswalk,70,360000,江西省,360200,景德镇市,,,360200,景德镇市,prefecture,mapped_parent_only,
654127,新疆维吾尔自治区,伊犁地区,特克斯县,325,historical_mapped,historical_crosswalk,90,650000,新疆维吾尔自治区,654000,伊犁哈萨克自治州,654027,特克斯县,654000,伊犁哈萨克自治州,prefecture,unique_exact_name,
450324,广西壮族自治区,桂林市,全州县,324,current,current_code,100,450000,广西壮族自治区,450300,桂林市,450324,全州县,450300,桂林市,prefecture,current_code,
412923,河南省,南阳地区,西峡县,323,historical_mapped,historical_crosswalk,90,410000,河南省,411300,南阳市,411323,西峡县,411300,南阳市,prefecture,unique_exact_name_under_mapped_parent,
132533,河北省,张家口地区,崇礼县,322,historical_mapped,historical_crosswalk,85,130000,河北省,130700,张家口市,130709,崇礼区,130700,张家口市,prefecture,unique_canonical_name_under_mapped_parent,
640382,宁夏回族自治区,吴忠市,灵武市,322,historical_mapped,historical_crosswalk,90,640000,宁夏回族自治区,640100,银川市,640181,灵武市,640100,银川市,prefecture,unique_exact_name,
441521,广东省,汕尾市,海丰县,321,current,current_code,100,440000,广东省,441500,汕尾市,441521,海丰县,441500,汕尾市,prefecture,current_code,
522421,贵州省,毕节地区,毕节县,321,partial,historical_crosswalk,85,520000,贵州省,520500,毕节市,,,520500,毕节市,prefecture,unique_canonical_name_under_mapped_parent,
222425,吉林省,延边朝鲜族自治州,珲春县,320,historical_mapped,historical_crosswalk,85,220000,吉林省,222400,延边朝鲜族自治州,222404,珲春市,222400,延边朝鲜族自治州,prefecture,unique_canonical_name_under_mapped_parent,
450922,广西壮族自治区,玉林市,陆川县,319,current,current_code,100,450000,广西壮族自治区,450900,玉林市,450922,陆川县,450900,玉林市,prefecture,current_code,
654224,新疆维吾尔自治区,塔城地区,托里县,319,current,current_code,100,650000,新疆维吾尔自治区,654200,塔城地区,654224,托里县,654200,塔城地区,prefecture,current_code,
140110,山西省,太原市,晋源区,318,current,current_code,100,140000,山西省,140100,太原市,140110,晋源区,140100,太原市,prefecture,current_code,
440225,广东省,韶关市,乐昌县,318,historical_mapped,historical_crosswalk,85,440000,广东省,440200,韶关市,440281,乐昌市,440200,韶关市,prefecture,unique_canonical_name_under_mapped_parent,
440306,广东省,深圳市,宝安区,318,current,current_code,100,440000,广东省,440300,深圳市,440306,宝安区,440300,深圳市,prefecture,current_code,
440825,广东省,湛江市,徐闻县,318,current,current_code,100,440000,广东省,440800,湛江市,440825,徐闻县,440800,湛江市,prefecture,current_code,
452731,广西壮族自治区,河池地区,大化瑶族自治县,318,historical_mapped,historical_crosswalk,90,450000,广西壮族自治区,451200,河池市,451229,大化瑶族自治县,451200,河池市,prefecture,unique_exact_name_under_mapped_parent,
532532,云南省,红河哈尼族彝族自治州,河口瑶族自治县,317,current,current_code,100,530000,云南省,532500,红河哈尼族彝族自治州,532532,河口瑶族自治县,532500,红河哈尼族彝族自治州,prefecture,current_code,
612527,陕西省,商洛地区,柞水县,317,historical_mapped,historical_crosswalk,90,610000,陕西省,611000,商洛市,611026,柞水县,611000,商洛市,prefecture,unique_exact_name_under_mapped_parent,
431229,湖南省,怀化市,靖州苗族侗族自治县,315,current,current_code,100,430000,湖南省,431200,怀化市,431229,靖州苗族侗族自治县,431200,怀化市,prefecture,current_code,
652828,新疆维吾尔自治区,巴音郭楞蒙古自治州,和硕县,315,current,current_code,100,650000,新疆维吾尔自治区,652800,巴音郭楞蒙古自治州,652828,和硕县,652800,巴音郭楞蒙古自治州,prefecture,current_code,
132427,河北省,保定地区,唐县,314,historical_mapped,historical_crosswalk,90,130000,河北省,130600,保定市,130627,唐县,130600,保定市,prefecture,unique_exact_name_under_mapped_parent,
441426,广东省,梅州市,平远县,314,current,current_code,100,440000,广东省,441400,梅州市,441426,平远县,441400,梅州市,prefecture,current_code,
452324,广西壮族自治区,桂林地区,兴安县,314,historical_mapped,historical_crosswalk,90,450000,广西壮族自治区,450300,桂林市,450325,兴安县,450300,桂林市,prefecture,unique_exact_name_under_mapped_parent,
530424,云南省,玉溪市,华宁县,314,current,current_code,100,530000,云南省,530400,玉溪市,530424,华宁县,530400,玉溪市,prefecture,current_code,
362333,江西省,上饶地区,德兴县,313,ambiguous,historical_crosswalk,100,,,,,,,,,,historical_code_reused,361181
142230,山西省,忻州地区,五寨县,312,historical_mapped,historical_crosswalk,90,140000,山西省,140900,忻州市,140928,五寨县,140900,忻州市,prefecture,unique_exact_name,
231024,黑龙江省,牡丹江市,东宁县,312,historical_mapped,historical_crosswalk,85,230000,黑龙江省,231000,牡丹江市,231086,东宁市,231000,牡丹江市,prefecture,unique_canonical_name_under_mapped_parent,
433030,湖南省,怀化地区,靖州苗族侗族自治县,312,ambiguous,historical_crosswalk,100,,,,,,,,,,historical_code_reused,431229
230703,黑龙江省,伊春市,南岔区,311,historical_mapped,historical_crosswalk,85,230000,黑龙江省,230700,伊春市,230726,南岔县,230700,伊春市,prefecture,unique_canonical_name_under_mapped_parent,
450802,广西壮族自治区,贵港市,港北区,311,current,current_code,100,450000,广西壮族自治区,450800,贵港市,450802,港北区,450800,贵港市,prefecture,current_code,
452331,广西壮族自治区,桂林地区,荔浦县,311,historical_mapped,historical_crosswalk,85,450000,广西壮族自治区,450300,桂林市,450381,荔浦市,450300,桂林市,prefecture,unique_canonical_name_under_mapped_parent,
132821,河北省,廊坊地区,三河县,310,historical_mapped,historical_crosswalk,85,130000,河北省,131000,廊坊市,131082,三河市,131000,廊坊市,prefecture,unique_canonical_name_under_mapped_parent,
231182,黑龙江省,黑河市,五大连池市,310,current,current_code,100,230000,黑龙江省,231100,黑河市,231182,五大连池市,231100,黑河市,prefecture,current_code,
452525,广西壮族自治区,玉林地区,容县,310,historical_mapped,historical_crosswalk,90,450000,广西壮族自治区,450900,玉林市,450921,容县,450900,玉林市,prefecture,unique_exact_name_under_mapped_parent,
452724,广西壮族自治区,河池地区,环江毛南族自治县,310,ambiguous,historical_crosswalk,100,,,,,,,,,,historical_code_reused,451226
520121,贵州省,贵阳市,开阳县,310,current,current_code,100,520000,贵州省,520100,贵阳市,520121,开阳县,520100,贵阳市,prefecture,current_code,
152126,内蒙古自治区,呼伦贝尔盟,额尔古纳左旗,309,partial,historical_crosswalk,70,150000,内蒙古自治区,150700,呼伦贝尔市,,,150700,呼伦贝尔市,prefecture,mapped_parent_only,
610522,陕西省,渭南市,潼关县,309,current,current_code,100,610000,陕西省,610500,渭南市,610522,潼关县,610500,渭南市,prefecture,current_code,
654128,新疆维吾尔自治区,伊犁地区,尼勒克县,309,historical_mapped,historical_crosswalk,90,650000,新疆维吾尔自治区,654000,伊犁哈萨克自治州,654028,尼勒克县,654000,伊犁哈萨克自治州,prefecture,unique_exact_name,
421222,湖北省,咸宁市,通城县,308,current,current_code,100,420000,湖北省,421200,咸宁市,421222,通城县,421200,咸宁市,prefecture,current_code,
441802,广东省,清远市,清城区,308,current,current_code,100,440000,广东省,441800,清远市,441802,清城区,441800,清远市,prefecture,current_code,
142629,山西省,临汾地区,浮山县,307,ambiguous,historical_crosswalk,100,,,,,,,,,,historical_code_reused,141027
150223,内蒙古自治区,包头市,达尔罕茂明安联合旗,307,current,current_code,100,150000,内蒙古自治区,150200,包头市,150223,达尔罕茂明安联合旗,150200,包头市,prefecture,current_code,
640211,宁夏回族自治区,石嘴山市,郊区,306,ambiguous,historical_crosswalk,100,,,,,,,,,,cross_province_exact_name_requires_review,
640381,宁夏回族自治区,吴忠市,青铜峡市,306,current,current_code,100,640000,宁夏回族自治区,640300,吴忠市,640381,青铜峡市,640300,吴忠市,prefecture,current_code,
441381,广东省,惠州市,惠阳市,305,historical_mapped,historical_crosswalk,85,440000,广东省,441300,惠州市,441303,惠阳区,441300,惠州市,prefecture,unique_canonical_name_under_mapped_parent,
230606,黑龙江省,大庆市,大同区,304,current,current_code,100,230000,黑龙江省,230600,大庆市,230606,大同区,230600,大庆市,prefecture,current_code,
231027,黑龙江省,牡丹江市,虎林县,304,historical_mapped,historical_crosswalk,85,230000,黑龙江省,230300,鸡西市,230381,虎林市,230300,鸡西市,prefecture,unique_canonical_name,
140227,山西省,大同市,大同县,302,partial,historical_crosswalk,85,140000,山西省,140200,大同市,,,140200,大同市,prefecture,unique_canonical_name_under_mapped_parent,
370213,山东省,青岛市,李沧区,302,current,current_code,100,370000,山东省,370200,青岛市,370213,李沧区,370200,青岛市,prefecture,current_code,
412930,河南省,南阳地区,邓县,302,partial,historical_crosswalk,70,410000,河南省,411300,南阳市,,,411300,南阳市,prefecture,mapped_parent_only,
431128,湖南省,永州市,新田县,301,current,current_code,100,430000,湖南省,431100,永州市,431128,新田县,431100,永州市,prefecture,current_code,
642225,宁夏回族自治区,固原地区,泾源县,301,historical_mapped,historical_crosswalk,90,640000,宁夏回族自治区,640400,固原市,640424,泾源县,640400,固原市,prefecture,unique_exact_name_under_mapped_parent,
370206,山东省,青岛市,沧口区,300,partial,historical_crosswalk,70,370000,山东省,370200,青岛市,,,370200,青岛市,prefecture,mapped_parent_only,
371021,山东省,威海市,乳山县,300,historical_mapped,historical_crosswalk,85,370000,山东省,371000,威海市,371083,乳山市,371000,威海市,prefecture,unique_canonical_name_under_mapped_parent,
420112,湖北省,武汉市,东西湖区,300,current,current_code,100,420000,湖北省,420100,武汉市,420112,东西湖区,420100,武汉市,prefecture,current_code,
433026,湖南省,怀化地区,新晃侗族自治县,300,historical_mapped,historical_crosswalk,90,430000,湖南省,431200,怀化市,431227,新晃侗族自治县,431200,怀化市,prefecture,unique_exact_name,
441402,广东省,梅州市,梅江区,300,current,current_code,100,440000,广东省,441400,梅州市,441402,梅江区,441400,梅州市,prefecture,current_code,
450702,广西壮族自治区,钦州市,钦南区,300,current,current_code,100,450000,广西壮族自治区,450700,钦州市,450702,钦南区,450700,钦州市,prefecture,current_code,
230303,黑龙江省,鸡西市,恒山区,299,current,current_code,100,230000,黑龙江省,230300,鸡西市,230303,恒山区,230300,鸡西市,prefecture,current_code,
441624,广东省,河源市,和平县,299,current,current_code,100,440000,广东省,441600,河源市,441624,和平县,441600,河源市,prefecture,current_code,
140702,山西省,晋中市,榆次区,298,current,current_code,100,140000,山西省,140700,晋中市,140702,榆次区,140700,晋中市,prefecture,current_code,
420703,湖北省,鄂州市,华容区,298,current,current_code,100,420000,湖北省,420700,鄂州市,420703,华容区,420700,鄂州市,prefecture,current_code,
440726,广东省,江门市,阳江县,298,partial,historical_crosswalk,85,440000,广东省,441700,阳江市,,,441700,阳江市,prefecture,unique_canonical_name,
452427,广西壮族自治区,贺州地区,钟山县,298,historical_mapped,historical_crosswalk,90,450000,广西壮族自治区,451100,贺州市,451122,钟山县,451100,贺州市,prefecture,unique_exact_name,
610328,陕西省,宝鸡市,千阳县,298,current,current_code,100,610000,陕西省,610300,宝鸡市,610328,千阳县,610300,宝鸡市,prefecture,current_code,
141181,山西省,吕梁市,孝义市,297,current,current_code,100,140000,山西省,141100,吕梁市,141181,孝义市,141100,吕梁市,prefecture,current_code,
652523,新疆维吾尔自治区,塔城地区,乌苏县,297,historical_mapped,historical_crosswalk,85,650000,新疆维吾尔自治区,654200,塔城地区,654202,乌苏市,654200,塔城地区,prefecture,unique_canonical_name_under_mapped_parent,
431227,湖南省,怀化市,新晃侗族自治县,295,current,current_code,100,430000,湖南省,431200,怀化市,431227,新晃侗族自治县,431200,怀化市,prefecture,current_code,
142233,山西省,忻州地区,保德县,294,ambiguous,historical_crosswalk,100,,,,,,,,,,historical_code_reused,140931
152131,内蒙古自治区,呼伦贝尔盟,陈巴尔虎旗,294,historical_mapped,historical_crosswalk,90,150000,内蒙古自治区,150700,呼伦贝尔市,150725,陈巴尔虎旗,150700,呼伦贝尔市,prefecture,unique_exact_name_under_mapped_parent,
232622,黑龙江省,黑河地区,嫩江县,293,ambiguous,historical_crosswalk,100,,,,,,,,,,historical_code_reused,231183
342829,安徽省,安庆地区,东至县,293,historical_mapped,historical_crosswalk,90,340000,安徽省,341700,池州市,341721,东至县,341700,池州市,prefecture,unique_exact_name,
441881,广东省,清远市,英德市,293,current,current_code,100,440000,广东省,441800,清远市,441881,英德市,441800,清远市,prefecture,current_code,
340502,安徽省,马鞍山市,金家庄区,292,partial,historical_crosswalk,70,340000,安徽省,340500,马鞍山市,,,340500,马鞍山市,prefecture,mapped_parent_only,
441226,广东省,肇庆市,德庆县,292,current,current_code,100,440000,广东省,441200,肇庆市,441226,德庆县,441200,肇庆市,prefecture,current_code,
142636,山西省,临汾地区,汾西县,291,ambiguous,historical_crosswalk,100,,,,,,,,,,historical_code_reused,141034
239004,黑龙江省,黑龙江省直辖县级行政区划,富锦市,291,historical_mapped,historical_crosswalk,90,230000,黑龙江省,230800,佳木斯市,230882,富锦市,230800,佳木斯市,prefecture,unique_exact_name,
522629,贵州省,黔东南苗族侗族自治州,剑河县,291,current,current_code,100,520000,贵州省,522600,黔东南苗族侗族自治州,522629,剑河县,522600,黔东南苗族侗族自治州,prefecture,current_code,
652123,新疆维吾尔自治区,吐鲁番地区,托克逊县,291,historical_mapped,historical_crosswalk,90,650000,新疆维吾尔自治区,650400,吐鲁番市,650422,托克逊县,650400,吐鲁番市,prefecture,unique_exact_name_under_mapped_parent,
230108,黑龙江省,哈尔滨市,平房区,290,current,current_code,100,230000,黑龙江省,230100,哈尔滨市,230108,平房区,230100,哈尔滨市,prefecture,current_code,
431127,湖南省,永州市,蓝山县,290,current,current_code,100,430000,湖南省,431100,永州市,431127,蓝山县,431100,永州市,prefecture,current_code,
441283,广东省,肇庆市,高要市,290,historical_mapped,historical_crosswalk,85,440000,广东省,441200,肇庆市,441204,高要区,441200,肇庆市,prefecture,unique_canonical_name_under_mapped_parent,
152826,内蒙古自治区,巴彦淖尔盟,乌拉特后旗,289,ambiguous,historical_crosswalk,100,,,,,,,,,,historical_code_reused,150825
410804,河南省,焦作市,马村区,289,current,current_code,100,410000,河南省,410800,焦作市,410804,马村区,410800,焦作市,prefecture,current_code,
441324,广东省,惠州市,龙门县,289,current,current_code,100,440000,广东省,441300,惠州市,441324,龙门县,441300,惠州市,prefecture,current_code,
452725,广西壮族自治区,河池地区,南丹县,289,historical_mapped,historical_crosswalk,90,450000,广西壮族自治区,451200,河池市,451221,南丹县,451200,河池市,prefecture,unique_exact_name_under_mapped_parent,
441223,广东省,肇庆市,广宁县,288,current,current_code,100,440000,广东省,441200,肇庆市,441223,广宁县,441200,肇庆市,prefecture,current_code,
370624,山东省,烟台市,招远县,287,historical_mapped,historical_crosswalk,85,370000,山东省,370600,烟台市,370685,招远市,370600,烟台市,prefecture,unique_canonical_name_under_mapped_parent,
532429,云南省,玉溪地区,元江哈尼族彝族傣族自治县,287,historical_mapped,historical_crosswalk,90,530000,云南省,530400,玉溪市,530428,元江哈尼族彝族傣族自治县,530400,玉溪市,prefecture,unique_exact_name_under_mapped_parent,
623021,甘肃省,甘南藏族自治州,临潭县,286,current,current_code,100,620000,甘肃省,623000,甘南藏族自治州,623021,临潭县,623000,甘南藏族自治州,prefecture,current_code,
332201,浙江省,宁波地区,,285,unresolved,none,0,,,,,,,,,,none,
445102,广东省,潮州市,湘桥区,285,current,current_code,100,440000,广东省,445100,潮州市,445102,湘桥区,445100,潮州市,prefecture,current_code,
422323,湖北省,咸宁地区,蒲圻县,284,partial,historical_crosswalk,70,420000,湖北省,421200,咸宁市,,,421200,咸宁市,prefecture,mapped_parent_only,
440508,广东省,汕头市,金园区,284,partial,historical_crosswalk,70,440000,广东省,440500,汕头市,,,440500,汕头市,prefecture,mapped_parent_only,
622625,甘肃省,陇南地区,康县,284,historical_mapped,historical_crosswalk,90,620000,甘肃省,621200,陇南市,621224,康县,621200,陇南市,prefecture,unique_exact_name,
522730,贵州省,黔南布依族苗族自治州,龙里县,283,current,current_code,100,520000,贵州省,522700,黔南布依族苗族自治州,522730,龙里县,522700,黔南布依族苗族自治州,prefecture,current_code,
370623,山东省,烟台市,黄县,282,partial,historical_crosswalk,70,370000,山东省,370600,烟台市,,,370600,烟台市,prefecture,mapped_parent_only,
450603,广西壮族自治区,防城港市,防城区,282,current,current_code,100,450000,广西壮族自治区,450600,防城港市,450603,防城区,450600,防城港市,prefecture,current_code,
452626,广西壮族自治区,百色地区,靖西县,282,historical_mapped,historical_crosswalk,85,450000,广西壮族自治区,451000,百色市,451081,靖西市,451000,百色市,prefecture,unique_canonical_name_under_mapped_parent,
652829,新疆维吾尔自治区,巴音郭楞蒙古自治州,博湖县,282,current,current_code,100,650000,新疆维吾尔自治区,652800,巴音郭楞蒙古自治州,652829,博湖县,652800,巴音郭楞蒙古自治州,prefecture,current_code,
431129,湖南省,永州市,江华瑶族自治县,281,current,current_code,100,430000,湖南省,431100,永州市,431129,江华瑶族自治县,431100,永州市,prefecture,current_code,
431228,湖南省,怀化市,芷江侗族自治县,281,current,current_code,100,430000,湖南省,431200,怀化市,431228,芷江侗族自治县,431200,怀化市,prefecture,current_code,
452622,广西壮族自治区,百色地区,田阳县,281,historical_mapped,historical_crosswalk,85,450000,广西壮族自治区,451000,百色市,451003,田阳区,451000,百色市,prefecture,unique_canonical_name_under_mapped_parent,
522524,贵州省,安顺地区,修文县,281,historical_mapped,historical_crosswalk,90,520000,贵州省,520100,贵阳市,520123,修文县,520100,贵阳市,prefecture,unique_exact_name,
133024,河北省,衡水地区,武邑县,280,historical_mapped,historical_crosswalk,90,130000,河北省,131100,衡水市,131122,武邑县,131100,衡水市,prefecture,unique_exact_name_under_mapped_parent,
320804,江苏省,淮安市,淮阴区,280,current,current_code,100,320000,江苏省,320800,淮安市,320804,淮阴区,320800,淮安市,prefecture,current_code,
372828,山东省,临沂地区,沂源县,280,historical_mapped,historical_crosswalk,90,370000,山东省,370300,淄博市,370323,沂源县,370300,淄博市,prefecture,unique_exact_name,
420702,湖北省,鄂州市,梁子湖区,280,current,current_code,100,420000,湖北省,420700,鄂州市,420702,梁子湖区,420700,鄂州市,prefecture,current_code,
420529,湖北省,宜昌市,五峰土家族自治县,279,current,current_code,100,420000,湖北省,420500,宜昌市,420529,五峰土家族自治县,420500,宜昌市,prefecture,current_code,
440402,广东省,珠海市,香洲区,279,current,current_code,100,440000,广东省,440400,珠海市,440402,香洲区,440400,珠海市,prefecture,current_code,
452227,广西壮族自治区,柳州地区,融安县,279,historical_mapped,historical_crosswalk,90,450000,广西壮族自治区,450200,柳州市,450224,融安县,450200,柳州市,prefecture,unique_exact_name_under_mapped_parent,
140425,山西省,长治市,平顺县,278,current,current_code,100,140000,山西省,140400,长治市,140425,平顺县,140400,长治市,prefecture,current_code,
142333,山西省,吕梁地区,交口县,278,ambiguous,historical_crosswalk,100,,,,,,,,,,historical_code_reused,141130
320301,江苏省,徐州市,,278,partial,current_parent_code,60,320000,江苏省,320300,徐州市,,,320300,徐州市,prefecture,current_parent_code,
341002,安徽省,黄山市,屯溪区,278,current,current_code,100,340000,安徽省,341000,黄山市,341002,屯溪区,341000,黄山市,prefecture,current_code,
420619,湖北省,襄阳市,,278,partial,current_parent_code,60,420000,湖北省,420600,襄阳市,,,420600,襄阳市,prefecture,current_parent_code,
532531,云南省,红河哈尼族彝族自治州,绿春县,278,current,current_code,100,530000,云南省,532500,红河哈尼族彝族自治州,532531,绿春县,532500,红河哈尼族彝族自治州,prefecture,current_code,
622428,甘肃省,定西地区,漳县,278,historical_mapped,historical_crosswalk,90,620000,甘肃省,621100,定西市,621125,漳县,621100,定西市,prefecture,unique_exact_name_under_mapped_parent,
230123,黑龙江省,哈尔滨市,依兰县,277,current,current_code,100,230000,黑龙江省,230100,哈尔滨市,230123,依兰县,230100,哈尔滨市,prefecture,current_code,
231003,黑龙江省,牡丹江市,阳明区,277,current,current_code,100,230000,黑龙江省,231000,牡丹江市,231003,阳明区,231000,牡丹江市,prefecture,current_code,
450981,广西壮族自治区,玉林市,北流市,277,current,current_code,100,450000,广西壮族自治区,450900,玉林市,450981,北流市,450900,玉林市,prefecture,current_code,
654322,新疆维吾尔自治区,阿勒泰地区,富蕴县,277,current,current_code,100,650000,新疆维吾尔自治区,654300,阿勒泰地区,654322,富蕴县,654300,阿勒泰地区,prefecture,current_code,
442528,广东省,惠阳地区,惠东县,276,historical_mapped,historical_crosswalk,90,440000,广东省,441300,惠州市,441323,惠东县,441300,惠州市,prefecture,unique_exact_name,
142332,山西省,吕梁地区,中阳县,275,ambiguous,historical_crosswalk,100,,,,,,,,,,historical_code_reused,141129
452402,广西壮族自治区,贺州地区,贺州市,275,partial,historical_crosswalk,90,450000,广西壮族自治区,451100,贺州市,,,451100,贺州市,prefecture,unique_exact_name,
132934,河北省,沧州地区,海兴县,273,historical_mapped,historical_crosswalk,90,130000,河北省,130900,沧州市,130924,海兴县,130900,沧州市,prefecture,unique_exact_name_under_mapped_parent,
370111,山东省,济南市,郊区,273,ambiguous,historical_crosswalk,100,,,,,,,,,,cross_province_exact_name_requires_review,
460028,海南省,海南省直辖县级行政区划,临高县,273,historical_mapped,historical_crosswalk,90,460000,海南省,,,469024,临高县,469024,临高县,province_direct_county,unique_exact_name_under_mapped_parent,
612102,陕西省,渭南地区,韩城市,273,historical_mapped,historical_crosswalk,90,610000,陕西省,610500,渭南市,610581,韩城市,610500,渭南市,prefecture,unique_exact_name_under_mapped_parent,
230803,黑龙江省,佳木斯市,向阳区,272,current,current_code,100,230000,黑龙江省,230800,佳木斯市,230803,向阳区,230800,佳木斯市,prefecture,current_code,
422228,湖北省,孝感地区,汉川县,272,historical_mapped,historical_crosswalk,85,420000,湖北省,420900,孝感市,420984,汉川市,420900,孝感市,prefecture,unique_canonical_name_under_mapped_parent,
440233,广东省,韶关市,新丰县,272,current,current_code,100,440000,广东省,440200,韶关市,440233,新丰县,440200,韶关市,prefecture,current_code,
533528,云南省,临沧地区,沧源佤族自治县,272,historical_mapped,historical_crosswalk,90,530000,云南省,530900,临沧市,530927,沧源佤族自治县,530900,临沧市,prefecture,unique_exact_name_under_mapped_parent,
610632,陕西省,延安市,黄陵县,272,current,current_code,100,610000,陕西省,610600,延安市,610632,黄陵县,610600,延安市,prefecture,current_code,
142422,山西省,晋中地区,左权县,271,ambiguous,historical_crosswalk,100,,,,,,,,,,historical_code_reused,140722
450722,广西壮族自治区,钦州市,浦北县,271,current,current_code,100,450000,广西壮族自治区,450700,钦州市,450722,浦北县,450700,钦州市,prefecture,current_code,
610630,陕西省,延安市,宜川县,271,current,current_code,100,610000,陕西省,610600,延安市,610630,宜川县,610600,延安市,prefecture,current_code,
350522,福建省,泉州市,晋江县,270,historical_mapped,historical_crosswalk,85,350000,福建省,350500,泉州市,350582,晋江市,350500,泉州市,prefecture,unique_canonical_name_under_mapped_parent,
422121,湖北省,黄冈地区,黄冈县,270,partial,historical_crosswalk,85,420000,湖北省,421100,黄冈市,,,421100,黄冈市,prefecture,unique_canonical_name_under_mapped_parent,
622926,甘肃省,临夏回族自治州,东乡族自治县,270,current,current_code,100,620000,甘肃省,622900,临夏回族自治州,622926,东乡族自治县,622900,临夏回族自治州,prefecture,current_code,
653127,新疆维吾尔自治区,喀什地区,麦盖提县,270,current,current_code,100,650000,新疆维吾尔自治区,653100,喀什地区,653127,麦盖提县,653100,喀什地区,prefecture,current_code,
132822,河北省,廊坊地区,大厂回族自治县,269,historical_mapped,historical_crosswalk,90,130000,河北省,131000,廊坊市,131028,大厂回族自治县,131000,廊坊市,prefecture,unique_exact_name_under_mapped_parent,
232128,黑龙江省,松花江地区,通河县,269,ambiguous,historical_crosswalk,100,,,,,,,,,,historical_code_reused,230128
370620,山东省,烟台市,威海市,269,partial,historical_crosswalk,90,370000,山东省,371000,威海市,,,371000,威海市,prefecture,unique_exact_name,
230422,黑龙江省,鹤岗市,绥滨县,268,current,current_code,100,230000,黑龙江省,230400,鹤岗市,230422,绥滨县,230400,鹤岗市,prefecture,current_code,
512229,四川省,万县地区,城口县,268,ambiguous,historical_crosswalk,100,,,,,,,,,,historical_code_reused,
612730,陕西省,榆林地区,吴堡县,268,historical_mapped,historical_crosswalk,90,610000,陕西省,610800,榆林市,610829,吴堡县,610800,榆林市,prefecture,unique_exact_name_under_mapped_parent,
132923,河北省,沧州地区,肃宁县,267,historical_mapped,historical_crosswalk,90,130000,河北省,130900,沧州市,130926,肃宁县,130900,沧州市,prefecture,unique_exact_name_under_mapped_parent,
210722,辽宁省,锦州市,兴城县,267,historical_mapped,historical_crosswalk,85,210000,辽宁省,211400,葫芦岛市,211481,兴城市,211400,葫芦岛市,prefecture,unique_canonical_name,
370622,山东省,烟台市,蓬莱县,267,historical_mapped,historical_crosswalk,85,370000,山东省,370600,烟台市,370614,蓬莱区,370600,烟台市,prefecture,unique_canonical_name_under_mapped_parent,
411281,河南省,三门峡市,义马市,266,current,current_code,100,410000,河南省,411200,三门峡市,411281,义马市,411200,三门峡市,prefecture,current_code,
421281,湖北省,咸宁市,赤壁市,266,current,current_code,100,420000,湖北省,421200,咸宁市,421281,赤壁市,421200,咸宁市,prefecture,current_code,
150205,内蒙古自治区,包头市,石拐区,265,current,current_code,100,150000,内蒙古自治区,150200,包头市,150205,石拐区,150200,包头市,prefecture,current_code,
211111,辽宁省,盘锦市,郊区,265,ambiguous,historical_crosswalk,100,,,,,,,,,,cross_province_exact_name_requires_review,
622924,甘肃省,临夏回族自治州,广河县,265,current,current_code,100,620000,甘肃省,622900,临夏回族自治州,622924,广河县,622900,临夏回族自治州,prefecture,current_code,
441827,广东省,清远市,清新县,264,historical_mapped,historical_crosswalk,85,440000,广东省,441800,清远市,441803,清新区,441800,清远市,prefecture,unique_canonical_name_under_mapped_parent,
452723,广西壮族自治区,河池地区,罗城仫佬族自治县,264,ambiguous,historical_crosswalk,100,,,,,,,,,,historical_code_reused,451225
510217,四川省,重庆市,双桥区,263,ambiguous,historical_crosswalk,100,,,,,,,,,,cross_province_exact_name_requires_review,
652927,新疆维吾尔自治区,阿克苏地区,乌什县,263,current,current_code,100,650000,新疆维吾尔自治区,652900,阿克苏地区,652927,乌什县,652900,阿克苏地区,prefecture,current_code,
654226,新疆维吾尔自治区,塔城地区,和布克赛尔蒙古自治县,263,current,current_code,100,650000,新疆维吾尔自治区,654200,塔城地区,654226,和布克赛尔蒙古自治县,654200,塔城地区,prefecture,current_code,
230827,黑龙江省,佳木斯市,宝清县,262,historical_mapped,historical_crosswalk,90,230000,黑龙江省,230500,双鸭山市,230523,宝清县,230500,双鸭山市,prefecture,unique_exact_name,
440204,广东省,韶关市,浈江区,262,current,current_code,100,440000,广东省,440200,韶关市,440204,浈江区,440200,韶关市,prefecture,current_code,
450304,广西壮族自治区,桂林市,象山区,262,current,current_code,100,450000,广西壮族自治区,450300,桂林市,450304,象山区,450300,桂林市,prefecture,current_code,
230506,黑龙江省,双鸭山市,宝山区,261,current,current_code,100,230000,黑龙江省,230500,双鸭山市,230506,宝山区,230500,双鸭山市,prefecture,current_code,
340405,安徽省,淮南市,八公山区,261,current,current_code,100,340000,安徽省,340400,淮南市,340405,八公山区,340400,淮南市,prefecture,current_code,
370613,山东省,烟台市,莱山区,261,current,current_code,100,370000,山东省,370600,烟台市,370613,莱山区,370600,烟台市,prefecture,current_code,
430405,湖南省,衡阳市,珠晖区,261,current,current_code,100,430000,湖南省,430400,衡阳市,430405,珠晖区,430400,衡阳市,prefecture,current_code,
130804,河北省,承德市,鹰手营子矿区,260,current,current_code,100,130000,河北省,130800,承德市,130804,鹰手营子矿区,130800,承德市,prefecture,current_code,
132232,河北省,邢台地区,新河县,260,historical_mapped,historical_crosswalk,90,130000,河北省,130500,邢台市,130530,新河县,130500,邢台市,prefecture,unique_exact_name_under_mapped_parent,
422426,湖北省,荆州地区,洪湖县,259,historical_mapped,historical_crosswalk,85,420000,湖北省,421000,荆州市,421083,洪湖市,421000,荆州市,prefecture,unique_canonical_name_under_mapped_parent,
450105,广西壮族自治区,南宁市,江南区,259,current,current_code,100,450000,广西壮族自治区,450100,南宁市,450105,江南区,450100,南宁市,prefecture,current_code,
652822,新疆维吾尔自治区,巴音郭楞蒙古自治州,轮台县,258,current,current_code,100,650000,新疆维吾尔自治区,652800,巴音郭楞蒙古自治州,652822,轮台县,652800,巴音郭楞蒙古自治州,prefecture,current_code,
230882,黑龙江省,佳木斯市,富锦市,257,current,current_code,100,230000,黑龙江省,230800,佳木斯市,230882,富锦市,230800,佳木斯市,prefecture,current_code,
632123,青海省,海东地区,乐都县,256,historical_mapped,historical_crosswalk,85,630000,青海省,630200,海东市,630202,乐都区,630200,海东市,prefecture,unique_canonical_name_under_mapped_parent,
140123,山西省,太原市,娄烦县,255,current,current_code,100,140000,山西省,140100,太原市,140123,娄烦县,140100,太原市,prefecture,current_code,
140226,山西省,大同市,左云县,255,current,current_code,100,140000,山西省,140200,大同市,140226,左云县,140200,大同市,prefecture,current_code,
230903,黑龙江省,七台河市,桃山区,255,current,current_code,100,230000,黑龙江省,230900,七台河市,230903,桃山区,230900,七台河市,prefecture,current_code,
420525,湖北省,宜昌市,远安县,255,current,current_code,100,420000,湖北省,420500,宜昌市,420525,远安县,420500,宜昌市,prefecture,current_code,
130706,河北省,张家口市,下花园区,254,current,current_code,100,130000,河北省,130700,张家口市,130706,下花园区,130700,张家口市,prefecture,current_code,
130904,河北省,沧州市,郊区,254,ambiguous,historical_crosswalk,100,,,,,,,,,,cross_province_exact_name_requires_review,
440683,广东省,佛山市,三水市,254,historical_mapped,historical_crosswalk,85,440000,广东省,440600,佛山市,440607,三水区,440600,佛山市,prefecture,unique_canonical_name_under_mapped_parent,
442827,广东省,肇庆地区,云浮县,254,partial,historical_crosswalk,85,440000,广东省,445300,云浮市,,,445300,云浮市,prefecture,unique_canonical_name,
420620,湖北省,襄阳市,,253,partial,current_parent_code,60,420000,湖北省,420600,襄阳市,,,420600,襄阳市,prefecture,current_parent_code,
440281,广东省,韶关市,乐昌市,252,current,current_code,100,440000,广东省,440200,韶关市,440281,乐昌市,440200,韶关市,prefecture,current_code,
441623,广东省,河源市,连平县,252,current,current_code,100,440000,广东省,441600,河源市,441623,连平县,441600,河源市,prefecture,current_code,
530428,云南省,玉溪市,元江哈尼族彝族傣族自治县,252,current,current_code,100,530000,云南省,530400,玉溪市,530428,元江哈尼族彝族傣族自治县,530400,玉溪市,prefecture,current_code,
140224,山西省,大同市,灵丘县,251,current,current_code,100,140000,山西省,140200,大同市,140224,灵丘县,140200,大同市,prefecture,current_code,
142229,山西省,忻州地区,神池县,251,ambiguous,historical_crosswalk,100,,,,,,,,,,historical_code_reused,140927
230405,黑龙江省,鹤岗市,兴安区,251,current,current_code,100,230000,黑龙江省,230400,鹤岗市,230405,兴安区,230400,鹤岗市,prefecture,current_code,
652824,新疆维吾尔自治区,巴音郭楞蒙古自治州,若羌县,251,current,current_code,100,650000,新疆维吾尔自治区,652800,巴音郭楞蒙古自治州,652824,若羌县,652800,巴音郭楞蒙古自治州,prefecture,current_code,
341003,安徽省,黄山市,黄山区,250,current,current_code,100,340000,安徽省,341000,黄山市,341003,黄山区,341000,黄山市,prefecture,current_code,
370726,山东省,潍坊市,昌邑县,250,historical_mapped,historical_crosswalk,85,370000,山东省,370700,潍坊市,370786,昌邑市,370700,潍坊市,prefecture,unique_canonical_name_under_mapped_parent,
421004,湖北省,荆州市,江陵区,250,historical_mapped,historical_crosswalk,85,420000,湖北省,421000,荆州市,421024,江陵县,421000,荆州市,prefecture,unique_canonical_name_under_mapped_parent,
442526,广东省,惠阳地区,博罗县,250,historical_mapped,historical_crosswalk,90,440000,广东省,441300,惠州市,441322,博罗县,441300,惠州市,prefecture,unique_exact_name,
142421,山西省,晋中地区,榆社县,249,ambiguous,historical_crosswalk,100,,,,,,,,,,historical_code_reused,140721
332228,浙江省,宁波地区,,249,unresolved,none,0,,,,,,,,,,none,
452129,广西壮族自治区,南宁地区,崇左县,249,partial,historical_crosswalk,85,450000,广西壮族自治区,451400,崇左市,,,451400,崇左市,prefecture,unique_canonical_name,
452130,广西壮族自治区,南宁地区,大新县,249,historical_mapped,historical_crosswalk,90,450000,广西壮族自治区,451400,崇左市,451424,大新县,451400,崇左市,prefecture,unique_exact_name,
654321,新疆维吾尔自治区,阿勒泰地区,布尔津县,249,current,current_code,100,650000,新疆维吾尔自治区,654300,阿勒泰地区,654321,布尔津县,654300,阿勒泰地区,prefecture,current_code,
232722,黑龙江省,大兴安岭地区,塔河县,248,current,current_code,100,230000,黑龙江省,232700,大兴安岭地区,232722,塔河县,232700,大兴安岭地区,prefecture,current_code,
421202,湖北省,咸宁市,咸安区,248,current,current_code,100,420000,湖北省,421200,咸宁市,421202,咸安区,421200,咸宁市,prefecture,current_code,
452824,广西壮族自治区,钦州地区,灵山县,248,historical_mapped,historical_crosswalk,90,450000,广西壮族自治区,450700,钦州市,450721,灵山县,450700,钦州市,prefecture,unique_exact_name_under_mapped_parent,
654225,新疆维吾尔自治区,塔城地区,裕民县,248,current,current_code,100,650000,新疆维吾尔自治区,654200,塔城地区,654225,裕民县,654200,塔城地区,prefecture,current_code,
142423,山西省,晋中地区,和顺县,247,ambiguous,historical_crosswalk,100,,,,,,,,,,historical_code_reused,140723
220604,吉林省,白山市,临江区,247,historical_mapped,historical_crosswalk,85,220000,吉林省,220600,白山市,220681,临江市,220600,白山市,prefecture,unique_canonical_name_under_mapped_parent,
432929,湖南省,零陵地区,双牌县,247,historical_mapped,historical_crosswalk,90,430000,湖南省,431100,永州市,431123,双牌县,431100,永州市,prefecture,unique_exact_name,
452623,广西壮族自治区,百色地区,田东县,247,historical_mapped,historical_crosswalk,90,450000,广西壮族自治区,451000,百色市,451022,田东县,451000,百色市,prefecture,unique_exact_name_under_mapped_parent,
420400,湖北省,沙市市,,245,ambiguous,historical_crosswalk,100,,,,,,,,,,unique_canonical_name,421002
320506,江苏省,苏州市,吴中区,244,current,current_code,100,320000,江苏省,320500,苏州市,320506,吴中区,320500,苏州市,prefecture,current_code,
340203,安徽省,芜湖市,弋江区,244,ambiguous,historical_crosswalk,100,,,,,,,,,,historical_code_reused,340209
441523,广东省,汕尾市,陆河县,244,current,current_code,100,440000,广东省,441500,汕尾市,441523,陆河县,441500,汕尾市,prefecture,current_code,
530426,云南省,玉溪市,峨山彝族自治县,244,current,current_code,100,530000,云南省,530400,玉溪市,530426,峨山彝族自治县,530400,玉溪市,prefecture,current_code,
650107,新疆维吾尔自治区,乌鲁木齐市,达坂城区,244,current,current_code,100,650000,新疆维吾尔自治区,650100,乌鲁木齐市,650107,达坂城区,650100,乌鲁木齐市,prefecture,current_code,
152522,内蒙古自治区,锡林郭勒盟,阿巴嘎旗,243,current,current_code,100,150000,内蒙古自治区,152500,锡林郭勒盟,152522,阿巴嘎旗,152500,锡林郭勒盟,prefecture,current_code,
230403,黑龙江省,鹤岗市,工农区,243,current,current_code,100,230000,黑龙江省,230400,鹤岗市,230403,工农区,230400,鹤岗市,prefecture,current_code,
230605,黑龙江省,大庆市,红岗区,243,current,current_code,100,230000,黑龙江省,230600,大庆市,230605,红岗区,230600,大庆市,prefecture,current_code,
610329,陕西省,宝鸡市,麟游县,243,current,current_code,100,610000,陕西省,610300,宝鸡市,610329,麟游县,610300,宝鸡市,prefecture,current_code,
522223,贵州省,铜仁地区,玉屏侗族自治县,242,ambiguous,historical_crosswalk,100,,,,,,,,,,historical_code_reused,520622
522722,贵州省,黔南布依族苗族自治州,荔波县,242,current,current_code,100,520000,贵州省,522700,黔南布依族苗族自治州,522722,荔波县,522700,黔南布依族苗族自治州,prefecture,current_code,
132932,河北省,沧州地区,青县,241,historical_mapped,historical_crosswalk,90,130000,河北省,130900,沧州市,130922,青县,130900,沧州市,prefecture,unique_exact_name_under_mapped_parent,
142234,山西省,忻州地区,偏关县,241,ambiguous,historical_crosswalk,100,,,,,,,,,,historical_code_reused,140932
432925,湖南省,零陵地区,江永县,241,historical_mapped,historical_crosswalk,90,430000,湖南省,431100,永州市,431125,江永县,431100,永州市,prefecture,unique_exact_name,
452322,广西壮族自治区,桂林地区,灵川县,241,historical_mapped,historical_crosswalk,90,450000,广西壮族自治区,450300,桂林市,450323,灵川县,450300,桂林市,prefecture,unique_exact_name_under_mapped_parent,
452428,广西壮族自治区,贺州地区,富川瑶族自治县,241,ambiguous,historical_crosswalk,100,,,,,,,,,,historical_code_reused,451123
341023,安徽省,黄山市,黟县,240,current,current_code,100,340000,安徽省,341000,黄山市,341023,黟县,341000,黄山市,prefecture,current_code,
452228,广西壮族自治区,柳州地区,三江侗族自治县,240,historical_mapped,historical_crosswalk,90,450000,广西壮族自治区,450200,柳州市,450226,三江侗族自治县,450200,柳州市,prefecture,unique_exact_name_under_mapped_parent,
460007,海南省,海南省直辖县级行政区划,东方市,240,historical_mapped,historical_crosswalk,90,460000,海南省,,,469007,东方市,469007,东方市,province_direct_county,unique_exact_name_under_mapped_parent,
421024,湖北省,荆州市,江陵县,238,current,current_code,100,420000,湖北省,421000,荆州市,421024,江陵县,421000,荆州市,prefecture,current_code,
622925,甘肃省,临夏回族自治州,和政县,238,current,current_code,100,620000,甘肃省,622900,临夏回族自治州,622925,和政县,622900,临夏回族自治州,prefecture,current_code,
230381,黑龙江省,鸡西市,虎林市,237,current,current_code,100,230000,黑龙江省,230300,鸡西市,230381,虎林市,230300,鸡西市,prefecture,current_code,
140223,山西省,大同市,广灵县,236,current,current_code,100,140000,山西省,140200,大同市,140223,广灵县,140200,大同市,prefecture,current_code,
420503,湖北省,宜昌市,伍家岗区,236,current,current_code,100,420000,湖北省,420500,宜昌市,420503,伍家岗区,420500,宜昌市,prefecture,current_code,
142231,山西省,忻州地区,岢岚县,235,ambiguous,historical_crosswalk,100,,,,,,,,,,historical_code_reused,140929
433025,湖南省,怀化地区,麻阳苗族自治县,235,ambiguous,historical_crosswalk,100,,,,,,,,,,historical_code_reused,431226
440202,广东省,韶关市,北江区,235,partial,historical_crosswalk,70,440000,广东省,440200,韶关市,,,440200,韶关市,prefecture,mapped_parent_only,
440522,广东省,汕头市,饶平县,235,historical_mapped,historical_crosswalk,90,440000,广东省,445100,潮州市,445122,饶平县,445100,潮州市,prefecture,unique_exact_name,
210725,辽宁省,锦州市,北镇满族自治县,234,ambiguous,historical_crosswalk,100,,,,,,,,,,historical_code_reused,
350202,福建省,厦门市,鼓浪屿区,234,partial,historical_crosswalk,70,350000,福建省,350200,厦门市,,,350200,厦门市,prefecture,mapped_parent_only,
452128,广西壮族自治区,南宁地区,扶绥县,234,historical_mapped,historical_crosswalk,90,450000,广西壮族自治区,451400,崇左市,451421,扶绥县,451400,崇左市,prefecture,unique_exact_name,
653221,新疆维吾尔自治区,和田地区,和田县,234,current,current_code,100,650000,新疆维吾尔自治区,653200,和田地区,653221,和田县,653200,和田地区,prefecture,current_code,
152523,内蒙古自治区,锡林郭勒盟,苏尼特左旗,233,current,current_code,100,150000,内蒙古自治区,152500,锡林郭勒盟,152523,苏尼特左旗,152500,锡林郭勒盟,prefecture,current_code,
152529,内蒙古自治区,锡林郭勒盟,正镶白旗,233,current,current_code,100,150000,内蒙古自治区,152500,锡林郭勒盟,152529,正镶白旗,152500,锡林郭勒盟,prefecture,current_code,
230902,黑龙江省,七台河市,新兴区,233,current,current_code,100,230000,黑龙江省,230900,七台河市,230902,新兴区,230900,七台河市,prefecture,current_code,
231023,黑龙江省,牡丹江市,穆棱县,233,historical_mapped,historical_crosswalk,85,230000,黑龙江省,231000,牡丹江市,231085,穆棱市,231000,牡丹江市,prefecture,unique_canonical_name_under_mapped_parent,
372427,山东省,德州地区,乐陵县,233,historical_mapped,historical_crosswalk,85,370000,山东省,371400,德州市,371481,乐陵市,371400,德州市,prefecture,unique_canonical_name_under_mapped_parent,
420800,湖北省,荆门市,,233,current,current_code,100,420000,湖北省,420800,荆门市,,,420800,荆门市,prefecture,current_code,
441427,广东省,梅州市,蕉岭县,233,current,current_code,100,440000,广东省,441400,梅州市,441427,蕉岭县,441400,梅州市,prefecture,current_code,
441822,广东省,清远市,英德县,233,historical_mapped,historical_crosswalk,85,440000,广东省,441800,清远市,441881,英德市,441800,清远市,prefecture,unique_canonical_name_under_mapped_parent,
142228,山西省,忻州地区,静乐县,232,ambiguous,historical_crosswalk,100,,,,,,,,,,historical_code_reused,140926
432401,湖南省,常德地区,常德市,232,partial,historical_crosswalk,90,430000,湖南省,430700,常德市,,,430700,常德市,prefecture,unique_exact_name_under_mapped_parent,
440107,广东省,广州市,芳村区,232,ambiguous,historical_crosswalk,100,,,,,,,,,,historical_code_reused,
431230,湖南省,怀化市,通道侗族自治县,231,current,current_code,100,430000,湖南省,431200,怀化市,431230,通道侗族自治县,431200,怀化市,prefecture,current_code,
152105,内蒙古自治区,呼伦贝尔盟,根河市,230,historical_mapped,historical_crosswalk,90,150000,内蒙古自治区,150700,呼伦贝尔市,150785,根河市,150700,呼伦贝尔市,prefecture,unique_exact_name_under_mapped_parent,
232127,黑龙江省,松花江地区,木兰县,230,ambiguous,historical_crosswalk,100,,,,,,,,,,historical_code_reused,230127
422406,湖北省,荆州地区,钟祥市,230,historical_mapped,historical_crosswalk,90,420000,湖北省,420800,荆门市,420881,钟祥市,420800,荆门市,prefecture,unique_exact_name,
440203,广东省,韶关市,武江区,230,current,current_code,100,440000,广东省,440200,韶关市,440203,武江区,440200,韶关市,prefecture,current_code,
445302,广东省,云浮市,云城区,230,current,current_code,100,440000,广东省,445300,云浮市,445302,云城区,445300,云浮市,prefecture,current_code,
532728,云南省,思茅地区,孟连傣族拉祜族佤族自治县,230,historical_mapped,historical_crosswalk,90,530000,云南省,530800,普洱市,530827,孟连傣族拉祜族佤族自治县,530800,普洱市,prefecture,unique_exact_name,
441221,广东省,肇庆市,高要县,229,historical_mapped,historical_crosswalk,85,440000,广东省,441200,肇庆市,441204,高要区,441200,肇庆市,prefecture,unique_canonical_name_under_mapped_parent,
460103,海南省,海口市,新华区,229,ambiguous,historical_crosswalk,100,,,,,,,,,,cross_province_exact_name_requires_review,
612129,陕西省,渭南地区,澄城县,229,historical_mapped,historical_crosswalk,90,610000,陕西省,610500,渭南市,610525,澄城县,610500,渭南市,prefecture,unique_exact_name_under_mapped_parent,
654324,新疆维吾尔自治区,阿勒泰地区,哈巴河县,229,current,current_code,100,650000,新疆维吾尔自治区,654300,阿勒泰地区,654324,哈巴河县,654300,阿勒泰地区,prefecture,current_code,
360212,江西省,景德镇市,蛟潭区,228,partial,historical_crosswalk,70,360000,江西省,360200,景德镇市,,,360200,景德镇市,prefecture,mapped_parent_only,
440222,广东省,韶关市,始兴县,228,current,current_code,100,440000,广东省,440200,韶关市,440222,始兴县,440200,韶关市,prefecture,current_code,
441321,广东省,惠州市,惠阳县,227,historical_mapped,historical_crosswalk,85,440000,广东省,441300,惠州市,441303,惠阳区,441300,惠州市,prefecture,unique_canonical_name_under_mapped_parent,
652522,新疆维吾尔自治区,塔城地区,额敏县,227,historical_mapped,historical_crosswalk,90,650000,新疆维吾尔自治区,654200,塔城地区,654221,额敏县,654200,塔城地区,prefecture,unique_exact_name_under_mapped_parent,
230306,黑龙江省,鸡西市,城子河区,226,current,current_code,100,230000,黑龙江省,230300,鸡西市,230306,城子河区,230300,鸡西市,prefecture,current_code,
410106,河南省,郑州市,上街区,226,current,current_code,100,410000,河南省,410100,郑州市,410106,上街区,410100,郑州市,prefecture,current_code,
441225,广东省,肇庆市,封开县,226,current,current_code,100,440000,广东省,441200,肇庆市,441225,封开县,441200,肇庆市,prefecture,current_code,
130725,河北省,张家口市,尚义县,225,current,current_code,100,130000,河北省,130700,张家口市,130725,尚义县,130700,张家口市,prefecture,current_code,
142328,山西省,吕梁地区,石楼县,225,ambiguous,historical_crosswalk,100,,,,,,,,,,historical_code_reused,141126
232131,黑龙江省,松花江地区,延寿县,224,ambiguous,historical_crosswalk,100,,,,,,,,,,historical_code_reused,230129
440804,广东省,湛江市,坡头区,224,current,current_code,100,440000,广东省,440800,湛江市,440804,坡头区,440800,湛江市,prefecture,current_code,
230222,黑龙江省,齐齐哈尔市,讷河县,223,historical_mapped,historical_crosswalk,85,230000,黑龙江省,230200,齐齐哈尔市,230281,讷河市,230200,齐齐哈尔市,prefecture,unique_canonical_name_under_mapped_parent,
340402,安徽省,淮南市,大通区,223,current,current_code,100,340000,安徽省,340400,淮南市,340402,大通区,340400,淮南市,prefecture,current_code,
422424,湖北省,荆州地区,石首县,223,historical_mapped,historical_crosswalk,85,420000,湖北省,421000,荆州市,421081,石首市,421000,荆州市,prefecture,unique_canonical_name_under_mapped_parent,
522326,贵州省,黔西南布依族苗族自治州,望谟县,223,current,current_code,100,520000,贵州省,522300,黔西南布依族苗族自治州,522326,望谟县,522300,黔西南布依族苗族自治州,prefecture,current_code,
332227,浙江省,宁波地区,镇海县,222,historical_mapped,historical_crosswalk,85,330000,浙江省,330200,宁波市,330211,镇海区,330200,宁波市,prefecture,unique_canonical_name_under_mapped_parent,
433021,湖南省,怀化地区,黔阳县,222,unresolved,historical_crosswalk,0,,,,,,,,,,no_supported_successor,
452330,广西壮族自治区,桂林地区,平乐县,222,historical_mapped,historical_crosswalk,90,450000,广西壮族自治区,450300,桂林市,450330,平乐县,450300,桂林市,prefecture,unique_exact_name_under_mapped_parent,
460029,海南省,海南省直辖县级行政区划,儋县,221,partial,historical_crosswalk,70,460000,海南省,,,,,,,,mapped_parent_only,
522623,贵州省,黔东南苗族侗族自治州,施秉县,221,current,current_code,100,520000,贵州省,522600,黔东南苗族侗族自治州,522623,施秉县,522600,黔东南苗族侗族自治州,prefecture,current_code,
132122,河北省,邯郸地区,魏县,220,historical_mapped,historical_crosswalk,90,130000,河北省,130400,邯郸市,130434,魏县,130400,邯郸市,prefecture,unique_exact_name_under_mapped_parent,
433031,湖南省,怀化地区,通道侗族自治县,220,historical_mapped,historical_crosswalk,90,430000,湖南省,431200,怀化市,431230,通道侗族自治县,431200,怀化市,prefecture,unique_exact_name,
452126,广西壮族自治区,南宁地区,隆安县,220,historical_mapped,historical_crosswalk,90,450000,广西壮族自治区,450100,南宁市,450123,隆安县,450100,南宁市,prefecture,unique_exact_name_under_mapped_parent,
342502,安徽省,宣城地区,宁国市,219,historical_mapped,historical_crosswalk,90,340000,安徽省,341800,宣城市,341881,宁国市,341800,宣城市,prefecture,unique_exact_name_under_mapped_parent,
452424,广西壮族自治区,贺州地区,昭平县,219,historical_mapped,historical_crosswalk,90,450000,广西壮族自治区,451100,贺州市,451121,昭平县,451100,贺州市,prefecture,unique_exact_name,
452728,广西壮族自治区,河池地区,东兰县,219,historical_mapped,historical_crosswalk,90,450000,广西壮族自治区,451200,河池市,451224,东兰县,451200,河池市,prefecture,unique_exact_name_under_mapped_parent,
653223,新疆维吾尔自治区,和田地区,皮山县,219,current,current_code,100,650000,新疆维吾尔自治区,653200,和田地区,653223,皮山县,653200,和田地区,prefecture,current_code,
222325,吉林省,白城地区,大安县,218,historical_mapped,historical_crosswalk,85,220000,吉林省,220800,白城市,220882,大安市,220800,白城市,prefecture,unique_canonical_name_under_mapped_parent,
370630,山东省,烟台市,乳山县,218,historical_mapped,historical_crosswalk,85,370000,山东省,371000,威海市,371083,乳山市,371000,威海市,prefecture,unique_canonical_name,
422423,湖北省,荆州地区,公安县,218,historical_mapped,historical_crosswalk,90,420000,湖北省,421000,荆州市,421022,公安县,421000,荆州市,prefecture,unique_exact_name_under_mapped_parent,
142329,山西省,吕梁地区,岚县,217,ambiguous,historical_crosswalk,100,,,,,,,,,,historical_code_reused,141127
142330,山西省,吕梁地区,方山县,217,ambiguous,historical_crosswalk,100,,,,,,,,,,historical_code_reused,141128
230826,黑龙江省,佳木斯市,桦川县,217,current,current_code,100,230000,黑龙江省,230800,佳木斯市,230826,桦川县,230800,佳木斯市,prefecture,current_code,
232623,黑龙江省,黑河地区,德都县,217,partial,historical_crosswalk,70,230000,黑龙江省,231100,黑河市,,,231100,黑河市,prefecture,mapped_parent_only,
441602,广东省,河源市,源城区,217,current,current_code,100,440000,广东省,441600,河源市,441602,源城区,441600,河源市,prefecture,current_code,
511922,四川省,巴中市,南江县,217,current,current_code,100,510000,四川省,511900,巴中市,511922,南江县,511900,巴中市,prefecture,current_code,
132231,河北省,邢台地区,巨鹿县,216,historical_mapped,historical_crosswalk,90,130000,河北省,130500,邢台市,130529,巨鹿县,130500,邢台市,prefecture,unique_exact_name_under_mapped_parent,
440802,广东省,湛江市,赤坎区,216,current,current_code,100,440000,广东省,440800,湛江市,440802,赤坎区,440800,湛江市,prefecture,current_code,
610222,陕西省,铜川市,宜君县,216,current,current_code,100,610000,陕西省,610200,铜川市,610222,宜君县,610200,铜川市,prefecture,current_code,
610625,陕西省,延安市,志丹县,216,current,current_code,100,610000,陕西省,610600,延安市,610625,志丹县,610600,延安市,prefecture,current_code,
230122,黑龙江省,哈尔滨市,阿城县,215,ambiguous,historical_crosswalk,100,,,,,,,,,,historical_code_reused,230112
341121,安徽省,滁州市,天长县,215,historical_mapped,historical_crosswalk,85,340000,安徽省,341100,滁州市,341181,天长市,341100,滁州市,prefecture,unique_canonical_name_under_mapped_parent,
342327,安徽省,滁县地区,嘉山县,215,partial,historical_crosswalk,70,340000,安徽省,,,,,,,,mapped_parent_only,
632127,青海省,海东地区,化隆回族自治县,215,historical_mapped,historical_crosswalk,90,630000,青海省,630200,海东市,630224,化隆回族自治县,630200,海东市,prefecture,unique_exact_name_under_mapped_parent,
445381,广东省,云浮市,罗定市,214,current,current_code,100,440000,广东省,445300,云浮市,445381,罗定市,445300,云浮市,prefecture,current_code,
460100,海南省,海口市,,214,current,current_code,100,460000,海南省,460100,海口市,,,460100,海口市,prefecture,current_code,
440526,广东省,汕头市,揭西县,213,historical_mapped,historical_crosswalk,90,440000,广东省,445200,揭阳市,445222,揭西县,445200,揭阳市,prefecture,unique_exact_name,
210701,辽宁省,锦州市,,212,partial,current_parent_code,60,210000,辽宁省,210700,锦州市,,,210700,锦州市,prefecture,current_parent_code,
230402,黑龙江省,鹤岗市,向阳区,212,current,current_code,100,230000,黑龙江省,230400,鹤岗市,230402,向阳区,230400,鹤岗市,prefecture,current_code,
231085,黑龙江省,牡丹江市,穆棱市,212,current,current_code,100,230000,黑龙江省,231000,牡丹江市,231085,穆棱市,231000,牡丹江市,prefecture,current_code,
440307,广东省,深圳市,龙岗区,212,current,current_code,100,440000,广东省,440300,深圳市,440307,龙岗区,440300,深圳市,prefecture,current_code,
460031,海南省,海南省直辖县级行政区划,昌江黎族自治县,212,historical_mapped,historical_crosswalk,90,460000,海南省,,,469026,昌江黎族自治县,469026,昌江黎族自治县,province_direct_county,unique_exact_name_under_mapped_parent,
132126,河北省,邯郸地区,肥乡县,211,historical_mapped,historical_crosswalk,85,130000,河北省,130400,邯郸市,130407,肥乡区,130400,邯郸市,prefecture,unique_canonical_name_under_mapped_parent,
142635,山西省,临汾地区,隰县,211,ambiguous,historical_crosswalk,100,,,,,,,,,,historical_code_reused,141031
422721,湖北省,宜昌地区,宜昌县,211,partial,historical_crosswalk,85,420000,湖北省,420500,宜昌市,,,420500,宜昌市,prefecture,unique_canonical_name_under_mapped_parent,
320585,江苏省,苏州市,太仓市,210,current,current_code,100,320000,江苏省,320500,苏州市,320585,太仓市,320500,苏州市,prefecture,current_code,
320803,江苏省,淮安市,淮安区,210,current,current_code,100,320000,江苏省,320800,淮安市,320803,淮安区,320800,淮安市,prefecture,current_code,
410803,河南省,焦作市,中站区,210,current,current_code,100,410000,河南省,410800,焦作市,410803,中站区,410800,焦作市,prefecture,current_code,
441823,广东省,清远市,阳山县,210,current,current_code,100,440000,广东省,441800,清远市,441823,阳山县,441800,清远市,prefecture,current_code,
452327,广西壮族自治区,桂林地区,灌阳县,210,historical_mapped,historical_crosswalk,90,450000,广西壮族自治区,450300,桂林市,450327,灌阳县,450300,桂林市,prefecture,unique_exact_name_under_mapped_parent,
623001,甘肃省,甘南藏族自治州,合作市,210,current,current_code,100,620000,甘肃省,623000,甘南藏族自治州,623001,合作市,623000,甘南藏族自治州,prefecture,current_code,
410302,河南省,洛阳市,老城区,209,current,current_code,100,410000,河南省,410300,洛阳市,410302,老城区,410300,洛阳市,prefecture,current_code,
452131,广西壮族自治区,南宁地区,天等县,209,historical_mapped,historical_crosswalk,90,450000,广西壮族自治区,451400,崇左市,451425,天等县,451400,崇左市,prefecture,unique_exact_name,
142324,山西省,吕梁地区,孝义县,208,ambiguous,historical_crosswalk,100,,,,,,,,,,historical_code_reused,141181
522630,贵州省,黔东南苗族侗族自治州,台江县,208,current,current_code,100,520000,贵州省,522600,黔东南苗族侗族自治州,522630,台江县,522600,黔东南苗族侗族自治州,prefecture,current_code,
622724,甘肃省,平凉地区,崇信县,208,historical_mapped,historical_crosswalk,90,620000,甘肃省,620800,平凉市,620823,崇信县,620800,平凉市,prefecture,unique_exact_name_under_mapped_parent,
230184,黑龙江省,哈尔滨市,五常市,207,current,current_code,100,230000,黑龙江省,230100,哈尔滨市,230184,五常市,230100,哈尔滨市,prefecture,current_code,
230304,黑龙江省,鸡西市,滴道区,207,current,current_code,100,230000,黑龙江省,230300,鸡西市,230304,滴道区,230300,鸡西市,prefecture,current_code,
230805,黑龙江省,佳木斯市,东风区,207,current,current_code,100,230000,黑龙江省,230800,佳木斯市,230805,东风区,230800,佳木斯市,prefecture,current_code,
310282,上海市,上海市,,207,partial,current_parent_code,60,310000,上海市,,,,,310000,上海市,municipality,current_parent_code,
431221,湖南省,怀化市,中方县,207,current,current_code,100,430000,湖南省,431200,怀化市,431221,中方县,431200,怀化市,prefecture,current_code,
452132,广西壮族自治区,南宁地区,宁明县,207,historical_mapped,historical_crosswalk,90,450000,广西壮族自治区,451400,崇左市,451422,宁明县,451400,崇左市,prefecture,unique_exact_name,
410602,河南省,鹤壁市,鹤山区,206,current,current_code,100,410000,河南省,410600,鹤壁市,410602,鹤山区,410600,鹤壁市,prefecture,current_code,
632124,青海省,海东地区,湟中县,206,historical_mapped,historical_crosswalk,85,630000,青海省,630100,西宁市,630106,湟中区,630100,西宁市,prefecture,unique_canonical_name,
440781,广东省,江门市,台山市,204,current,current_code,100,440000,广东省,440700,江门市,440781,台山市,440700,江门市,prefecture,current_code,
140623,山西省,朔州市,右玉县,203,current,current_code,100,140000,山西省,140600,朔州市,140623,右玉县,140600,朔州市,prefecture,current_code,
230623,黑龙江省,大庆市,林甸县,203,current,current_code,100,230000,黑龙江省,230600,大庆市,230623,林甸县,230600,大庆市,prefecture,current_code,
320824,江苏省,淮安市,宿迁县,201,partial,historical_crosswalk,85,320000,江苏省,321300,宿迁市,,,321300,宿迁市,prefecture,unique_canonical_name,
342824,安徽省,安庆地区,潜山县,201,historical_mapped,historical_crosswalk,85,340000,安徽省,340800,安庆市,340882,潜山市,340800,安庆市,prefecture,unique_canonical_name_under_mapped_parent,
433126,湖南省,湘西土家族苗族自治州,古丈县,201,current,current_code,100,430000,湖南省,433100,湘西土家族苗族自治州,433126,古丈县,433100,湘西土家族苗族自治州,prefecture,current_code,
450703,广西壮族自治区,钦州市,钦北区,201,current,current_code,100,450000,广西壮族自治区,450700,钦州市,450703,钦北区,450700,钦州市,prefecture,current_code,
653224,新疆维吾尔自治区,和田地区,洛浦县,201,current,current_code,100,650000,新疆维吾尔自治区,653200,和田地区,653224,洛浦县,653200,和田地区,prefecture,current_code,
142630,山西省,临汾地区,吉县,200,ambiguous,historical_crosswalk,100,,,,,,,,,,historical_code_reused,141028
342521,安徽省,宣城地区,宣城县,200,partial,historical_crosswalk,85,340000,安徽省,341800,宣城市,,,341800,宣城市,prefecture,unique_canonical_name_under_mapped_parent,
360301,江西省,萍乡市,,200,partial,current_parent_code,60,360000,江西省,360300,萍乡市,,,360300,萍乡市,prefecture,current_parent_code,
452631,广西壮族自治区,百色地区,隆林各族自治县,200,historical_mapped,historical_crosswalk,90,450000,广西壮族自治区,451000,百色市,451031,隆林各族自治县,451000,百色市,prefecture,unique_exact_name_under_mapped_parent,
460036,海南省,海南省直辖县级行政区划,琼中黎族苗族自治县,200,historical_mapped,historical_crosswalk,90,460000,海南省,,,469030,琼中黎族苗族自治县,469030,琼中黎族苗族自治县,province_direct_county,unique_exact_name_under_mapped_parent,
520123,贵州省,贵阳市,修文县,200,current,current_code,100,520000,贵州省,520100,贵阳市,520123,修文县,520100,贵阳市,prefecture,current_code,
341602,安徽省,亳州市,谯城区,199,current,current_code,100,340000,安徽省,341600,亳州市,341602,谯城区,341600,亳州市,prefecture,current_code,
640222,宁夏回族自治区,石嘴山市,陶乐县,199,partial,historical_crosswalk,70,640000,宁夏回族自治区,640200,石嘴山市,,,640200,石嘴山市,prefecture,mapped_parent_only,
370204,山东省,青岛市,台东区,198,partial,historical_crosswalk,70,370000,山东省,370200,青岛市,,,370200,青岛市,prefecture,mapped_parent_only,
450305,广西壮族自治区,桂林市,七星区,198,current,current_code,100,450000,广西壮族自治区,450300,桂林市,450305,七星区,450300,桂林市,prefecture,current_code,
652423,新疆维吾尔自治区,伊犁哈萨克自治州,霍城县,198,historical_mapped,historical_crosswalk,90,650000,新疆维吾尔自治区,654000,伊犁哈萨克自治州,654023,霍城县,654000,伊犁哈萨克自治州,prefecture,unique_exact_name_under_mapped_parent,
653121,新疆维吾尔自治区,喀什地区,疏附县,198,current,current_code,100,650000,新疆维吾尔自治区,653100,喀什地区,653121,疏附县,653100,喀什地区,prefecture,current_code,
232724,黑龙江省,大兴安岭地区,,197,partial,current_parent_code,60,230000,黑龙江省,232700,大兴安岭地区,,,232700,大兴安岭地区,prefecture,current_parent_code,
442821,广东省,肇庆地区,高要县,197,historical_mapped,historical_crosswalk,85,440000,广东省,441200,肇庆市,441204,高要区,441200,肇庆市,prefecture,unique_canonical_name_under_mapped_parent,
452826,广西壮族自治区,钦州地区,浦北县,197,historical_mapped,historical_crosswalk,90,450000,广西壮族自治区,450700,钦州市,450722,浦北县,450700,钦州市,prefecture,unique_exact_name_under_mapped_parent,
522327,贵州省,黔西南布依族苗族自治州,册亨县,197,current,current_code,100,520000,贵州省,522300,黔西南布依族苗族自治州,522327,册亨县,522300,黔西南布依族苗族自治州,prefecture,current_code,
653129,新疆维吾尔自治区,喀什地区,伽师县,197,current,current_code,100,650000,新疆维吾尔自治区,653100,喀什地区,653129,伽师县,653100,喀什地区,prefecture,current_code,
130733,河北省,张家口市,崇礼县,196,historical_mapped,historical_crosswalk,85,130000,河北省,130700,张家口市,130709,崇礼区,130700,张家口市,prefecture,unique_canonical_name_under_mapped_parent,
140212,山西省,大同市,新荣区,196,current,current_code,100,140000,山西省,140200,大同市,140212,新荣区,140200,大同市,prefecture,current_code,
340703,安徽省,铜陵市,狮子山区,196,partial,historical_crosswalk,70,340000,安徽省,340700,铜陵市,,,340700,铜陵市,prefecture,mapped_parent_only,
422625,湖北省,郧阳地区,竹溪县,196,historical_mapped,historical_crosswalk,90,420000,湖北省,420300,十堰市,420324,竹溪县,420300,十堰市,prefecture,unique_exact_name,
430303,湖南省,湘潭市,湘江区,196,ambiguous,historical_crosswalk,100,,,,,,,,,,historical_code_reused,
441284,广东省,肇庆市,四会市,196,current,current_code,100,440000,广东省,441200,肇庆市,441284,四会市,441200,肇庆市,prefecture,current_code,
142627,山西省,临汾地区,古县,195,historical_mapped,historical_crosswalk,90,140000,山西省,141000,临汾市,141025,古县,141000,临汾市,prefecture,unique_exact_name_under_mapped_parent,
152528,内蒙古自治区,锡林郭勒盟,镶黄旗,195,current,current_code,100,150000,内蒙古自治区,152500,锡林郭勒盟,152528,镶黄旗,152500,锡林郭勒盟,prefecture,current_code,
410827,河南省,焦作市,济源县,195,historical_mapped,historical_crosswalk,85,410000,河南省,,,419001,济源市,419001,济源市,province_direct_county,unique_canonical_name,
452729,广西壮族自治区,河池地区,巴马瑶族自治县,195,historical_mapped,historical_crosswalk,90,450000,广西壮族自治区,451200,河池市,451227,巴马瑶族自治县,451200,河池市,prefecture,unique_exact_name_under_mapped_parent,
460102,海南省,海口市,振东区,195,partial,historical_crosswalk,70,460000,海南省,460100,海口市,,,460100,海口市,prefecture,mapped_parent_only,
632122,青海省,海东地区,民和回族土族自治县,195,ambiguous,historical_crosswalk,100,,,,,,,,,,historical_code_reused,630222
,四川省,内江市,东兴区,194,unresolved,none,0,,,,,,,,,,none,
152622,内蒙古自治区,乌兰察布盟,和林格尔县,194,ambiguous,historical_crosswalk,100,,,,,,,,,,historical_code_reused,150123
230208,黑龙江省,齐齐哈尔市,梅里斯达斡尔族区,194,current,current_code,100,230000,黑龙江省,230200,齐齐哈尔市,230208,梅里斯达斡尔族区,230200,齐齐哈尔市,prefecture,current_code,
653022,新疆维吾尔自治区,克孜勒苏柯尔克孜自治州,阿克陶县,194,current,current_code,100,650000,新疆维吾尔自治区,653000,克孜勒苏柯尔克孜自治州,653022,阿克陶县,653000,克孜勒苏柯尔克孜自治州,prefecture,current_code,
152129,内蒙古自治区,呼伦贝尔盟,新巴尔虎右旗,193,historical_mapped,historical_crosswalk,90,150000,内蒙古自治区,150700,呼伦贝尔市,150727,新巴尔虎右旗,150700,呼伦贝尔市,prefecture,unique_exact_name_under_mapped_parent,
441222,广东省,肇庆市,四会县,193,historical_mapped,historical_crosswalk,85,440000,广东省,441200,肇庆市,441284,四会市,441200,肇庆市,prefecture,unique_canonical_name_under_mapped_parent,
441229,广东省,肇庆市,郁南县,193,historical_mapped,historical_crosswalk,90,440000,广东省,445300,云浮市,445322,郁南县,445300,云浮市,prefecture,unique_exact_name,
520114,贵州省,贵阳市,小河区,193,partial,historical_crosswalk,70,520000,贵州省,520100,贵阳市,,,520100,贵阳市,prefecture,mapped_parent_only,
610627,陕西省,延安市,甘泉县,193,current,current_code,100,610000,陕西省,610600,延安市,610627,甘泉县,610600,延安市,prefecture,current_code,
623023,甘肃省,甘南藏族自治州,舟曲县,193,current,current_code,100,620000,甘肃省,623000,甘南藏族自治州,623023,舟曲县,623000,甘南藏族自治州,prefecture,current_code,
140729,山西省,晋中市,灵石县,192,current,current_code,100,140000,山西省,140700,晋中市,140729,灵石县,140700,晋中市,prefecture,current_code,
230823,黑龙江省,佳木斯市,依兰县,192,historical_mapped,historical_crosswalk,90,230000,黑龙江省,230100,哈尔滨市,230123,依兰县,230100,哈尔滨市,prefecture,unique_exact_name,
231102,黑龙江省,黑河市,爱辉区,192,current,current_code,100,230000,黑龙江省,231100,黑河市,231102,爱辉区,231100,黑河市,prefecture,current_code,
422427,湖北省,荆州地区,沔阳县,192,partial,historical_crosswalk,70,420000,湖北省,421000,荆州市,,,421000,荆州市,prefecture,mapped_parent_only,
630121,青海省,西宁市,大通回族土族自治县,192,current,current_code,100,630000,青海省,630100,西宁市,630121,大通回族土族自治县,630100,西宁市,prefecture,current_code,
440824,广东省,湛江市,海康县,191,partial,historical_crosswalk,70,440000,广东省,440800,湛江市,,,440800,湛江市,prefecture,mapped_parent_only,
623022,甘肃省,甘南藏族自治州,卓尼县,191,current,current_code,100,620000,甘肃省,623000,甘南藏族自治州,623022,卓尼县,623000,甘南藏族自治州,prefecture,current_code,
642125,宁夏回族自治区,银南地区,灵武县,191,historical_mapped,historical_crosswalk,85,640000,宁夏回族自治区,640100,银川市,640181,灵武市,640100,银川市,prefecture,unique_canonical_name,
220224,吉林省,吉林市,蛟河县,190,historical_mapped,historical_crosswalk,85,220000,吉林省,220200,吉林市,220281,蛟河市,220200,吉林市,prefecture,unique_canonical_name_under_mapped_parent,
341004,安徽省,黄山市,徽州区,190,current,current_code,100,340000,安徽省,341000,黄山市,341004,徽州区,341000,黄山市,prefecture,current_code,
420121,湖北省,武汉市,汉阳县,190,historical_mapped,historical_crosswalk,85,420000,湖北省,420100,武汉市,420105,汉阳区,420100,武汉市,prefecture,unique_canonical_name_under_mapped_parent,
430408,湖南省,衡阳市,蒸湘区,190,current,current_code,100,430000,湖南省,430400,衡阳市,430408,蒸湘区,430400,衡阳市,prefecture,current_code,
110225,北京市,北京市,房山县,189,historical_mapped,historical_crosswalk,85,110000,北京市,,,110111,房山区,110000,北京市,municipality,unique_canonical_name,
332221,浙江省,宁波地区,慈溪县,189,historical_mapped,historical_crosswalk,85,330000,浙江省,330200,宁波市,330282,慈溪市,330200,宁波市,prefecture,unique_canonical_name_under_mapped_parent,
440811,广东省,湛江市,麻章区,189,current,current_code,100,440000,广东省,440800,湛江市,440811,麻章区,440800,湛江市,prefecture,current_code,
321019,江苏省,扬州市,,188,partial,current_parent_code,60,320000,江苏省,321000,扬州市,,,321000,扬州市,prefecture,current_parent_code,
430382,湖南省,湘潭市,韶山市,188,current,current_code,100,430000,湖南省,430300,湘潭市,430382,韶山市,430300,湘潭市,prefecture,current_code,
450502,广西壮族自治区,北海市,海城区,188,current,current_code,100,450000,广西壮族自治区,450500,北海市,450502,海城区,450500,北海市,prefecture,current_code,
632126,青海省,海东地区,互助土族自治县,187,historical_mapped,historical_crosswalk,90,630000,青海省,630200,海东市,630223,互助土族自治县,630200,海东市,prefecture,unique_exact_name_under_mapped_parent,
421224,湖北省,咸宁市,通山县,186,current,current_code,100,420000,湖北省,421200,咸宁市,421224,通山县,421200,咸宁市,prefecture,current_code,
432402,湖南省,常德地区,津市市,186,historical_mapped,historical_crosswalk,90,430000,湖南省,430700,常德市,430781,津市市,430700,常德市,prefecture,unique_exact_name_under_mapped_parent,
439004,湖南省,湖南省直辖县级行政区划,汨罗市,186,historical_mapped,historical_crosswalk,90,430000,湖南省,430600,岳阳市,430681,汨罗市,430600,岳阳市,prefecture,unique_exact_name,
230124,黑龙江省,哈尔滨市,方正县,185,current,current_code,100,230000,黑龙江省,230100,哈尔滨市,230124,方正县,230100,哈尔滨市,prefecture,current_code,
450202,广西壮族自治区,柳州市,城中区,185,current,current_code,100,450000,广西壮族自治区,450200,柳州市,450202,城中区,450200,柳州市,prefecture,current_code,
440603,广东省,佛山市,石湾区,182,partial,historical_crosswalk,70,440000,广东省,440600,佛山市,,,440600,佛山市,prefecture,mapped_parent_only,
230404,黑龙江省,鹤岗市,南山区,181,current,current_code,100,230000,黑龙江省,230400,鹤岗市,230404,南山区,230400,鹤岗市,prefecture,current_code,
370627,山东省,烟台市,莱阳县,181,historical_mapped,historical_crosswalk,85,370000,山东省,370600,烟台市,370682,莱阳市,370600,烟台市,prefecture,unique_canonical_name_under_mapped_parent,
440601,广东省,佛山市,,181,partial,current_parent_code,60,440000,广东省,440600,佛山市,,,440600,佛山市,prefecture,current_parent_code,
132438,河北省,保定地区,阜平县,180,historical_mapped,historical_crosswalk,90,130000,河北省,130600,保定市,130624,阜平县,130600,保定市,prefecture,unique_exact_name_under_mapped_parent,
332229,浙江省,宁波地区,,180,unresolved,none,0,,,,,,,,,,none,
452727,广西壮族自治区,河池地区,凤山县,180,historical_mapped,historical_crosswalk,90,450000,广西壮族自治区,451200,河池市,451223,凤山县,451200,河池市,prefecture,unique_exact_name_under_mapped_parent,
522634,贵州省,黔东南苗族侗族自治州,雷山县,180,current,current_code,100,520000,贵州省,522600,黔东南苗族侗族自治州,522634,雷山县,522600,黔东南苗族侗族自治州,prefecture,current_code,
632521,青海省,海南藏族自治州,共和县,180,current,current_code,100,630000,青海省,632500,海南藏族自治州,632521,共和县,632500,海南藏族自治州,prefecture,current_code,
142331,山西省,吕梁地区,离石县,179,ambiguous,historical_crosswalk,100,,,,,,,,,,historical_code_reused,141102
522633,贵州省,黔东南苗族侗族自治州,从江县,179,current,current_code,100,520000,贵州省,522600,黔东南苗族侗族自治州,522633,从江县,522600,黔东南苗族侗族自治州,prefecture,current_code,
421381,湖北省,随州市,广水市,178,current,current_code,100,420000,湖北省,421300,随州市,421381,广水市,421300,随州市,prefecture,current_code,
612132,陕西省,渭南地区,合阳县,178,historical_mapped,historical_crosswalk,90,610000,陕西省,610500,渭南市,610524,合阳县,610500,渭南市,prefecture,unique_exact_name_under_mapped_parent,
652421,新疆维吾尔自治区,伊犁哈萨克自治州,伊宁县,178,historical_mapped,historical_crosswalk,90,650000,新疆维吾尔自治区,654000,伊犁哈萨克自治州,654021,伊宁县,654000,伊犁哈萨克自治州,prefecture,unique_exact_name_under_mapped_parent,
152125,内蒙古自治区,呼伦贝尔盟,额尔古纳右旗,177,partial,historical_crosswalk,70,150000,内蒙古自治区,150700,呼伦贝尔市,,,150700,呼伦贝尔市,prefecture,mapped_parent_only,
231011,黑龙江省,牡丹江市,郊区,177,historical_mapped,historical_crosswalk,90,230000,黑龙江省,230800,佳木斯市,230811,郊区,230800,佳木斯市,prefecture,unique_exact_name,
452630,广西壮族自治区,百色地区,田林县,177,historical_mapped,historical_crosswalk,90,450000,广西壮族自治区,451000,百色市,451029,田林县,451000,百色市,prefecture,unique_exact_name_under_mapped_parent,
141102,山西省,吕梁市,离石区,176,current,current_code,100,140000,山西省,141100,吕梁市,141102,离石区,141100,吕梁市,prefecture,current_code,
372429,山东省,德州地区,商河县,176,historical_mapped,historical_crosswalk,90,370000,山东省,370100,济南市,370126,商河县,370100,济南市,prefecture,unique_exact_name,
460030,海南省,海南省直辖县级行政区划,白沙黎族自治县,175,historical_mapped,historical_crosswalk,90,460000,海南省,,,469025,白沙黎族自治县,469025,白沙黎族自治县,province_direct_county,unique_exact_name_under_mapped_parent,
230524,黑龙江省,双鸭山市,饶河县,174,current,current_code,100,230000,黑龙江省,230500,双鸭山市,230524,饶河县,230500,双鸭山市,prefecture,current_code,
422724,湖北省,宜昌地区,当阳县,174,historical_mapped,historical_crosswalk,85,420000,湖北省,420500,宜昌市,420582,当阳市,420500,宜昌市,prefecture,unique_canonical_name_under_mapped_parent,
610330,陕西省,宝鸡市,凤县,174,current,current_code,100,610000,陕西省,610300,宝鸡市,610330,凤县,610300,宝鸡市,prefecture,current_code,
350523,福建省,泉州市,南安县,173,historical_mapped,historical_crosswalk,85,350000,福建省,350500,泉州市,350583,南安市,350500,泉州市,prefecture,unique_canonical_name_under_mapped_parent,
652501,新疆维吾尔自治区,塔城地区,,173,unresolved,none,0,,,,,,,,,,none,
652721,新疆维吾尔自治区,博尔塔拉蒙古自治州,博乐县,173,historical_mapped,historical_crosswalk,85,650000,新疆维吾尔自治区,652700,博尔塔拉蒙古自治州,652701,博乐市,652700,博尔塔拉蒙古自治州,prefecture,unique_canonical_name_under_mapped_parent,
450102,广西壮族自治区,南宁市,兴宁区,172,current,current_code,100,450000,广西壮族自治区,450100,南宁市,450102,兴宁区,450100,南宁市,prefecture,current_code,
522636,贵州省,黔东南苗族侗族自治州,丹寨县,172,current,current_code,100,520000,贵州省,522600,黔东南苗族侗族自治州,522636,丹寨县,522600,黔东南苗族侗族自治州,prefecture,current_code,
440528,广东省,汕头市,惠来县,171,historical_mapped,historical_crosswalk,90,440000,广东省,445200,揭阳市,445224,惠来县,445200,揭阳市,prefecture,unique_exact_name,
441282,广东省,肇庆市,,171,partial,current_parent_code,60,440000,广东省,441200,肇庆市,,,441200,肇庆市,prefecture,current_parent_code,
532721,云南省,思茅地区,思茅县,171,historical_mapped,historical_crosswalk,85,530000,云南省,530800,普洱市,530802,思茅区,530800,普洱市,prefecture,unique_canonical_name,
440783,广东省,江门市,开平市,170,current,current_code,100,440000,广东省,440700,江门市,440783,开平市,440700,江门市,prefecture,current_code,
360902,江西省,宜春市,袁州区,169,current,current_code,100,360000,江西省,360900,宜春市,360902,袁州区,360900,宜春市,prefecture,current_code,
452625,广西壮族自治区,百色地区,德保县,169,historical_mapped,historical_crosswalk,90,450000,广西壮族自治区,451000,百色市,451024,德保县,451000,百色市,prefecture,unique_exact_name_under_mapped_parent,
653123,新疆维吾尔自治区,喀什地区,英吉沙县,169,current,current_code,100,650000,新疆维吾尔自治区,653100,喀什地区,653123,英吉沙县,653100,喀什地区,prefecture,current_code,
622222,甘肃省,张掖地区,肃南裕固族自治县,167,historical_mapped,historical_crosswalk,90,620000,甘肃省,620700,张掖市,620721,肃南裕固族自治县,620700,张掖市,prefecture,unique_exact_name_under_mapped_parent,
229002,吉林省,吉林省直辖县级行政区划,梅河口市,166,historical_mapped,historical_crosswalk,90,220000,吉林省,220500,通化市,220581,梅河口市,220500,通化市,prefecture,unique_exact_name,
229004,吉林省,吉林省直辖县级行政区划,桦甸市,166,historical_mapped,historical_crosswalk,90,220000,吉林省,220200,吉林市,220282,桦甸市,220200,吉林市,prefecture,unique_exact_name,
152621,内蒙古自治区,乌兰察布盟,武川县,165,ambiguous,historical_crosswalk,100,,,,,,,,,,historical_code_reused,150125
452822,广西壮族自治区,钦州地区,防城各族自治县,165,partial,historical_crosswalk,70,450000,广西壮族自治区,450700,钦州市,,,450700,钦州市,prefecture,mapped_parent_only,
210705,辽宁省,锦州市,葫芦岛区,164,partial,historical_crosswalk,85,210000,辽宁省,211400,葫芦岛市,,,211400,葫芦岛市,prefecture,unique_canonical_name,
342821,安徽省,安庆地区,怀宁县,164,historical_mapped,historical_crosswalk,90,340000,安徽省,340800,安庆市,340822,怀宁县,340800,安庆市,prefecture,unique_exact_name_under_mapped_parent,
422626,湖北省,郧阳地区,房县,163,historical_mapped,historical_crosswalk,90,420000,湖北省,420300,十堰市,420325,房县,420300,十堰市,prefecture,unique_exact_name,
230704,黑龙江省,伊春市,友好区,162,historical_mapped,historical_crosswalk,90,230000,黑龙江省,230700,伊春市,230719,友好区,230700,伊春市,prefecture,unique_exact_name_under_mapped_parent,
441502,广东省,汕尾市,城区,162,current,current_code,100,440000,广东省,441500,汕尾市,441502,城区,441500,汕尾市,prefecture,current_code,
442521,广东省,惠阳地区,惠阳县,162,historical_mapped,historical_crosswalk,85,440000,广东省,441300,惠州市,441303,惠阳区,441300,惠州市,prefecture,unique_canonical_name,
152130,内蒙古自治区,呼伦贝尔盟,新巴尔虎左旗,161,historical_mapped,historical_crosswalk,90,150000,内蒙古自治区,150700,呼伦贝尔市,150726,新巴尔虎左旗,150700,呼伦贝尔市,prefecture,unique_exact_name_under_mapped_parent,
340211,安徽省,芜湖市,郊区,161,historical_mapped,historical_crosswalk,90,340000,安徽省,340700,铜陵市,340711,郊区,340700,铜陵市,prefecture,unique_exact_name,
379009,山东省,山东省直辖县级行政区划,莱州市,161,historical_mapped,historical_crosswalk,90,370000,山东省,370600,烟台市,370683,莱州市,370600,烟台市,prefecture,unique_exact_name,
450422,广西壮族自治区,梧州市,藤县,161,current,current_code,100,450000,广西壮族自治区,450400,梧州市,450422,藤县,450400,梧州市,prefecture,current_code,
533422,云南省,迪庆藏族自治州,德钦县,161,current,current_code,100,530000,云南省,533400,迪庆藏族自治州,533422,德钦县,533400,迪庆藏族自治州,prefecture,current_code,
612124,陕西省,渭南地区,华县,161,partial,historical_crosswalk,70,610000,陕西省,610500,渭南市,,,610500,渭南市,prefecture,mapped_parent_only,
330221,浙江省,宁波市,镇海县,160,historical_mapped,historical_crosswalk,85,330000,浙江省,330200,宁波市,330211,镇海区,330200,宁波市,prefecture,unique_canonical_name_under_mapped_parent,
340224,安徽省,芜湖市,青阳县,160,historical_mapped,historical_crosswalk,90,340000,安徽省,341700,池州市,341723,青阳县,341700,池州市,prefecture,unique_exact_name,
440224,广东省,韶关市,仁化县,160,current,current_code,100,440000,广东省,440200,韶关市,440224,仁化县,440200,韶关市,prefecture,current_code,
610631,陕西省,延安市,黄龙县,160,current,current_code,100,610000,陕西省,610600,延安市,610631,黄龙县,610600,延安市,prefecture,current_code,
130704,河北省,张家口市,茶坊区,159,partial,historical_crosswalk,70,130000,河北省,130700,张家口市,,,130700,张家口市,prefecture,mapped_parent_only,
152922,内蒙古自治区,阿拉善盟,阿拉善右旗,159,current,current_code,100,150000,内蒙古自治区,152900,阿拉善盟,152922,阿拉善右旗,152900,阿拉善盟,prefecture,current_code,
410704,河南省,新乡市,凤泉区,159,current,current_code,100,410000,河南省,410700,新乡市,410704,凤泉区,410700,新乡市,prefecture,current_code,
450325,广西壮族自治区,桂林市,兴安县,159,current,current_code,100,450000,广西壮族自治区,450300,桂林市,450325,兴安县,450300,桂林市,prefecture,current_code,
450525,广西壮族自治区,北海市,,159,partial,current_parent_code,60,450000,广西壮族自治区,450500,北海市,,,450500,北海市,prefecture,current_parent_code,
623027,甘肃省,甘南藏族自治州,夏河县,159,current,current_code,100,620000,甘肃省,623000,甘南藏族自治州,623027,夏河县,623000,甘南藏族自治州,prefecture,current_code,
132225,河北省,邢台地区,柏乡县,158,historical_mapped,historical_crosswalk,90,130000,河北省,130500,邢台市,130524,柏乡县,130500,邢台市,prefecture,unique_exact_name_under_mapped_parent,
372430,山东省,德州地区,济阳县,158,historical_mapped,historical_crosswalk,85,370000,山东省,370100,济南市,370115,济阳区,370100,济南市,prefecture,unique_canonical_name,
440509,广东省,汕头市,升平区,158,partial,historical_crosswalk,70,440000,广东省,440500,汕头市,,,440500,汕头市,prefecture,mapped_parent_only,
445323,广东省,云浮市,云安县,158,historical_mapped,historical_crosswalk,85,440000,广东省,445300,云浮市,445303,云安区,445300,云浮市,prefecture,unique_canonical_name_under_mapped_parent,
450481,广西壮族自治区,梧州市,岑溪市,158,current,current_code,100,450000,广西壮族自治区,450400,梧州市,450481,岑溪市,450400,梧州市,prefecture,current_code,
623024,甘肃省,甘南藏族自治州,迭部县,158,current,current_code,100,620000,甘肃省,623000,甘南藏族自治州,623024,迭部县,623000,甘南藏族自治州,prefecture,current_code,
230207,黑龙江省,齐齐哈尔市,碾子山区,156,current,current_code,100,230000,黑龙江省,230200,齐齐哈尔市,230207,碾子山区,230200,齐齐哈尔市,prefecture,current_code,
441882,广东省,清远市,连州市,156,current,current_code,100,440000,广东省,441800,清远市,441882,连州市,441800,清远市,prefecture,current_code,
320507,江苏省,苏州市,相城区,155,current,current_code,100,320000,江苏省,320500,苏州市,320507,相城区,320500,苏州市,prefecture,current_code,
440421,广东省,珠海市,斗门县,155,historical_mapped,historical_crosswalk,85,440000,广东省,440400,珠海市,440403,斗门区,440400,珠海市,prefecture,unique_canonical_name_under_mapped_parent,
452522,广西壮族自治区,玉林地区,贵县,155,partial,historical_crosswalk,70,450000,广西壮族自治区,450900,玉林市,,,450900,玉林市,prefecture,mapped_parent_only,
132202,河北省,邢台地区,沙河市,154,ambiguous,historical_crosswalk,100,,,,,,,,,,historical_code_reused,130582
142632,山西省,临汾地区,蒲县,154,ambiguous,historical_crosswalk,100,,,,,,,,,,historical_code_reused,141033
441227,广东省,肇庆市,云浮县,154,partial,historical_crosswalk,85,440000,广东省,445300,云浮市,,,445300,云浮市,prefecture,unique_canonical_name,
442501,广东省,惠阳地区,惠州市,154,partial,historical_crosswalk,90,440000,广东省,441300,惠州市,,,441300,惠州市,prefecture,unique_exact_name,
652825,新疆维吾尔自治区,巴音郭楞蒙古自治州,且末县,154,current,current_code,100,650000,新疆维吾尔自治区,652800,巴音郭楞蒙古自治州,652825,且末县,652800,巴音郭楞蒙古自治州,prefecture,current_code,
422723,湖北省,宜昌地区,枝江县,153,historical_mapped,historical_crosswalk,85,420000,湖北省,420500,宜昌市,420583,枝江市,420500,宜昌市,prefecture,unique_canonical_name_under_mapped_parent,
440624,广东省,佛山市,高明县,153,historical_mapped,historical_crosswalk,85,440000,广东省,440600,佛山市,440608,高明区,440600,佛山市,prefecture,unique_canonical_name_under_mapped_parent,
442826,广东省,肇庆地区,德庆县,153,historical_mapped,historical_crosswalk,90,440000,广东省,441200,肇庆市,441226,德庆县,441200,肇庆市,prefecture,unique_exact_name_under_mapped_parent,
452325,广西壮族自治区,桂林地区,永福县,153,historical_mapped,historical_crosswalk,90,450000,广西壮族自治区,450300,桂林市,450326,永福县,450300,桂林市,prefecture,unique_exact_name_under_mapped_parent,
142628,山西省,临汾地区,安泽县,152,ambiguous,historical_crosswalk,100,,,,,,,,,,historical_code_reused,141026
230305,黑龙江省,鸡西市,梨树区,152,current,current_code,100,230000,黑龙江省,230300,鸡西市,230305,梨树区,230300,鸡西市,prefecture,current_code,
340207,安徽省,芜湖市,鸠江区,152,current,current_code,100,340000,安徽省,340200,芜湖市,340207,鸠江区,340200,芜湖市,prefecture,current_code,
152623,内蒙古自治区,乌兰察布盟,清水河县,151,ambiguous,historical_crosswalk,100,,,,,,,,,,historical_code_reused,150124
440232,广东省,韶关市,乳源瑶族自治县,151,current,current_code,100,440000,广东省,440200,韶关市,440232,乳源瑶族自治县,440200,韶关市,prefecture,current_code,
452133,广西壮族自治区,南宁地区,龙州县,151,historical_mapped,historical_crosswalk,90,450000,广西壮族自治区,451400,崇左市,451423,龙州县,451400,崇左市,prefecture,unique_exact_name,
452332,广西壮族自治区,桂林地区,恭城瑶族自治县,151,ambiguous,historical_crosswalk,100,,,,,,,,,,historical_code_reused,450332
441228,广东省,肇庆市,新兴县,150,historical_mapped,historical_crosswalk,90,440000,广东省,445300,云浮市,445321,新兴县,445300,云浮市,prefecture,unique_exact_name,
441281,广东省,肇庆市,,150,partial,current_parent_code,60,440000,广东省,441200,肇庆市,,,441200,肇庆市,prefecture,current_parent_code,
421223,湖北省,咸宁市,崇阳县,149,current,current_code,100,420000,湖北省,421200,咸宁市,421223,崇阳县,421200,咸宁市,prefecture,current_code,
430311,湖南省,湘潭市,郊区,149,ambiguous,historical_crosswalk,100,,,,,,,,,,cross_province_exact_name_requires_review,
450303,广西壮族自治区,桂林市,叠彩区,149,current,current_code,100,450000,广西壮族自治区,450300,桂林市,450303,叠彩区,450300,桂林市,prefecture,current_code,
452201,广西壮族自治区,柳州地区,合山市,149,historical_mapped,historical_crosswalk,90,450000,广西壮族自治区,451300,来宾市,451381,合山市,451300,来宾市,prefecture,unique_exact_name,
430407,湖南省,衡阳市,石鼓区,148,current,current_code,100,430000,湖南省,430400,衡阳市,430407,石鼓区,430400,衡阳市,prefecture,current_code,
450404,广西壮族自治区,梧州市,蝶山区,148,partial,historical_crosswalk,70,450000,广西壮族自治区,450400,梧州市,,,450400,梧州市,prefecture,mapped_parent_only,
460035,海南省,海南省直辖县级行政区划,保亭黎族苗族自治县,148,historical_mapped,historical_crosswalk,90,460000,海南省,,,469029,保亭黎族苗族自治县,469029,保亭黎族苗族自治县,province_direct_county,unique_exact_name_under_mapped_parent,
230624,黑龙江省,大庆市,杜尔伯特蒙古族自治县,147,current,current_code,100,230000,黑龙江省,230600,大庆市,230624,杜尔伯特蒙古族自治县,230600,大庆市,prefecture,current_code,
230522,黑龙江省,双鸭山市,友谊县,146,current,current_code,100,230000,黑龙江省,230500,双鸭山市,230522,友谊县,230500,双鸭山市,prefecture,current_code,
440321,广东省,深圳市,宝安县,146,historical_mapped,historical_crosswalk,85,440000,广东省,440300,深圳市,440306,宝安区,440300,深圳市,prefecture,unique_canonical_name_under_mapped_parent,
452628,广西壮族自治区,百色地区,凌云县,146,historical_mapped,historical_crosswalk,90,450000,广西壮族自治区,451000,百色市,451027,凌云县,451000,百色市,prefecture,unique_exact_name_under_mapped_parent,
652402,新疆维吾尔自治区,伊犁哈萨克自治州,一区,145,ambiguous,historical_crosswalk,100,,,,,,,,,,historical_code_reused,
141122,山西省,吕梁市,交城县,144,current,current_code,100,140000,山西省,141100,吕梁市,141122,交城县,141100,吕梁市,prefecture,current_code,
230406,黑龙江省,鹤岗市,东山区,144,current,current_code,100,230000,黑龙江省,230400,鹤岗市,230406,东山区,230400,鹤岗市,prefecture,current_code,
410306,河南省,洛阳市,吉利区,144,ambiguous,historical_crosswalk,100,,,,,,,,,,historical_code_reused,
379012,山东省,山东省直辖县级行政区划,荣成市,143,historical_mapped,historical_crosswalk,90,370000,山东省,371000,威海市,371082,荣成市,371000,威海市,prefecture,unique_exact_name,
431123,湖南省,永州市,双牌县,143,current,current_code,100,430000,湖南省,431100,永州市,431123,双牌县,431100,永州市,prefecture,current_code,
653128,新疆维吾尔自治区,喀什地区,岳普湖县,143,current,current_code,100,650000,新疆维吾尔自治区,653100,喀什地区,653128,岳普湖县,653100,喀什地区,prefecture,current_code,
450803,广西壮族自治区,贵港市,港南区,142,current,current_code,100,450000,广西壮族自治区,450800,贵港市,450803,港南区,450800,贵港市,prefecture,current_code,
452230,广西壮族自治区,柳州地区,金秀瑶族自治县,141,historical_mapped,historical_crosswalk,90,450000,广西壮族自治区,451300,来宾市,451324,金秀瑶族自治县,451300,来宾市,prefecture,unique_exact_name,
654326,新疆维吾尔自治区,阿勒泰地区,吉木乃县,140,current,current_code,100,650000,新疆维吾尔自治区,654300,阿勒泰地区,654326,吉木乃县,654300,阿勒泰地区,prefecture,current_code,
379014,山东省,山东省直辖县级行政区划,平度市,139,historical_mapped,historical_crosswalk,90,370000,山东省,370200,青岛市,370283,平度市,370200,青岛市,prefecture,unique_exact_name,
450106,广西壮族自治区,南宁市,永新区,139,ambiguous,historical_crosswalk,100,,,,,,,,,,cross_province_canonical_name_requires_review,
320801,江苏省,淮安市,,138,partial,current_parent_code,60,320000,江苏省,320800,淮安市,,,320800,淮安市,prefecture,current_parent_code,
332202,浙江省,宁波地区,,138,unresolved,none,0,,,,,,,,,,none,
420205,湖北省,黄石市,铁山区,138,current,current_code,100,420000,湖北省,420200,黄石市,420205,铁山区,420200,黄石市,prefecture,current_code,
421221,湖北省,咸宁市,嘉鱼县,138,current,current_code,100,420000,湖北省,421200,咸宁市,421221,嘉鱼县,421200,咸宁市,prefecture,current_code,
460001,海南省,海南省直辖县级行政区划,五指山市,138,ambiguous,historical_crosswalk,100,,,,,,,,,,historical_code_reused,469001
450302,广西壮族自治区,桂林市,秀峰区,137,current,current_code,100,450000,广西壮族自治区,450300,桂林市,450302,秀峰区,450300,桂林市,prefecture,current_code,
653226,新疆维吾尔自治区,和田地区,于田县,137,current,current_code,100,650000,新疆维吾尔自治区,653200,和田地区,653226,于田县,653200,和田地区,prefecture,current_code,
420113,湖北省,武汉市,汉南区,136,current,current_code,100,420000,湖北省,420100,武汉市,420113,汉南区,420100,武汉市,prefecture,current_code,
422722,湖北省,宜昌地区,宜都县,136,historical_mapped,historical_crosswalk,85,420000,湖北省,420500,宜昌市,420581,宜都市,420500,宜昌市,prefecture,unique_canonical_name_under_mapped_parent,
441230,广东省,肇庆市,罗定县,136,historical_mapped,historical_crosswalk,85,440000,广东省,445300,云浮市,445381,罗定市,445300,云浮市,prefecture,unique_canonical_name,
460024,海南省,海南省直辖县级行政区划,万宁县,136,historical_mapped,historical_crosswalk,85,460000,海南省,,,469006,万宁市,469006,万宁市,province_direct_county,unique_canonical_name_under_mapped_parent,
152633,内蒙古自治区,乌兰察布盟,达尔罕茂明安联合旗,135,historical_mapped,historical_crosswalk,90,150000,内蒙古自治区,150200,包头市,150223,达尔罕茂明安联合旗,150200,包头市,prefecture,unique_exact_name,
152923,内蒙古自治区,阿拉善盟,额济纳旗,135,current,current_code,100,150000,内蒙古自治区,152900,阿拉善盟,152923,额济纳旗,152900,阿拉善盟,prefecture,current_code,
440722,广东省,江门市,台山县,135,historical_mapped,historical_crosswalk,85,440000,广东省,440700,江门市,440781,台山市,440700,江门市,prefecture,unique_canonical_name_under_mapped_parent,
410107,河南省,郑州市,新密区,134,historical_mapped,historical_crosswalk,85,410000,河南省,410100,郑州市,410183,新密市,410100,郑州市,prefecture,unique_canonical_name_under_mapped_parent,
422623,湖北省,郧阳地区,郧西县,134,historical_mapped,historical_crosswalk,90,420000,湖北省,420300,十堰市,420322,郧西县,420300,十堰市,prefecture,unique_exact_name,
232125,黑龙江省,松花江地区,五常县,133,ambiguous,historical_crosswalk,100,,,,,,,,,,historical_code_reused,230184
612428,陕西省,安康地区,镇坪县,133,historical_mapped,historical_crosswalk,90,610000,陕西省,610900,安康市,610927,镇坪县,610900,安康市,prefecture,unique_exact_name_under_mapped_parent,
652223,新疆维吾尔自治区,哈密地区,伊吾县,133,historical_mapped,historical_crosswalk,90,650000,新疆维吾尔自治区,650500,哈密市,650522,伊吾县,650500,哈密市,prefecture,unique_exact_name_under_mapped_parent,
230881,黑龙江省,佳木斯市,同江市,132,current,current_code,100,230000,黑龙江省,230800,佳木斯市,230881,同江市,230800,佳木斯市,prefecture,current_code,
340711,安徽省,铜陵市,郊区,132,current,current_code,100,340000,安徽省,340700,铜陵市,340711,郊区,340700,铜陵市,prefecture,current_code,
450330,广西壮族自治区,桂林市,平乐县,132,current,current_code,100,450000,广西壮族自治区,450300,桂林市,450330,平乐县,450300,桂林市,prefecture,current_code,
450924,广西壮族自治区,玉林市,兴业县,132,current,current_code,100,450000,广西壮族自治区,450900,玉林市,450924,兴业县,450900,玉林市,prefecture,current_code,
520122,贵州省,贵阳市,息烽县,132,current,current_code,100,520000,贵州省,520100,贵阳市,520122,息烽县,520100,贵阳市,prefecture,current_code,
650205,新疆维吾尔自治区,克拉玛依市,乌尔禾区,132,current,current_code,100,650000,新疆维吾尔自治区,650200,克拉玛依市,650205,乌尔禾区,650200,克拉玛依市,prefecture,current_code,
412729,河南省,周口地区,项城县,131,historical_mapped,historical_crosswalk,85,410000,河南省,411600,周口市,411681,项城市,411600,周口市,prefecture,unique_canonical_name_under_mapped_parent,
431125,湖南省,永州市,江永县,131,current,current_code,100,430000,湖南省,431100,永州市,431125,江永县,431100,永州市,prefecture,current_code,
452425,广西壮族自治区,梧州地区,蒙山县,131,historical_mapped,historical_crosswalk,90,450000,广西壮族自治区,450400,梧州市,450423,蒙山县,450400,梧州市,prefecture,unique_exact_name,
650101,新疆维吾尔自治区,乌鲁木齐市,,131,partial,current_parent_code,60,650000,新疆维吾尔自治区,650100,乌鲁木齐市,,,650100,乌鲁木齐市,prefecture,current_parent_code,
132436,河北省,保定地区,新城县,130,ambiguous,historical_crosswalk,100,,,,,,,,,,cross_province_canonical_name_requires_review,
142122,山西省,雁北地区,天镇县,130,ambiguous,historical_crosswalk,100,,,,,,,,,,historical_code_reused,140222
441625,广东省,河源市,东源县,130,current,current_code,100,440000,广东省,441600,河源市,441625,东源县,441600,河源市,prefecture,current_code,
640522,宁夏回族自治区,中卫市,海原县,130,current,current_code,100,640000,宁夏回族自治区,640500,中卫市,640522,海原县,640500,中卫市,prefecture,current_code,
652624,新疆维吾尔自治区,阿勒泰地区,福海县,130,historical_mapped,historical_crosswalk,90,650000,新疆维吾尔自治区,654300,阿勒泰地区,654323,福海县,654300,阿勒泰地区,prefecture,unique_exact_name_under_mapped_parent,
420523,湖北省,宜昌市,枝江县,129,historical_mapped,historical_crosswalk,85,420000,湖北省,420500,宜昌市,420583,枝江市,420500,宜昌市,prefecture,unique_canonical_name_under_mapped_parent,
422624,湖北省,郧阳地区,竹山县,129,historical_mapped,historical_crosswalk,90,420000,湖北省,420300,十堰市,420323,竹山县,420300,十堰市,prefecture,unique_exact_name,
430305,湖南省,湘潭市,板塘区,129,partial,historical_crosswalk,70,430000,湖南省,430300,湘潭市,,,430300,湘潭市,prefecture,mapped_parent_only,
440507,广东省,汕头市,龙湖区,129,current,current_code,100,440000,广东省,440500,汕头市,440507,龙湖区,440500,汕头市,prefecture,current_code,
622629,甘肃省,陇南地区,两当县,129,historical_mapped,historical_crosswalk,90,620000,甘肃省,621200,陇南市,621228,两当县,621200,陇南市,prefecture,unique_exact_name,
652929,新疆维吾尔自治区,阿克苏地区,柯坪县,129,current,current_code,100,650000,新疆维吾尔自治区,652900,阿克苏地区,652929,柯坪县,652900,阿克苏地区,prefecture,current_code,
230904,黑龙江省,七台河市,茄子河区,128,current,current_code,100,230000,黑龙江省,230900,七台河市,230904,茄子河区,230900,七台河市,prefecture,current_code,
320205,江苏省,无锡市,锡山区,128,current,current_code,100,320000,江苏省,320200,无锡市,320205,锡山区,320200,无锡市,prefecture,current_code,
422224,湖北省,孝感地区,应山县,128,partial,historical_crosswalk,70,420000,湖北省,420900,孝感市,,,420900,孝感市,prefecture,mapped_parent_only,
440727,广东省,江门市,阳春县,128,historical_mapped,historical_crosswalk,85,440000,广东省,441700,阳江市,441781,阳春市,441700,阳江市,prefecture,unique_canonical_name,
442824,广东省,肇庆地区,怀集县,128,historical_mapped,historical_crosswalk,90,440000,广东省,441200,肇庆市,441224,怀集县,441200,肇庆市,prefecture,unique_exact_name_under_mapped_parent,
654325,新疆维吾尔自治区,阿勒泰地区,青河县,128,current,current_code,100,650000,新疆维吾尔自治区,654300,阿勒泰地区,654325,青河县,654300,阿勒泰地区,prefecture,current_code,
211281,辽宁省,铁岭市,调兵山市,127,current,current_code,100,210000,辽宁省,211200,铁岭市,211281,调兵山市,211200,铁岭市,prefecture,current_code,
422601,湖北省,郧阳地区,丹江口市,127,historical_mapped,historical_crosswalk,90,420000,湖北省,420300,十堰市,420381,丹江口市,420300,十堰市,prefecture,unique_exact_name,
440723,广东省,江门市,恩平县,127,historical_mapped,historical_crosswalk,85,440000,广东省,440700,江门市,440785,恩平市,440700,江门市,prefecture,unique_canonical_name_under_mapped_parent,
442830,广东省,肇庆地区,罗定县,127,historical_mapped,historical_crosswalk,85,440000,广东省,445300,云浮市,445381,罗定市,445300,云浮市,prefecture,unique_canonical_name,
450921,广西壮族自治区,玉林市,容县,127,current,current_code,100,450000,广西壮族自治区,450900,玉林市,450921,容县,450900,玉林市,prefecture,current_code,
533323,云南省,怒江傈僳族自治州,福贡县,127,current,current_code,100,530000,云南省,533300,怒江傈僳族自治州,533323,福贡县,533300,怒江傈僳族自治州,prefecture,current_code,
430406,湖南省,衡阳市,雁峰区,125,current,current_code,100,430000,湖南省,430400,衡阳市,430406,雁峰区,430400,衡阳市,prefecture,current_code,
440721,广东省,江门市,新会县,125,historical_mapped,historical_crosswalk,85,440000,广东省,440700,江门市,440705,新会区,440700,江门市,prefecture,unique_canonical_name_under_mapped_parent,
450327,广西壮族自治区,桂林市,灌阳县,125,current,current_code,100,450000,广西壮族自治区,450300,桂林市,450327,灌阳县,450300,桂林市,prefecture,current_code,
653024,新疆维吾尔自治区,克孜勒苏柯尔克孜自治州,乌恰县,125,current,current_code,100,650000,新疆维吾尔自治区,653000,克孜勒苏柯尔克孜自治州,653024,乌恰县,653000,克孜勒苏柯尔克孜自治州,prefecture,current_code,
372331,山东省,惠民地区,高青县,124,historical_mapped,historical_crosswalk,90,370000,山东省,370300,淄博市,370322,高青县,370300,淄博市,prefecture,unique_exact_name,
410723,河南省,新乡市,辉县,124,historical_mapped,historical_crosswalk,85,410000,河南省,410700,新乡市,410782,辉县市,410700,新乡市,prefecture,unique_canonical_name_under_mapped_parent,
432422,湖南省,常德地区,安乡县,124,historical_mapped,historical_crosswalk,90,430000,湖南省,430700,常德市,430721,安乡县,430700,常德市,prefecture,unique_exact_name_under_mapped_parent,
441821,广东省,清远市,佛冈县,124,current,current_code,100,440000,广东省,441800,清远市,441821,佛冈县,441800,清远市,prefecture,current_code,
612424,陕西省,安康地区,宁陕县,124,historical_mapped,historical_crosswalk,90,610000,陕西省,610900,安康市,610923,宁陕县,610900,安康市,prefecture,unique_exact_name_under_mapped_parent,
440785,广东省,江门市,恩平市,123,current,current_code,100,440000,广东省,440700,江门市,440785,恩平市,440700,江门市,prefecture,current_code,
442829,广东省,肇庆地区,郁南县,123,historical_mapped,historical_crosswalk,90,440000,广东省,445300,云浮市,445322,郁南县,445300,云浮市,prefecture,unique_exact_name,
522230,贵州省,铜仁地区,万山特区,123,historical_mapped,historical_crosswalk,85,520000,贵州省,520600,铜仁市,520603,万山区,520600,铜仁市,prefecture,unique_canonical_name_under_mapped_parent,
610331,陕西省,宝鸡市,太白县,123,current,current_code,100,610000,陕西省,610300,宝鸡市,610331,太白县,610300,宝鸡市,prefecture,current_code,
332223,浙江省,宁波地区,奉化县,122,historical_mapped,historical_crosswalk,85,330000,浙江省,330200,宁波市,330213,奉化区,330200,宁波市,prefecture,unique_canonical_name_under_mapped_parent,
440711,广东省,江门市,郊区,122,ambiguous,historical_crosswalk,100,,,,,,,,,,cross_province_exact_name_requires_review,
452722,广西壮族自治区,河池地区,宜山县,122,partial,historical_crosswalk,70,450000,广西壮族自治区,451200,河池市,,,451200,河池市,prefecture,mapped_parent_only,
422622,湖北省,郧阳地区,郧县,121,unresolved,historical_crosswalk,0,,,,,,,,,,no_supported_successor,
440724,广东省,江门市,开平县,121,historical_mapped,historical_crosswalk,85,440000,广东省,440700,江门市,440783,开平市,440700,江门市,prefecture,unique_canonical_name_under_mapped_parent,
532730,云南省,思茅地区,西盟佤族自治县,121,historical_mapped,historical_crosswalk,90,530000,云南省,530800,普洱市,530829,西盟佤族自治县,530800,普洱市,prefecture,unique_exact_name,
140721,山西省,晋中市,榆社县,120,current,current_code,100,140000,山西省,140700,晋中市,140721,榆社县,140700,晋中市,prefecture,current_code,
332224,浙江省,宁波地区,象山县,120,historical_mapped,historical_crosswalk,90,330000,浙江省,330200,宁波市,330225,象山县,330200,宁波市,prefecture,unique_exact_name_under_mapped_parent,
422727,湖北省,宜昌地区,秭归县,120,historical_mapped,historical_crosswalk,90,420000,湖北省,420500,宜昌市,420527,秭归县,420500,宜昌市,prefecture,unique_exact_name_under_mapped_parent,
152501,内蒙古自治区,锡林郭勒盟,二连浩特市,119,current,current_code,100,150000,内蒙古自治区,152500,锡林郭勒盟,152501,二连浩特市,152500,锡林郭勒盟,prefecture,current_code,
450403,广西壮族自治区,梧州市,万秀区,119,current,current_code,100,450000,广西壮族自治区,450400,梧州市,450403,万秀区,450400,梧州市,prefecture,current_code,
410401,河南省,平顶山市,,118,partial,current_parent_code,60,410000,河南省,410400,平顶山市,,,410400,平顶山市,prefecture,current_parent_code,
542121,西藏自治区,昌都地区,昌都县,118,partial,historical_crosswalk,85,540000,西藏自治区,540300,昌都市,,,540300,昌都市,prefecture,unique_canonical_name_under_mapped_parent,
230705,黑龙江省,伊春市,西林区,117,partial,historical_crosswalk,70,230000,黑龙江省,230700,伊春市,,,230700,伊春市,prefecture,mapped_parent_only,
422403,湖北省,荆州地区,洪湖市,117,historical_mapped,historical_crosswalk,90,420000,湖北省,421000,荆州市,421083,洪湖市,421000,荆州市,prefecture,unique_exact_name_under_mapped_parent,
642122,宁夏回族自治区,银南地区,青铜峡县,117,historical_mapped,historical_crosswalk,85,640000,宁夏回族自治区,640300,吴忠市,640381,青铜峡市,640300,吴忠市,prefecture,unique_canonical_name,
142634,山西省,临汾地区,永和县,116,ambiguous,historical_crosswalk,100,,,,,,,,,,historical_code_reused,141032
152202,内蒙古自治区,兴安盟,阿尔山市,116,current,current_code,100,150000,内蒙古自治区,152200,兴安盟,152202,阿尔山市,152200,兴安盟,prefecture,current_code,
410101,河南省,郑州市,,116,partial,current_parent_code,60,410000,河南省,410100,郑州市,,,410100,郑州市,prefecture,current_parent_code,
442822,广东省,肇庆地区,四会县,116,historical_mapped,historical_crosswalk,85,440000,广东省,441200,肇庆市,441284,四会市,441200,肇庆市,prefecture,unique_canonical_name_under_mapped_parent,
440725,广东省,江门市,鹤山县,115,historical_mapped,historical_crosswalk,85,440000,广东省,440700,江门市,440784,鹤山市,440700,江门市,prefecture,unique_canonical_name_under_mapped_parent,
130605,河北省,保定市,郊区,114,ambiguous,historical_crosswalk,100,,,,,,,,,,cross_province_exact_name_requires_review,
450501,广西壮族自治区,北海市,,114,partial,current_parent_code,60,450000,广西壮族自治区,450500,北海市,,,450500,北海市,prefecture,current_parent_code,
452629,广西壮族自治区,百色地区,乐业县,114,historical_mapped,historical_crosswalk,90,450000,广西壮族自治区,451000,百色市,451028,乐业县,451000,百色市,prefecture,unique_exact_name_under_mapped_parent,
149001,山西省,山西省直辖县级行政区划,古交市,113,historical_mapped,historical_crosswalk,90,140000,山西省,140100,太原市,140181,古交市,140100,太原市,prefecture,unique_exact_name,
152106,内蒙古自治区,呼伦贝尔盟,额尔古纳市,113,historical_mapped,historical_crosswalk,90,150000,内蒙古自治区,150700,呼伦贝尔市,150784,额尔古纳市,150700,呼伦贝尔市,prefecture,unique_exact_name_under_mapped_parent,
231022,黑龙江省,牡丹江市,海林县,113,historical_mapped,historical_crosswalk,85,230000,黑龙江省,231000,牡丹江市,231083,海林市,231000,牡丹江市,prefecture,unique_canonical_name_under_mapped_parent,
460104,海南省,海口市,秀英区,113,historical_mapped,historical_crosswalk,90,460000,海南省,460100,海口市,460105,秀英区,460100,海口市,prefecture,unique_exact_name_under_mapped_parent,
361127,江西省,上饶市,余干县,112,current,current_code,100,360000,江西省,361100,上饶市,361127,余干县,361100,上饶市,prefecture,current_code,
410111,河南省,郑州市,金海区,111,partial,historical_crosswalk,70,410000,河南省,410100,郑州市,,,410100,郑州市,prefecture,mapped_parent_only,
512329,四川省,涪陵地区,酉阳土家族苗族自治县,111,ambiguous,historical_crosswalk,100,,,,,,,,,,historical_code_reused,
612130,陕西省,渭南地区,白水县,111,historical_mapped,historical_crosswalk,90,610000,陕西省,610500,渭南市,610527,白水县,610500,渭南市,prefecture,unique_exact_name_under_mapped_parent,
632826,青海省,海西蒙古族藏族自治州,,111,partial,current_parent_code,60,630000,青海省,632800,海西蒙古族藏族自治州,,,632800,海西蒙古族藏族自治州,prefecture,current_parent_code,
132437,河北省,保定地区,曲阳县,110,historical_mapped,historical_crosswalk,90,130000,河北省,130600,保定市,130634,曲阳县,130600,保定市,prefecture,unique_exact_name_under_mapped_parent,
230830,黑龙江省,佳木斯市,萝北县,110,historical_mapped,historical_crosswalk,90,230000,黑龙江省,230400,鹤岗市,230421,萝北县,230400,鹤岗市,prefecture,unique_exact_name,
230833,黑龙江省,佳木斯市,抚远县,110,historical_mapped,historical_crosswalk,85,230000,黑龙江省,230800,佳木斯市,230883,抚远市,230800,佳木斯市,prefecture,unique_canonical_name_under_mapped_parent,
422223,湖北省,孝感地区,大悟县,110,historical_mapped,historical_crosswalk,90,420000,湖北省,420900,孝感市,420922,大悟县,420900,孝感市,prefecture,unique_exact_name_under_mapped_parent,
429021,湖北省,省直辖县级行政区划,神农架林区,110,current,current_code,100,420000,湖北省,,,429021,神农架林区,429021,神农架林区,province_direct_county,current_code,
652425,新疆维吾尔自治区,伊犁哈萨克自治州,新源县,110,historical_mapped,historical_crosswalk,90,650000,新疆维吾尔自治区,654000,伊犁哈萨克自治州,654025,新源县,654000,伊犁哈萨克自治州,prefecture,unique_exact_name_under_mapped_parent,
141127,山西省,吕梁市,岚县,109,current,current_code,100,140000,山西省,141100,吕梁市,141127,岚县,141100,吕梁市,prefecture,current_code,
230722,黑龙江省,伊春市,嘉荫县,109,current,current_code,100,230000,黑龙江省,230700,伊春市,230722,嘉荫县,230700,伊春市,prefecture,current_code,
410581,河南省,安阳市,林州市,109,current,current_code,100,410000,河南省,410500,安阳市,410581,林州市,410500,安阳市,prefecture,current_code,
430911,湖南省,益阳市,,109,partial,current_parent_code,60,430000,湖南省,430900,益阳市,,,430900,益阳市,prefecture,current_parent_code,
530629,云南省,昭通市,威信县,109,current,current_code,100,530000,云南省,530600,昭通市,530629,威信县,530600,昭通市,prefecture,current_code,
452329,广西壮族自治区,桂林地区,资源县,108,historical_mapped,historical_crosswalk,90,450000,广西壮族自治区,450300,桂林市,450329,资源县,450300,桂林市,prefecture,unique_exact_name_under_mapped_parent,
522525,贵州省,安顺地区,清镇县,108,historical_mapped,historical_crosswalk,85,520000,贵州省,520100,贵阳市,520181,清镇市,520100,贵阳市,prefecture,unique_canonical_name,
230503,黑龙江省,双鸭山市,岭东区,107,current,current_code,100,230000,黑龙江省,230500,双鸭山市,230503,岭东区,230500,双鸭山市,prefecture,current_code,
230708,黑龙江省,伊春市,美溪区,107,partial,historical_crosswalk,70,230000,黑龙江省,230700,伊春市,,,230700,伊春市,prefecture,mapped_parent_only,
430312,湖南省,湘潭市,,107,partial,current_parent_code,60,430000,湖南省,430300,湘潭市,,,430300,湘潭市,prefecture,current_parent_code,
632121,青海省,海东地区,平安县,107,historical_mapped,historical_crosswalk,85,630000,青海省,630200,海东市,630203,平安区,630200,海东市,prefecture,unique_canonical_name_under_mapped_parent,
140724,山西省,晋中市,昔阳县,106,current,current_code,100,140000,山西省,140700,晋中市,140724,昔阳县,140700,晋中市,prefecture,current_code,
230505,黑龙江省,双鸭山市,四方台区,106,current,current_code,100,230000,黑龙江省,230500,双鸭山市,230505,四方台区,230500,双鸭山市,prefecture,current_code,
422125,湖北省,黄冈地区,罗田县,106,historical_mapped,historical_crosswalk,90,420000,湖北省,421100,黄冈市,421123,罗田县,421100,黄冈市,prefecture,unique_exact_name_under_mapped_parent,
441703,广东省,阳江市,阳东区,106,historical_mapped,historical_crosswalk,90,440000,广东省,441700,阳江市,441704,阳东区,441700,阳江市,prefecture,unique_exact_name_under_mapped_parent,
632825,青海省,海西蒙古族藏族自治州,,106,partial,current_parent_code,60,630000,青海省,632800,海西蒙古族藏族自治州,,,632800,海西蒙古族藏族自治州,prefecture,current_parent_code,
320115,江苏省,南京市,江宁区,105,current,current_code,100,320000,江苏省,320100,南京市,320115,江宁区,320100,南京市,prefecture,current_code,
321003,江苏省,扬州市,邗江区,105,current,current_code,100,320000,江苏省,321000,扬州市,321003,邗江区,321000,扬州市,prefecture,current_code,
452627,广西壮族自治区,百色地区,那坡县,105,historical_mapped,historical_crosswalk,90,450000,广西壮族自治区,451000,百色市,451026,那坡县,451000,百色市,prefecture,unique_exact_name_under_mapped_parent,
350305,福建省,莆田市,秀屿区,104,current,current_code,100,350000,福建省,350300,莆田市,350305,秀屿区,350300,莆田市,prefecture,current_code,
450323,广西壮族自治区,桂林市,灵川县,104,current,current_code,100,450000,广西壮族自治区,450300,桂林市,450323,灵川县,450300,桂林市,prefecture,current_code,
510903,四川省,遂宁市,船山区,104,current,current_code,100,510000,四川省,510900,遂宁市,510903,船山区,510900,遂宁市,prefecture,current_code,
141125,山西省,吕梁市,柳林县,103,current,current_code,100,140000,山西省,141100,吕梁市,141125,柳林县,141100,吕梁市,prefecture,current_code,
210511,辽宁省,本溪市,南芬区,103,ambiguous,historical_crosswalk,100,,,,,,,,,,historical_code_reused,210505
210704,辽宁省,锦州市,南票区,103,historical_mapped,historical_crosswalk,90,210000,辽宁省,211400,葫芦岛市,211404,南票区,211400,葫芦岛市,prefecture,unique_exact_name,
219007,辽宁省,,开原市,103,historical_mapped,historical_crosswalk,90,210000,辽宁省,211200,铁岭市,211282,开原市,211200,铁岭市,prefecture,unique_exact_name,
420901,湖北省,孝感市,随州市,103,partial,historical_crosswalk,90,420000,湖北省,421300,随州市,,,421300,随州市,prefecture,unique_exact_name,
431321,湖南省,娄底市,双峰县,103,current,current_code,100,430000,湖南省,431300,娄底市,431321,双峰县,431300,娄底市,prefecture,current_code,
432626,湖南省,邵阳地区,绥宁县,103,historical_mapped,historical_crosswalk,90,430000,湖南省,430500,邵阳市,430527,绥宁县,430500,邵阳市,prefecture,unique_exact_name_under_mapped_parent,
440684,广东省,佛山市,高明市,103,historical_mapped,historical_crosswalk,85,440000,广东省,440600,佛山市,440608,高明区,440600,佛山市,prefecture,unique_canonical_name_under_mapped_parent,
450331,广西壮族自治区,桂林市,荔浦县,103,historical_mapped,historical_crosswalk,85,450000,广西壮族自治区,450300,桂林市,450381,荔浦市,450300,桂林市,prefecture,unique_canonical_name_under_mapped_parent,
430811,湖南省,张家界市,武陵源区,102,current,current_code,100,430000,湖南省,430800,张家界市,430811,武陵源区,430800,张家界市,prefecture,current_code,
441826,广东省,清远市,连南瑶族自治县,102,current,current_code,100,440000,广东省,441800,清远市,441826,连南瑶族自治县,441800,清远市,prefecture,current_code,
450602,广西壮族自治区,防城港市,港口区,102,current,current_code,100,450000,广西壮族自治区,450600,防城港市,450602,港口区,450600,防城港市,prefecture,current_code,
232721,黑龙江省,大兴安岭地区,呼玛县,101,current,current_code,100,230000,黑龙江省,232700,大兴安岭地区,232721,呼玛县,232700,大兴安岭地区,prefecture,current_code,
410412,河南省,平顶山市,舞钢区,101,historical_mapped,historical_crosswalk,85,410000,河南省,410400,平顶山市,410481,舞钢市,410400,平顶山市,prefecture,unique_canonical_name_under_mapped_parent,
452726,广西壮族自治区,河池地区,天峨县,101,historical_mapped,historical_crosswalk,90,450000,广西壮族自治区,451200,河池市,451222,天峨县,451200,河池市,prefecture,unique_exact_name_under_mapped_parent,
230707,黑龙江省,伊春市,新青区,100,partial,historical_crosswalk,70,230000,黑龙江省,230700,伊春市,,,230700,伊春市,prefecture,mapped_parent_only,
232601,黑龙江省,黑河地区,黑河市,100,partial,historical_crosswalk,90,230000,黑龙江省,231100,黑河市,,,231100,黑河市,prefecture,unique_exact_name_under_mapped_parent,
330202,浙江省,宁波市,镇明区,99,partial,historical_crosswalk,70,330000,浙江省,330200,宁波市,,,330200,宁波市,prefecture,mapped_parent_only,
432627,湖南省,邵阳地区,城步苗族自治县,99,historical_mapped,historical_crosswalk,90,430000,湖南省,430500,邵阳市,430529,城步苗族自治县,430500,邵阳市,prefecture,unique_exact_name_under_mapped_parent,
411628,河南省,周口市,鹿邑县,98,current,current_code,100,410000,河南省,411600,周口市,411628,鹿邑县,411600,周口市,prefecture,current_code,
420801,湖北省,荆门市,,98,partial,current_parent_code,60,420000,湖北省,420800,荆门市,,,420800,荆门市,prefecture,current_parent_code,
440506,广东省,汕头市,达豪区,98,partial,historical_crosswalk,70,440000,广东省,440500,汕头市,,,440500,汕头市,prefecture,mapped_parent_only,
441611,广东省,河源市,郊区,98,ambiguous,historical_crosswalk,100,,,,,,,,,,cross_province_exact_name_requires_review,
142133,山西省,雁北地区,怀仁县,97,ambiguous,historical_crosswalk,100,,,,,,,,,,historical_code_reused,140681
341522,安徽省,六安市,霍邱县,97,current,current_code,100,340000,安徽省,341500,六安市,341522,霍邱县,341500,六安市,prefecture,current_code,
440702,广东省,江门市,城区,97,historical_mapped,historical_crosswalk,90,440000,广东省,441500,汕尾市,441502,城区,441500,汕尾市,prefecture,unique_exact_name,
530200,云南省,东川市,,97,ambiguous,historical_crosswalk,100,,,,,,,,,,unique_canonical_name,530113
230128,黑龙江省,哈尔滨市,通河县,96,current,current_code,100,230000,黑龙江省,230100,哈尔滨市,230128,通河县,230100,哈尔滨市,prefecture,current_code,
379013,山东省,山东省直辖县级行政区划,即墨市,96,historical_mapped,historical_crosswalk,85,370000,山东省,370200,青岛市,370215,即墨区,370200,青岛市,prefecture,unique_canonical_name,
433002,湖南省,怀化地区,洪江市,96,ambiguous,historical_crosswalk,100,,,,,,,,,,historical_code_reused,431281
342325,安徽省,滁县地区,定远县,95,historical_mapped,historical_crosswalk,90,340000,安徽省,341100,滁州市,341125,定远县,341100,滁州市,prefecture,unique_exact_name,
452328,广西壮族自治区,桂林地区,龙胜各族自治县,95,historical_mapped,historical_crosswalk,90,450000,广西壮族自治区,450300,桂林市,450328,龙胜各族自治县,450300,桂林市,prefecture,unique_exact_name_under_mapped_parent,
422226,湖北省,孝感地区,云梦县,94,historical_mapped,historical_crosswalk,90,420000,湖北省,420900,孝感市,420923,云梦县,420900,孝感市,prefecture,unique_exact_name_under_mapped_parent,
440784,广东省,江门市,鹤山市,94,current,current_code,100,440000,广东省,440700,江门市,440784,鹤山市,440700,江门市,prefecture,current_code,
510904,四川省,遂宁市,安居区,94,current,current_code,100,510000,四川省,510900,遂宁市,510904,安居区,510900,遂宁市,prefecture,current_code,
230205,黑龙江省,齐齐哈尔市,昂昂溪区,93,current,current_code,100,230000,黑龙江省,230200,齐齐哈尔市,230205,昂昂溪区,230200,齐齐哈尔市,prefecture,current_code,
360981,江西省,宜春市,丰城市,93,current,current_code,100,360000,江西省,360900,宜春市,360981,丰城市,360900,宜春市,prefecture,current_code,
370634,山东省,烟台市,长岛县,93,partial,historical_crosswalk,70,370000,山东省,370600,烟台市,,,370600,烟台市,prefecture,mapped_parent_only,
440621,广东省,佛山市,三水县,93,historical_mapped,historical_crosswalk,85,440000,广东省,440600,佛山市,440607,三水区,440600,佛山市,prefecture,unique_canonical_name_under_mapped_parent,
450621,广西壮族自治区,防城港市,上思县,93,current,current_code,100,450000,广西壮族自治区,450600,防城港市,450621,上思县,450600,防城港市,prefecture,current_code,
450902,广西壮族自治区,玉林市,玉州区,93,current,current_code,100,450000,广西壮族自治区,450900,玉林市,450902,玉州区,450900,玉林市,prefecture,current_code,
460032,海南省,海南省直辖县级行政区划,东方黎族自治县,93,partial,historical_crosswalk,70,460000,海南省,,,,,,,,mapped_parent_only,
141002,山西省,临汾市,尧都区,92,current,current_code,100,140000,山西省,141000,临汾市,141002,尧都区,141000,临汾市,prefecture,current_code,
141033,山西省,临汾市,蒲县,92,current,current_code,100,140000,山西省,141000,临汾市,141033,蒲县,141000,临汾市,prefecture,current_code,
229003,吉林省,吉林省直辖县级行政区划,集安市,92,historical_mapped,historical_crosswalk,90,220000,吉林省,220500,通化市,220582,集安市,220500,通化市,prefecture,unique_exact_name,
452632,广西壮族自治区,百色地区,西林县,92,historical_mapped,historical_crosswalk,90,450000,广西壮族自治区,451000,百色市,451030,西林县,451000,百色市,prefecture,unique_exact_name_under_mapped_parent,
652625,新疆维吾尔自治区,阿勒泰地区,哈巴河县,91,historical_mapped,historical_crosswalk,90,650000,新疆维吾尔自治区,654300,阿勒泰地区,654324,哈巴河县,654300,阿勒泰地区,prefecture,unique_exact_name_under_mapped_parent,
142121,山西省,雁北地区,阳高县,90,ambiguous,historical_crosswalk,100,,,,,,,,,,historical_code_reused,140221
142633,山西省,临汾地区,大宁县,90,ambiguous,historical_crosswalk,100,,,,,,,,,,historical_code_reused,141030
440801,广东省,湛江市,,90,partial,current_parent_code,60,440000,广东省,440800,湛江市,,,440800,湛江市,prefecture,current_parent_code,
442801,广东省,肇庆地区,肇庆市,90,partial,historical_crosswalk,90,440000,广东省,441200,肇庆市,,,441200,肇庆市,prefecture,unique_exact_name_under_mapped_parent,
654202,新疆维吾尔自治区,塔城地区,乌苏市,90,current,current_code,100,650000,新疆维吾尔自治区,654200,塔城地区,654202,乌苏市,654200,塔城地区,prefecture,current_code,
231124,黑龙江省,黑河市,孙吴县,89,current,current_code,100,230000,黑龙江省,231100,黑河市,231124,孙吴县,231100,黑河市,prefecture,current_code,
452101,广西壮族自治区,南宁地区,凭祥市,89,historical_mapped,historical_crosswalk,90,450000,广西壮族自治区,451400,崇左市,451481,凭祥市,451400,崇左市,prefecture,unique_exact_name,
652623,新疆维吾尔自治区,阿勒泰地区,富蕴县,89,historical_mapped,historical_crosswalk,90,650000,新疆维吾尔自治区,654300,阿勒泰地区,654322,富蕴县,654300,阿勒泰地区,prefecture,unique_exact_name_under_mapped_parent,
142124,山西省,雁北地区,灵丘县,88,ambiguous,historical_crosswalk,100,,,,,,,,,,historical_code_reused,140224
150206,内蒙古自治区,包头市,白云鄂博矿区,88,current,current_code,100,150000,内蒙古自治区,150200,包头市,150206,白云鄂博矿区,150200,包头市,prefecture,current_code,
230709,黑龙江省,伊春市,金山屯区,88,ambiguous,historical_crosswalk,100,,,,,,,,,,historical_code_reused,
142131,山西省,雁北地区,右玉县,87,ambiguous,historical_crosswalk,100,,,,,,,,,,historical_code_reused,140623
230712,黑龙江省,伊春市,汤旺河区,87,ambiguous,historical_crosswalk,100,,,,,,,,,,historical_code_reused,
440228,广东省,韶关市,英德县,87,historical_mapped,historical_crosswalk,85,440000,广东省,441800,清远市,441881,英德市,441800,清远市,prefecture,unique_canonical_name,
445322,广东省,云浮市,郁南县,87,current,current_code,100,440000,广东省,445300,云浮市,445322,郁南县,445300,云浮市,prefecture,current_code,
450512,广西壮族自治区,北海市,铁山港区,87,current,current_code,100,450000,广西壮族自治区,450500,北海市,450512,铁山港区,450500,北海市,prefecture,current_code,
450681,广西壮族自治区,防城港市,东兴市,87,current,current_code,100,450000,广西壮族自治区,450600,防城港市,450681,东兴市,450600,防城港市,prefecture,current_code,
513338,四川省,甘孜藏族自治州,得荣县,87,current,current_code,100,510000,四川省,513300,甘孜藏族自治州,513338,得荣县,513300,甘孜藏族自治州,prefecture,current_code,
542621,西藏自治区,林芝地区,林芝县,87,partial,historical_crosswalk,85,540000,西藏自治区,540400,林芝市,,,540400,林芝市,prefecture,unique_canonical_name_under_mapped_parent,
441203,广东省,肇庆市,鼎湖区,86,current,current_code,100,440000,广东省,441200,肇庆市,441203,鼎湖区,441200,肇庆市,prefecture,current_code,
450311,广西壮族自治区,桂林市,雁山区,86,current,current_code,100,450000,广西壮族自治区,450300,桂林市,450311,雁山区,450300,桂林市,prefecture,current_code,
653225,新疆维吾尔自治区,和田地区,策勒县,86,current,current_code,100,650000,新疆维吾尔自治区,653200,和田地区,653225,策勒县,653200,和田地区,prefecture,current_code,
441824,广东省,清远市,连县,85,partial,historical_crosswalk,70,440000,广东省,441800,清远市,,,441800,清远市,prefecture,mapped_parent_only,
652428,新疆维吾尔自治区,伊犁哈萨克自治州,尼勒克县,85,historical_mapped,historical_crosswalk,90,650000,新疆维吾尔自治区,654000,伊犁哈萨克自治州,654028,尼勒克县,654000,伊犁哈萨克自治州,prefecture,unique_exact_name_under_mapped_parent,
141121,山西省,吕梁市,文水县,84,current,current_code,100,140000,山西省,141100,吕梁市,141121,文水县,141100,吕梁市,prefecture,current_code,
231123,黑龙江省,黑河市,逊克县,84,current,current_code,100,230000,黑龙江省,231100,黑河市,231123,逊克县,231100,黑河市,prefecture,current_code,
362134,江西省,赣州地区,瑞金县,84,historical_mapped,historical_crosswalk,85,360000,江西省,360700,赣州市,360781,瑞金市,360700,赣州市,prefecture,unique_canonical_name,
411219,河南省,三门峡市,,84,partial,current_parent_code,60,410000,河南省,411200,三门峡市,,,411200,三门峡市,prefecture,current_parent_code,
422204,湖北省,孝感地区,广水市,84,historical_mapped,historical_crosswalk,90,420000,湖北省,421300,随州市,421381,广水市,421300,随州市,prefecture,unique_exact_name,
612721,陕西省,榆林地区,榆林县,84,partial,historical_crosswalk,85,610000,陕西省,610800,榆林市,,,610800,榆林市,prefecture,unique_canonical_name_under_mapped_parent,
142123,山西省,雁北地区,广灵县,83,ambiguous,historical_crosswalk,100,,,,,,,,,,historical_code_reused,140223
230126,黑龙江省,哈尔滨市,巴彦县,83,current,current_code,100,230000,黑龙江省,230100,哈尔滨市,230126,巴彦县,230100,哈尔滨市,prefecture,current_code,
422327,湖北省,咸宁地区,阳新县,83,historical_mapped,historical_crosswalk,90,420000,湖北省,420200,黄石市,420222,阳新县,420200,黄石市,prefecture,unique_exact_name,
442522,广东省,惠阳地区,紫金县,83,historical_mapped,historical_crosswalk,90,440000,广东省,441600,河源市,441621,紫金县,441600,河源市,prefecture,unique_exact_name,
450503,广西壮族自治区,北海市,银海区,83,current,current_code,100,450000,广西壮族自治区,450500,北海市,450503,银海区,450500,北海市,prefecture,current_code,
230226,黑龙江省,齐齐哈尔市,杜尔伯特蒙古族自治县,82,historical_mapped,historical_crosswalk,90,230000,黑龙江省,230600,大庆市,230624,杜尔伯特蒙古族自治县,230600,大庆市,prefecture,unique_exact_name,
230819,黑龙江省,佳木斯市,,82,partial,current_parent_code,60,230000,黑龙江省,230800,佳木斯市,,,230800,佳木斯市,prefecture,current_parent_code,
379005,山东省,山东省直辖县级行政区划,新泰市,82,historical_mapped,historical_crosswalk,90,370000,山东省,370900,泰安市,370982,新泰市,370900,泰安市,prefecture,unique_exact_name,
420101,湖北省,武汉市,,82,partial,current_parent_code,60,420000,湖北省,420100,武汉市,,,420100,武汉市,prefecture,current_parent_code,
533324,云南省,怒江傈僳族自治州,贡山独龙族怒族自治县,82,current,current_code,100,530000,云南省,533300,怒江傈僳族自治州,533324,贡山独龙族怒族自治县,533300,怒江傈僳族自治州,prefecture,current_code,
211023,辽宁省,辽阳市,,81,partial,current_parent_code,60,210000,辽宁省,211000,辽阳市,,,211000,辽阳市,prefecture,current_parent_code,
230706,黑龙江省,伊春市,翠峦区,81,partial,historical_crosswalk,70,230000,黑龙江省,230700,伊春市,,,230700,伊春市,prefecture,mapped_parent_only,
140111,山西省,太原市,古交工矿区,80,partial,historical_crosswalk,70,140000,山西省,140100,太原市,,,140100,太原市,prefecture,mapped_parent_only,
141034,山西省,临汾市,汾西县,80,current,current_code,100,140000,山西省,141000,临汾市,141034,汾西县,141000,临汾市,prefecture,current_code,
142128,山西省,雁北地区,朔县,80,ambiguous,historical_crosswalk,100,,,,,,,,,,historical_code_reused,
632802,青海省,海西蒙古族藏族自治州,德令哈市,80,current,current_code,100,630000,青海省,632800,海西蒙古族藏族自治州,632802,德令哈市,632800,海西蒙古族藏族自治州,prefecture,current_code,
342825,安徽省,安庆地区,太湖县,79,historical_mapped,historical_crosswalk,90,340000,安徽省,340800,安庆市,340825,太湖县,340800,安庆市,prefecture,unique_exact_name_under_mapped_parent,
431382,湖南省,娄底市,涟源市,79,current,current_code,100,430000,湖南省,431300,娄底市,431382,涟源市,431300,娄底市,prefecture,current_code,
640223,宁夏回族自治区,石嘴山市,惠农县,79,historical_mapped,historical_crosswalk,85,640000,宁夏回族自治区,640200,石嘴山市,640205,惠农区,640200,石嘴山市,prefecture,unique_canonical_name_under_mapped_parent,
230714,黑龙江省,伊春市,乌伊岭区,78,partial,historical_crosswalk,70,230000,黑龙江省,230700,伊春市,,,230700,伊春市,prefecture,mapped_parent_only,
320927,江苏省,盐城市,东台县,78,historical_mapped,historical_crosswalk,85,320000,江苏省,320900,盐城市,320981,东台市,320900,盐城市,prefecture,unique_canonical_name_under_mapped_parent,
379002,山东省,山东省直辖县级行政区划,龙口市,78,historical_mapped,historical_crosswalk,90,370000,山东省,370600,烟台市,370681,龙口市,370600,烟台市,prefecture,unique_exact_name,
612624,陕西省,延安地区,安塞县,78,historical_mapped,historical_crosswalk,85,610000,陕西省,610600,延安市,610603,安塞区,610600,延安市,prefecture,unique_canonical_name_under_mapped_parent,
653023,新疆维吾尔自治区,克孜勒苏柯尔克孜自治州,阿合奇县,78,current,current_code,100,650000,新疆维吾尔自治区,653000,克孜勒苏柯尔克孜自治州,653023,阿合奇县,653000,克孜勒苏柯尔克孜自治州,prefecture,current_code,
120114,天津市,天津市,武清区,77,current,current_code,100,120000,天津市,,,120114,武清区,120000,天津市,municipality,current_code,
350602,福建省,漳州市,芗城区,77,current,current_code,100,350000,福建省,350600,漳州市,350602,芗城区,350600,漳州市,prefecture,current_code,
430622,湖南省,岳阳市,临湘县,77,historical_mapped,historical_crosswalk,85,430000,湖南省,430600,岳阳市,430682,临湘市,430600,岳阳市,prefecture,unique_canonical_name_under_mapped_parent,
440504,广东省,汕头市,升平区,77,ambiguous,historical_crosswalk,100,,,,,,,,,,historical_code_reused,
441581,广东省,汕尾市,陆丰市,77,current,current_code,100,440000,广东省,441500,汕尾市,441581,陆丰市,441500,汕尾市,prefecture,current_code,
500111,重庆市,重庆市,大足区,77,current,current_code,100,500000,重庆市,,,500111,大足区,500000,重庆市,municipality,current_code,
230713,黑龙江省,伊春市,带岭区,76,partial,historical_crosswalk,70,230000,黑龙江省,230700,伊春市,,,230700,伊春市,prefecture,mapped_parent_only,
360221,江西省,景德镇市,乐平县,76,historical_mapped,historical_crosswalk,85,360000,江西省,360200,景德镇市,360281,乐平市,360200,景德镇市,prefecture,unique_canonical_name_under_mapped_parent,
422824,湖北省,恩施土家族苗族自治州,利川县,76,historical_mapped,historical_crosswalk,85,420000,湖北省,422800,恩施土家族苗族自治州,422802,利川市,422800,恩施土家族苗族自治州,prefecture,unique_canonical_name_under_mapped_parent,
140523,山西省,晋城市,高平县,75,historical_mapped,historical_crosswalk,85,140000,山西省,140500,晋城市,140581,高平市,140500,晋城市,prefecture,unique_canonical_name_under_mapped_parent,
142125,山西省,雁北地区,浑源县,75,ambiguous,historical_crosswalk,100,,,,,,,,,,historical_code_reused,140225
230127,黑龙江省,哈尔滨市,木兰县,75,current,current_code,100,230000,黑龙江省,230100,哈尔滨市,230127,木兰县,230100,哈尔滨市,prefecture,current_code,
340901,安徽省,,黄山市,75,partial,historical_crosswalk,90,340000,安徽省,341000,黄山市,,,341000,黄山市,prefecture,unique_exact_name,
450326,广西壮族自治区,桂林市,永福县,75,current,current_code,100,450000,广西壮族自治区,450300,桂林市,450326,永福县,450300,桂林市,prefecture,current_code,
450332,广西壮族自治区,桂林市,恭城瑶族自治县,75,current,current_code,100,450000,广西壮族自治区,450300,桂林市,450332,恭城瑶族自治县,450300,桂林市,prefecture,current_code,
452503,广西壮族自治区,玉林地区,桂平市,75,historical_mapped,historical_crosswalk,90,450000,广西壮族自治区,450800,贵港市,450881,桂平市,450800,贵港市,prefecture,unique_exact_name,
379008,山东省,山东省直辖县级行政区划,莱阳市,74,historical_mapped,historical_crosswalk,90,370000,山东省,370600,烟台市,370682,莱阳市,370600,烟台市,prefecture,unique_exact_name,
230228,黑龙江省,齐齐哈尔市,林甸县,73,historical_mapped,historical_crosswalk,90,230000,黑龙江省,230600,大庆市,230623,林甸县,230600,大庆市,prefecture,unique_exact_name,
342701,安徽省,徽州地区,屯溪市,73,historical_mapped,historical_crosswalk,85,340000,安徽省,341000,黄山市,341002,屯溪区,341000,黄山市,prefecture,unique_canonical_name,
422702,湖北省,宜昌地区,当阳市,73,historical_mapped,historical_crosswalk,90,420000,湖北省,420500,宜昌市,420582,当阳市,420500,宜昌市,prefecture,unique_exact_name_under_mapped_parent,
422729,湖北省,宜昌地区,五峰土家族自治县,73,ambiguous,historical_crosswalk,100,,,,,,,,,,historical_code_reused,420529
542301,西藏自治区,日喀则地区,日喀则市,73,partial,historical_crosswalk,90,540000,西藏自治区,540200,日喀则市,,,540200,日喀则市,prefecture,unique_exact_name_under_mapped_parent,
141182,山西省,吕梁市,汾阳市,72,current,current_code,100,140000,山西省,141100,吕梁市,141182,汾阳市,141100,吕梁市,prefecture,current_code,
422225,湖北省,孝感地区,安陆县,72,historical_mapped,historical_crosswalk,85,420000,湖北省,420900,孝感市,420982,安陆市,420900,孝感市,prefecture,unique_canonical_name_under_mapped_parent,
533125,云南省,德宏傣族景颇族自治州,瑞丽县,72,historical_mapped,historical_crosswalk,85,530000,云南省,533100,德宏傣族景颇族自治州,533102,瑞丽市,533100,德宏傣族景颇族自治州,prefecture,unique_canonical_name_under_mapped_parent,
612421,陕西省,安康地区,安康县,72,partial,historical_crosswalk,85,610000,陕西省,610900,安康市,,,610900,安康市,prefecture,unique_canonical_name_under_mapped_parent,
140821,山西省,运城市,临猗县,71,current,current_code,100,140000,山西省,140800,运城市,140821,临猗县,140800,运城市,prefecture,current_code,
230710,黑龙江省,伊春市,五营区,71,partial,historical_crosswalk,70,230000,黑龙江省,230700,伊春市,,,230700,伊春市,prefecture,mapped_parent_only,
342726,安徽省,徽州地区,祁门县,71,historical_mapped,historical_crosswalk,90,340000,安徽省,341000,黄山市,341024,祁门县,341000,黄山市,prefecture,unique_exact_name,
140781,山西省,晋中市,介休市,70,current,current_code,100,140000,山西省,140700,晋中市,140781,介休市,140700,晋中市,prefecture,current_code,
141024,山西省,临汾市,洪洞县,70,current,current_code,100,140000,山西省,141000,临汾市,141024,洪洞县,141000,临汾市,prefecture,current_code,
361027,江西省,抚州市,金溪县,70,current,current_code,100,360000,江西省,361000,抚州市,361027,金溪县,361000,抚州市,prefecture,current_code,
379004,山东省,山东省直辖县级行政区划,莱芜市,70,historical_mapped,historical_crosswalk,85,370000,山东省,370100,济南市,370116,莱芜区,370100,济南市,prefecture,unique_canonical_name,
420605,湖北省,襄阳市,,70,partial,current_parent_code,60,420000,湖北省,420600,襄阳市,,,420600,襄阳市,prefecture,current_parent_code,
450329,广西壮族自治区,桂林市,资源县,70,current,current_code,100,450000,广西壮族自治区,450300,桂林市,450329,资源县,450300,桂林市,prefecture,current_code,
460023,海南省,海南省直辖县级行政区划,琼海县,70,historical_mapped,historical_crosswalk,85,460000,海南省,,,469002,琼海市,469002,琼海市,province_direct_county,unique_canonical_name_under_mapped_parent,
623025,甘肃省,甘南藏族自治州,玛曲县,70,current,current_code,100,620000,甘肃省,623000,甘南藏族自治州,623025,玛曲县,623000,甘南藏族自治州,prefecture,current_code,
623026,甘肃省,甘南藏族自治州,碌曲县,70,current,current_code,100,620000,甘肃省,623000,甘南藏族自治州,623026,碌曲县,623000,甘南藏族自治州,prefecture,current_code,
420607,湖北省,襄阳市,襄州区,69,current,current_code,100,420000,湖北省,420600,襄阳市,420607,襄州区,420600,襄阳市,prefecture,current_code,
132237,河北省,邢台地区,临西县,68,historical_mapped,historical_crosswalk,90,130000,河北省,130500,邢台市,130535,临西县,130500,邢台市,prefecture,unique_exact_name_under_mapped_parent,
132234,河北省,邢台地区,平乡县,67,historical_mapped,historical_crosswalk,90,130000,河北省,130500,邢台市,130532,平乡县,130500,邢台市,prefecture,unique_exact_name_under_mapped_parent,
231081,黑龙江省,牡丹江市,绥芬河市,67,current,current_code,100,230000,黑龙江省,231000,牡丹江市,231081,绥芬河市,231000,牡丹江市,prefecture,current_code,
420603,湖北省,襄阳市,樊东区,67,partial,historical_crosswalk,70,420000,湖北省,420600,襄阳市,,,420600,襄阳市,prefecture,mapped_parent_only,
441301,广东省,惠州市,,67,partial,current_parent_code,60,440000,广东省,441300,惠州市,,,441300,惠州市,prefecture,current_parent_code,
653227,新疆维吾尔自治区,和田地区,民丰县,67,current,current_code,100,650000,新疆维吾尔自治区,653200,和田地区,653227,民丰县,653200,和田地区,prefecture,current_code,
342724,安徽省,徽州地区,休宁县,66,historical_mapped,historical_crosswalk,90,340000,安徽省,341000,黄山市,341022,休宁县,341000,黄山市,prefecture,unique_exact_name,
442525,广东省,惠阳地区,河源县,66,partial,historical_crosswalk,85,440000,广东省,441600,河源市,,,441600,河源市,prefecture,unique_canonical_name,
445321,广东省,云浮市,新兴县,66,current,current_code,100,440000,广东省,445300,云浮市,445321,新兴县,445300,云浮市,prefecture,current_code,
612329,陕西省,汉中地区,留坝县,66,historical_mapped,historical_crosswalk,90,610000,陕西省,610700,汉中市,610729,留坝县,610700,汉中市,prefecture,unique_exact_name_under_mapped_parent,
130504,河北省,邢台市,郊区,65,ambiguous,historical_crosswalk,100,,,,,,,,,,cross_province_exact_name_requires_review,
140723,山西省,晋中市,和顺县,65,current,current_code,100,140000,山西省,140700,晋中市,140723,和顺县,140700,晋中市,prefecture,current_code,
232130,黑龙江省,松花江地区,方正县,65,ambiguous,historical_crosswalk,100,,,,,,,,,,historical_code_reused,230124
420504,湖北省,宜昌市,点军区,65,current,current_code,100,420000,湖北省,420500,宜昌市,420504,点军区,420500,宜昌市,prefecture,current_code,
442531,广东省,惠阳地区,海丰县,65,historical_mapped,historical_crosswalk,90,440000,广东省,441500,汕尾市,441521,海丰县,441500,汕尾市,prefecture,unique_exact_name,
442828,广东省,肇庆地区,新兴县,65,historical_mapped,historical_crosswalk,90,440000,广东省,445300,云浮市,445321,新兴县,445300,云浮市,prefecture,unique_exact_name,
440505,广东省,汕头市,金沙区,64,ambiguous,historical_crosswalk,100,,,,,,,,,,cross_province_canonical_name_requires_review,
370981,山东省,泰安市,莱芜市,63,historical_mapped,historical_crosswalk,85,370000,山东省,370100,济南市,370116,莱芜区,370100,济南市,prefecture,unique_canonical_name,
410824,河南省,焦作市,沁阳县,63,historical_mapped,historical_crosswalk,85,410000,河南省,410800,焦作市,410882,沁阳市,410800,焦作市,prefecture,unique_canonical_name_under_mapped_parent,
411625,河南省,周口市,郸城县,63,current,current_code,100,410000,河南省,411600,周口市,411625,郸城县,411600,周口市,prefecture,current_code,
422725,湖北省,宜昌地区,远安县,63,historical_mapped,historical_crosswalk,90,420000,湖北省,420500,宜昌市,420525,远安县,420500,宜昌市,prefecture,unique_exact_name_under_mapped_parent,
442529,广东省,惠阳地区,龙川县,63,historical_mapped,historical_crosswalk,90,440000,广东省,441600,河源市,441622,龙川县,441600,河源市,prefecture,unique_exact_name,
442823,广东省,肇庆地区,广宁县,63,historical_mapped,historical_crosswalk,90,440000,广东省,441200,肇庆市,441223,广宁县,441200,肇庆市,prefecture,unique_exact_name_under_mapped_parent,
512002,四川省,资阳市,雁江区,63,current,current_code,100,510000,四川省,512000,资阳市,512002,雁江区,512000,资阳市,prefecture,current_code,
612621,陕西省,延安地区,延长县,63,historical_mapped,historical_crosswalk,90,610000,陕西省,610600,延安市,610621,延长县,610600,延安市,prefecture,unique_exact_name_under_mapped_parent,
632125,青海省,海东地区,湟源县,63,historical_mapped,historical_crosswalk,90,630000,青海省,630100,西宁市,630123,湟源县,630100,西宁市,prefecture,unique_exact_name,
231021,黑龙江省,牡丹江市,宁安县,62,historical_mapped,historical_crosswalk,85,230000,黑龙江省,231000,牡丹江市,231084,宁安市,231000,牡丹江市,prefecture,unique_canonical_name_under_mapped_parent,
361121,江西省,上饶市,上饶县,62,partial,historical_crosswalk,85,360000,江西省,361100,上饶市,,,361100,上饶市,prefecture,unique_canonical_name_under_mapped_parent,
612630,陕西省,延安地区,宜川县,62,historical_mapped,historical_crosswalk,90,610000,陕西省,610600,延安市,610630,宜川县,610600,延安市,prefecture,unique_exact_name_under_mapped_parent,
230721,黑龙江省,伊春市,铁力县,61,historical_mapped,historical_crosswalk,85,230000,黑龙江省,230700,伊春市,230781,铁力市,230700,伊春市,prefecture,unique_canonical_name_under_mapped_parent,
230834,黑龙江省,佳木斯市,,61,partial,current_parent_code,60,230000,黑龙江省,230800,佳木斯市,,,230800,佳木斯市,prefecture,current_parent_code,
442530,广东省,惠阳地区,陆丰县,61,historical_mapped,historical_crosswalk,85,440000,广东省,441500,汕尾市,441581,陆丰市,441500,汕尾市,prefecture,unique_canonical_name,
450411,广西壮族自治区,梧州市,,61,partial,current_parent_code,60,450000,广西壮族自治区,450400,梧州市,,,450400,梧州市,prefecture,current_parent_code,
620201,甘肃省,嘉峪关市,嘉峪关市,61,partial,current_parent_code,60,620000,甘肃省,620200,嘉峪关市,,,620200,嘉峪关市,prefecture,current_parent_code,
142126,山西省,雁北地区,应县,60,ambiguous,historical_crosswalk,100,,,,,,,,,,historical_code_reused,140622
230407,黑龙江省,鹤岗市,兴山区,60,current,current_code,100,230000,黑龙江省,230400,鹤岗市,230407,兴山区,230400,鹤岗市,prefecture,current_code,
420622,湖北省,襄阳市,枣阳县,60,historical_mapped,historical_crosswalk,85,420000,湖北省,420600,襄阳市,420683,枣阳市,420600,襄阳市,prefecture,unique_canonical_name_under_mapped_parent,
652422,新疆维吾尔自治区,伊犁哈萨克自治州,察布查尔锡伯自治县,60,historical_mapped,historical_crosswalk,90,650000,新疆维吾尔自治区,654000,伊犁哈萨克自治州,654022,察布查尔锡伯自治县,654000,伊犁哈萨克自治州,prefecture,unique_exact_name_under_mapped_parent,
132125,河北省,邯郸地区,鸡泽县,59,historical_mapped,historical_crosswalk,90,130000,河北省,130400,邯郸市,130431,鸡泽县,130400,邯郸市,prefecture,unique_exact_name_under_mapped_parent,
431322,湖南省,娄底市,新化县,59,current,current_code,100,430000,湖南省,431300,娄底市,431322,新化县,431300,娄底市,prefecture,current_code,
460021,海南省,海南省直辖县级行政区划,琼山县,59,historical_mapped,historical_crosswalk,85,460000,海南省,460100,海口市,460107,琼山区,460100,海口市,prefecture,unique_canonical_name,
522521,贵州省,安顺地区,安顺县,59,partial,historical_crosswalk,85,520000,贵州省,520400,安顺市,,,520400,安顺市,prefecture,unique_canonical_name_under_mapped_parent,
632821,青海省,海西蒙古族藏族自治州,乌兰县,59,current,current_code,100,630000,青海省,632800,海西蒙古族藏族自治州,632821,乌兰县,632800,海西蒙古族藏族自治州,prefecture,current_code,
652525,新疆维吾尔自治区,塔城地区,托里县,59,historical_mapped,historical_crosswalk,90,650000,新疆维吾尔自治区,654200,塔城地区,654224,托里县,654200,塔城地区,prefecture,unique_exact_name_under_mapped_parent,
140902,山西省,忻州市,忻府区,58,current,current_code,100,140000,山西省,140900,忻州市,140902,忻府区,140900,忻州市,prefecture,current_code,
320206,江苏省,无锡市,惠山区,58,current,current_code,100,320000,江苏省,320200,无锡市,320206,惠山区,320200,无锡市,prefecture,current_code,
422726,湖北省,宜昌地区,兴山县,58,historical_mapped,historical_crosswalk,90,420000,湖北省,420500,宜昌市,420526,兴山县,420500,宜昌市,prefecture,unique_exact_name_under_mapped_parent,
440701,广东省,江门市,,58,partial,current_parent_code,60,440000,广东省,440700,江门市,,,440700,江门市,prefecture,current_parent_code,
140826,山西省,运城市,绛县,57,current,current_code,100,140000,山西省,140800,运城市,140826,绛县,140800,运城市,prefecture,current_code,
142224,山西省,忻州地区,原平县,57,ambiguous,historical_crosswalk,100,,,,,,,,,,historical_code_reused,140981
230711,黑龙江省,伊春市,乌马河区,57,ambiguous,historical_crosswalk,100,,,,,,,,,,historical_code_reused,
360830,江西省,吉安市,永新县,57,current,current_code,100,360000,江西省,360800,吉安市,360830,永新县,360800,吉安市,prefecture,current_code,
420600,湖北省,襄阳市,,57,current,current_code,100,420000,湖北省,420600,襄阳市,,,420600,襄阳市,prefecture,current_code,
141082,山西省,临汾市,霍州市,56,current,current_code,100,140000,山西省,141000,临汾市,141082,霍州市,141000,临汾市,prefecture,current_code,
230832,黑龙江省,佳木斯市,饶河县,56,historical_mapped,historical_crosswalk,90,230000,黑龙江省,230500,双鸭山市,230524,饶河县,230500,双鸭山市,prefecture,unique_exact_name,
432625,湖南省,邵阳地区,新宁县,56,historical_mapped,historical_crosswalk,90,430000,湖南省,430500,邵阳市,430528,新宁县,430500,邵阳市,prefecture,unique_exact_name_under_mapped_parent,
440127,广东省,广州市,清远县,56,partial,historical_crosswalk,85,440000,广东省,441800,清远市,,,441800,清远市,prefecture,unique_canonical_name,
440401,广东省,珠海市,,56,partial,current_parent_code,60,440000,广东省,440400,珠海市,,,440400,珠海市,prefecture,current_parent_code,
440503,广东省,汕头市,金园区,56,ambiguous,historical_crosswalk,100,,,,,,,,,,historical_code_reused,
441701,广东省,阳江市,,56,partial,current_parent_code,60,440000,广东省,441700,阳江市,,,441700,阳江市,prefecture,current_parent_code,
612330,陕西省,汉中地区,佛坪县,56,historical_mapped,historical_crosswalk,90,610000,陕西省,610700,汉中市,610730,佛坪县,610700,汉中市,prefecture,unique_exact_name_under_mapped_parent,
653131,新疆维吾尔自治区,喀什地区,塔什库尔干塔吉克自治县,56,current,current_code,100,650000,新疆维吾尔自治区,653100,喀什地区,653131,塔什库尔干塔吉克自治县,653100,喀什地区,prefecture,current_code,
140802,山西省,运城市,盐湖区,55,current,current_code,100,140000,山西省,140800,运城市,140802,盐湖区,140800,运城市,prefecture,current_code,
411227,河南省,三门峡市,,55,partial,current_parent_code,60,410000,河南省,411200,三门峡市,,,411200,三门峡市,prefecture,current_parent_code,
622124,甘肃省,酒泉地区,肃北蒙古族自治县,55,historical_mapped,historical_crosswalk,90,620000,甘肃省,620900,酒泉市,620923,肃北蒙古族自治县,620900,酒泉市,prefecture,unique_exact_name_under_mapped_parent,
142132,山西省,雁北地区,大同县,54,ambiguous,historical_crosswalk,100,,,,,,,,,,historical_code_reused,140200
230129,黑龙江省,哈尔滨市,延寿县,54,current,current_code,100,230000,黑龙江省,230100,哈尔滨市,230129,延寿县,230100,哈尔滨市,prefecture,current_code,
450511,广西壮族自治区,北海市,,54,partial,current_parent_code,60,450000,广西壮族自治区,450500,北海市,,,450500,北海市,prefecture,current_parent_code,
632221,青海省,海北藏族自治州,门源回族自治县,54,current,current_code,100,630000,青海省,632200,海北藏族自治州,632221,门源回族自治县,632200,海北藏族自治州,prefecture,current_code,
211081,辽宁省,辽阳市,灯塔市,53,current,current_code,100,210000,辽宁省,211000,辽阳市,211081,灯塔市,211000,辽阳市,prefecture,current_code,
330185,浙江省,杭州市,临安市,53,historical_mapped,historical_crosswalk,85,330000,浙江省,330100,杭州市,330112,临安区,330100,杭州市,prefecture,unique_canonical_name_under_mapped_parent,
420505,湖北省,宜昌市,猇亭区,53,current,current_code,100,420000,湖北省,420500,宜昌市,420505,猇亭区,420500,宜昌市,prefecture,current_code,
420804,湖北省,荆门市,掇刀区,53,current,current_code,100,420000,湖北省,420800,荆门市,420804,掇刀区,420800,荆门市,prefecture,current_code,
422701,湖北省,宜昌地区,枝城市,53,partial,historical_crosswalk,70,420000,湖北省,420500,宜昌市,,,420500,宜昌市,prefecture,mapped_parent_only,
440124,广东省,广州市,龙门县,53,historical_mapped,historical_crosswalk,90,440000,广东省,441300,惠州市,441324,龙门县,441300,惠州市,prefecture,unique_exact_name,
441501,广东省,汕尾市,,53,partial,current_parent_code,60,440000,广东省,441500,汕尾市,,,441500,汕尾市,prefecture,current_parent_code,
442825,广东省,肇庆地区,封开县,53,historical_mapped,historical_crosswalk,90,440000,广东省,441200,肇庆市,441225,封开县,441200,肇庆市,prefecture,unique_exact_name_under_mapped_parent,
542421,西藏自治区,那曲地区,那曲县,53,partial,historical_crosswalk,85,540000,西藏自治区,540600,那曲市,,,540600,那曲市,prefecture,unique_canonical_name_under_mapped_parent,
150927,内蒙古自治区,乌兰察布市,察哈尔右翼中旗,52,current,current_code,100,150000,内蒙古自治区,150900,乌兰察布市,150927,察哈尔右翼中旗,150900,乌兰察布市,prefecture,current_code,
419003,河南省,省直辖县级行政区划,济源市,52,historical_mapped,historical_crosswalk,90,410000,河南省,,,419001,济源市,419001,济源市,province_direct_county,unique_exact_name,
420604,湖北省,襄阳市,樊西区,52,partial,historical_crosswalk,70,420000,湖北省,420600,襄阳市,,,420600,襄阳市,prefecture,mapped_parent_only,
445223,广东省,揭阳市,普宁县,52,historical_mapped,historical_crosswalk,85,440000,广东省,445200,揭阳市,445281,普宁市,445200,揭阳市,prefecture,unique_canonical_name_under_mapped_parent,
612125,陕西省,渭南地区,华阴县,52,historical_mapped,historical_crosswalk,85,610000,陕西省,610500,渭南市,610582,华阴市,610500,渭南市,prefecture,unique_canonical_name_under_mapped_parent,
140828,山西省,运城市,夏县,51,current,current_code,100,140000,山西省,140800,运城市,140828,夏县,140800,运城市,prefecture,current_code,
141128,山西省,吕梁市,方山县,51,current,current_code,100,140000,山西省,141100,吕梁市,141128,方山县,141100,吕梁市,prefecture,current_code,
219004,辽宁省,,兴城市,51,historical_mapped,historical_crosswalk,90,210000,辽宁省,211400,葫芦岛市,211481,兴城市,211400,葫芦岛市,prefecture,unique_exact_name,
320505,江苏省,苏州市,虎丘区,51,current,current_code,100,320000,江苏省,320500,苏州市,320505,虎丘区,320500,苏州市,prefecture,current_code,
652526,新疆维吾尔自治区,塔城地区,裕民县,51,historical_mapped,historical_crosswalk,90,650000,新疆维吾尔自治区,654200,塔城地区,654225,裕民县,654200,塔城地区,prefecture,unique_exact_name_under_mapped_parent,
230715,黑龙江省,伊春市,红星区,50,partial,historical_crosswalk,70,230000,黑龙江省,230700,伊春市,,,230700,伊春市,prefecture,mapped_parent_only,
232625,黑龙江省,黑河地区,逊克县,50,historical_mapped,historical_crosswalk,90,230000,黑龙江省,231100,黑河市,231123,逊克县,231100,黑河市,prefecture,unique_exact_name_under_mapped_parent,
440502,广东省,汕头市,龙湖区,50,ambiguous,historical_crosswalk,100,,,,,,,,,,historical_code_reused,440507
440511,广东省,汕头市,金平区,50,current,current_code,100,440000,广东省,440500,汕头市,440511,金平区,440500,汕头市,prefecture,current_code,
141029,山西省,临汾市,乡宁县,49,current,current_code,100,140000,山西省,141000,临汾市,141029,乡宁县,141000,临汾市,prefecture,current_code,
230307,黑龙江省,鸡西市,麻山区,49,current,current_code,100,230000,黑龙江省,230300,鸡西市,230307,麻山区,230300,鸡西市,prefecture,current_code,
652622,新疆维吾尔自治区,阿勒泰地区,布尔津县,49,historical_mapped,historical_crosswalk,90,650000,新疆维吾尔自治区,654300,阿勒泰地区,654321,布尔津县,654300,阿勒泰地区,prefecture,unique_exact_name_under_mapped_parent,
222421,吉林省,延边朝鲜族自治州,龙井县,48,ambiguous,historical_crosswalk,100,,,,,,,,,,historical_code_reused,222405
230716,黑龙江省,伊春市,上甘岭区,48,partial,historical_crosswalk,70,230000,黑龙江省,230700,伊春市,,,230700,伊春市,prefecture,mapped_parent_only,
511125,四川省,乐山市,峨眉县,48,partial,historical_crosswalk,70,510000,四川省,511100,乐山市,,,511100,乐山市,prefecture,mapped_parent_only,
210681,辽宁省,丹东市,东港市,47,current,current_code,100,210000,辽宁省,210600,丹东市,210681,东港市,210600,丹东市,prefecture,current_code,
433102,湖南省,湘西土家族苗族自治州,大庸市,47,partial,historical_crosswalk,70,430000,湖南省,433100,湘西土家族苗族自治州,,,433100,湘西土家族苗族自治州,prefecture,mapped_parent_only,
440523,广东省,汕头市,南澳县,47,current,current_code,100,440000,广东省,440500,汕头市,440523,南澳县,440500,汕头市,prefecture,current_code,
530627,云南省,昭通市,镇雄县,47,current,current_code,100,530000,云南省,530600,昭通市,530627,镇雄县,530600,昭通市,prefecture,current_code,
640104,宁夏回族自治区,银川市,兴庆区,47,current,current_code,100,640000,宁夏回族自治区,640100,银川市,640104,兴庆区,640100,银川市,prefecture,current_code,
150621,内蒙古自治区,鄂尔多斯市,达拉特旗,46,current,current_code,100,150000,内蒙古自治区,150600,鄂尔多斯市,150621,达拉特旗,150600,鄂尔多斯市,prefecture,current_code,
232626,黑龙江省,黑河地区,孙吴县,46,historical_mapped,historical_crosswalk,90,230000,黑龙江省,231100,黑河市,231124,孙吴县,231100,黑河市,prefecture,unique_exact_name_under_mapped_parent,
411602,河南省,周口市,川汇区,46,current,current_code,100,410000,河南省,411600,周口市,411602,川汇区,411600,周口市,prefecture,current_code,
450423,广西壮族自治区,梧州市,蒙山县,46,current,current_code,100,450000,广西壮族自治区,450400,梧州市,450423,蒙山县,450400,梧州市,prefecture,current_code,
542221,西藏自治区,山南地区,乃东县,46,historical_mapped,historical_crosswalk,85,540000,西藏自治区,540500,山南市,540502,乃东区,540500,山南市,prefecture,unique_canonical_name_under_mapped_parent,
632128,青海省,海东地区,循化撒拉族自治县,46,historical_mapped,historical_crosswalk,90,630000,青海省,630200,海东市,630225,循化撒拉族自治县,630200,海东市,prefecture,unique_exact_name_under_mapped_parent,
632523,青海省,海南藏族自治州,贵德县,46,current,current_code,100,630000,青海省,632500,海南藏族自治州,632523,贵德县,632500,海南藏族自治州,prefecture,current_code,
632822,青海省,海西蒙古族藏族自治州,都兰县,46,current,current_code,100,630000,青海省,632800,海西蒙古族藏族自治州,632822,都兰县,632800,海西蒙古族藏族自治州,prefecture,current_code,
640105,宁夏回族自治区,银川市,西夏区,46,current,current_code,100,640000,宁夏回族自治区,640100,银川市,640105,西夏区,640100,银川市,prefecture,current_code,
150802,内蒙古自治区,巴彦淖尔市,临河区,45,current,current_code,100,150000,内蒙古自治区,150800,巴彦淖尔市,150802,临河区,150800,巴彦淖尔市,prefecture,current_code,
222422,吉林省,延边朝鲜族自治州,敦化县,45,historical_mapped,historical_crosswalk,85,220000,吉林省,222400,延边朝鲜族自治州,222403,敦化市,222400,延边朝鲜族自治州,prefecture,unique_canonical_name_under_mapped_parent,
230504,黑龙江省,双鸭山市,岭西区,45,ambiguous,historical_crosswalk,100,,,,,,,,,,historical_code_reused,
232122,黑龙江省,松花江地区,宾县,45,ambiguous,historical_crosswalk,100,,,,,,,,,,historical_code_reused,230125
232328,黑龙江省,绥化地区,肇源县,45,ambiguous,historical_crosswalk,100,,,,,,,,,,historical_code_reused,230622
632824,青海省,海西蒙古族藏族自治州,,45,partial,current_parent_code,60,630000,青海省,632800,海西蒙古族藏族自治州,,,632800,海西蒙古族藏族自治州,prefecture,current_parent_code,
360982,江西省,宜春市,樟树市,44,current,current_code,100,360000,江西省,360900,宜春市,360982,樟树市,360900,宜春市,prefecture,current_code,
140422,山西省,长治市,潞城县,43,historical_mapped,historical_crosswalk,85,140000,山西省,140400,长治市,140406,潞城区,140400,长治市,prefecture,unique_canonical_name_under_mapped_parent,
540125,西藏自治区,拉萨市,堆龙德庆县,43,historical_mapped,historical_crosswalk,85,540000,西藏自治区,540100,拉萨市,540103,堆龙德庆区,540100,拉萨市,prefecture,unique_canonical_name_under_mapped_parent,
652627,新疆维吾尔自治区,阿勒泰地区,吉木乃县,43,historical_mapped,historical_crosswalk,90,650000,新疆维吾尔自治区,654300,阿勒泰地区,654326,吉木乃县,654300,阿勒泰地区,prefecture,unique_exact_name_under_mapped_parent,
431302,湖南省,娄底市,娄星区,42,current,current_code,100,430000,湖南省,431300,娄底市,431302,娄星区,431300,娄底市,prefecture,current_code,
612521,陕西省,商洛地区,商县,42,partial,historical_crosswalk,70,610000,陕西省,611000,商洛市,,,611000,商洛市,prefecture,mapped_parent_only,
440304,广东省,深圳市,福田区,41,current,current_code,100,440000,广东省,440300,深圳市,440304,福田区,440300,深圳市,prefecture,current_code,
450328,广西壮族自治区,桂林市,龙胜各族自治县,41,current,current_code,100,450000,广西壮族自治区,450300,桂林市,450328,龙胜各族自治县,450300,桂林市,prefecture,current_code,
520222,贵州省,六盘水市,盘县,41,partial,historical_crosswalk,70,520000,贵州省,520200,六盘水市,,,520200,六盘水市,prefecture,mapped_parent_only,
612625,陕西省,延安地区,志丹县,41,historical_mapped,historical_crosswalk,90,610000,陕西省,610600,延安市,610625,志丹县,610600,延安市,prefecture,unique_exact_name_under_mapped_parent,
213022,辽宁省,,,40,unresolved,none,0,,,,,,,,,,none,
140829,山西省,运城市,平陆县,39,current,current_code,100,140000,山西省,140800,运城市,140829,平陆县,140800,运城市,prefecture,current_code,
411525,河南省,信阳市,固始县,39,current,current_code,100,410000,河南省,411500,信阳市,411525,固始县,411500,信阳市,prefecture,current_code,
422203,湖北省,孝感地区,安陆市,39,historical_mapped,historical_crosswalk,90,420000,湖北省,420900,孝感市,420982,安陆市,420900,孝感市,prefecture,unique_exact_name_under_mapped_parent,
440400,广东省,珠海市,,39,current,current_code,100,440000,广东省,440400,珠海市,,,440400,珠海市,prefecture,current_code,
612103,陕西省,渭南地区,华阴市,39,historical_mapped,historical_crosswalk,90,610000,陕西省,610500,渭南市,610582,华阴市,610500,渭南市,prefecture,unique_exact_name_under_mapped_parent,
130707,河北省,张家口市,庞家堡区,38,partial,historical_crosswalk,70,130000,河北省,130700,张家口市,,,130700,张家口市,prefecture,mapped_parent_only,
142130,山西省,雁北地区,左云县,38,ambiguous,historical_crosswalk,100,,,,,,,,,,historical_code_reused,140226
150823,内蒙古自治区,巴彦淖尔市,乌拉特前旗,38,current,current_code,100,150000,内蒙古自治区,150800,巴彦淖尔市,150823,乌拉特前旗,150800,巴彦淖尔市,prefecture,current_code,
150826,内蒙古自治区,巴彦淖尔市,杭锦后旗,38,current,current_code,100,150000,内蒙古自治区,150800,巴彦淖尔市,150826,杭锦后旗,150800,巴彦淖尔市,prefecture,current_code,
230181,黑龙江省,哈尔滨市,阿城市,38,historical_mapped,historical_crosswalk,85,230000,黑龙江省,230100,哈尔滨市,230112,阿城区,230100,哈尔滨市,prefecture,unique_canonical_name_under_mapped_parent,
441825,广东省,清远市,连山壮族瑶族自治县,38,current,current_code,100,440000,广东省,441800,清远市,441825,连山壮族瑶族自治县,441800,清远市,prefecture,current_code,
450402,广西壮族自治区,梧州市,白云区,38,ambiguous,historical_crosswalk,100,,,,,,,,,,cross_province_exact_name_requires_review,
612628,陕西省,延安地区,富县,38,historical_mapped,historical_crosswalk,90,610000,陕西省,610600,延安市,610628,富县,610600,延安市,prefecture,unique_exact_name_under_mapped_parent,
232329,黑龙江省,绥化地区,肇州县,37,ambiguous,historical_crosswalk,100,,,,,,,,,,historical_code_reused,230621
232603,黑龙江省,黑河地区,五大连池市,37,historical_mapped,historical_crosswalk,90,230000,黑龙江省,231100,黑河市,231182,五大连池市,231100,黑河市,prefecture,unique_exact_name_under_mapped_parent,
350982,福建省,宁德市,福鼎市,37,current,current_code,100,350000,福建省,350900,宁德市,350982,福鼎市,350900,宁德市,prefecture,current_code,
411228,河南省,三门峡市,,37,partial,current_parent_code,60,410000,河南省,411200,三门峡市,,,411200,三门峡市,prefecture,current_parent_code,
429003,湖北省,省直辖县级行政区划,枣阳市,37,historical_mapped,historical_crosswalk,90,420000,湖北省,420600,襄阳市,420683,枣阳市,420600,襄阳市,prefecture,unique_exact_name,
511402,四川省,眉山市,东坡区,37,current,current_code,100,510000,四川省,511400,眉山市,511402,东坡区,511400,眉山市,prefecture,current_code,
511702,四川省,达州市,通川区,37,current,current_code,100,510000,四川省,511700,达州市,511702,通川区,511700,达州市,prefecture,current_code,
532821,云南省,西双版纳傣族自治州,景洪县,37,historical_mapped,historical_crosswalk,85,530000,云南省,532800,西双版纳傣族自治州,532801,景洪市,532800,西双版纳傣族自治州,prefecture,unique_canonical_name_under_mapped_parent,
321301,江苏省,宿迁市,常熟市,36,historical_mapped,historical_crosswalk,90,320000,江苏省,320500,苏州市,320581,常熟市,320500,苏州市,prefecture,unique_exact_name,
342725,安徽省,徽州地区,黟县,36,historical_mapped,historical_crosswalk,90,340000,安徽省,341000,黄山市,341023,黟县,341000,黄山市,prefecture,unique_exact_name,
350981,福建省,宁德市,福安市,36,current,current_code,100,350000,福建省,350900,宁德市,350981,福安市,350900,宁德市,prefecture,current_code,
360825,江西省,吉安市,永丰县,36,current,current_code,100,360000,江西省,360800,吉安市,360825,永丰县,360800,吉安市,prefecture,current_code,
411626,河南省,周口市,淮阳县,36,historical_mapped,historical_crosswalk,85,410000,河南省,411600,周口市,411603,淮阳区,411600,周口市,prefecture,unique_canonical_name_under_mapped_parent,
445201,广东省,揭阳市,,36,partial,current_parent_code,60,440000,广东省,445200,揭阳市,,,445200,揭阳市,prefecture,current_parent_code,
,天津市,,,35,unresolved,none,0,,,,,,,,,,none,
142432,山西省,晋中地区,介休县,35,ambiguous,historical_crosswalk,100,,,,,,,,,,historical_code_reused,140781
442523,广东省,惠阳地区,和平县,35,historical_mapped,historical_crosswalk,90,440000,广东省,441600,河源市,441624,和平县,441600,河源市,prefecture,unique_exact_name,
460300,海南省,三沙市,,35,current,current_code,100,460000,海南省,460300,三沙市,,,460300,三沙市,prefecture,current_code,
520402,贵州省,安顺市,西秀区,35,current,current_code,100,520000,贵州省,520400,安顺市,520402,西秀区,520400,安顺市,prefecture,current_code,
140824,山西省,运城市,稷山县,34,current,current_code,100,140000,山西省,140800,运城市,140824,稷山县,140800,运城市,prefecture,current_code,
142127,山西省,雁北地区,山阴县,34,ambiguous,historical_crosswalk,100,,,,,,,,,,historical_code_reused,140621
150902,内蒙古自治区,乌兰察布市,集宁区,34,current,current_code,100,150000,内蒙古自治区,150900,乌兰察布市,150902,集宁区,150900,乌兰察布市,prefecture,current_code,
222124,吉林省,四平地区,东丰县,34,historical_mapped,historical_crosswalk,90,220000,吉林省,220400,辽源市,220421,东丰县,220400,辽源市,prefecture,unique_exact_name,
310117,上海市,上海市,松江区,34,current,current_code,100,310000,上海市,,,310117,松江区,310000,上海市,municipality,current_code,
350921,福建省,宁德市,霞浦县,34,current,current_code,100,350000,福建省,350900,宁德市,350921,霞浦县,350900,宁德市,prefecture,current_code,
361102,江西省,上饶市,信州区,34,current,current_code,100,360000,江西省,361100,上饶市,361102,信州区,361100,上饶市,prefecture,current_code,
612629,陕西省,延安地区,洛川县,34,historical_mapped,historical_crosswalk,90,610000,陕西省,610600,延安市,610629,洛川县,610600,延安市,prefecture,unique_exact_name_under_mapped_parent,
652626,新疆维吾尔自治区,阿勒泰地区,青河县,34,historical_mapped,historical_crosswalk,90,650000,新疆维吾尔自治区,654300,阿勒泰地区,654325,青河县,654300,阿勒泰地区,prefecture,unique_exact_name_under_mapped_parent,
130581,河北省,邢台市,南宫市,33,current,current_code,100,130000,河北省,130500,邢台市,130581,南宫市,130500,邢台市,prefecture,current_code,
430412,湖南省,衡阳市,南岳区,33,current,current_code,100,430000,湖南省,430400,衡阳市,430412,南岳区,430400,衡阳市,prefecture,current_code,
542523,西藏自治区,阿里地区,噶尔县,33,current,current_code,100,540000,西藏自治区,542500,阿里地区,542523,噶尔县,542500,阿里地区,prefecture,current_code,
140981,山西省,忻州市,原平市,32,current,current_code,100,140000,山西省,140900,忻州市,140981,原平市,140900,忻州市,prefecture,current_code,
141023,山西省,临汾市,襄汾县,32,current,current_code,100,140000,山西省,141000,临汾市,141023,襄汾县,141000,临汾市,prefecture,current_code,
150821,内蒙古自治区,巴彦淖尔市,五原县,32,current,current_code,100,150000,内蒙古自治区,150800,巴彦淖尔市,150821,五原县,150800,巴彦淖尔市,prefecture,current_code,
420100,湖北省,武汉市,,32,current,current_code,100,420000,湖北省,420100,武汉市,,,420100,武汉市,prefecture,current_code,
132441,河北省,保定地区,博野县,31,historical_mapped,historical_crosswalk,90,130000,河北省,130600,保定市,130637,博野县,130600,保定市,prefecture,unique_exact_name_under_mapped_parent,
140881,山西省,运城市,永济市,31,current,current_code,100,140000,山西省,140800,运城市,140881,永济市,140800,运城市,prefecture,current_code,
231222,黑龙江省,绥化市,兰西县,31,current,current_code,100,230000,黑龙江省,231200,绥化市,231222,兰西县,231200,绥化市,prefecture,current_code,
379006,山东省,山东省直辖县级行政区划,胶州市,31,ambiguous,historical_crosswalk,100,,,,,,,,,,historical_code_reused,370281
150627,内蒙古自治区,鄂尔多斯市,伊金霍洛旗,30,current,current_code,100,150000,内蒙古自治区,150600,鄂尔多斯市,150627,伊金霍洛旗,150600,鄂尔多斯市,prefecture,current_code,
212222,辽宁省,朝阳地区,建平县,30,historical_mapped,historical_crosswalk,90,210000,辽宁省,211300,朝阳市,211322,建平县,211300,朝阳市,prefecture,unique_exact_name_under_mapped_parent,
440226,广东省,韶关市,连县,30,partial,historical_crosswalk,70,440000,广东省,440200,韶关市,,,440200,韶关市,prefecture,mapped_parent_only,
440282,广东省,韶关市,南雄市,30,current,current_code,100,440000,广东省,440200,韶关市,440282,南雄市,440200,韶关市,prefecture,current_code,
441811,广东省,清远市,清郊区,30,partial,historical_crosswalk,70,440000,广东省,441800,清远市,,,441800,清远市,prefecture,mapped_parent_only,
530624,云南省,昭通市,大关县,30,current,current_code,100,530000,云南省,530600,昭通市,530624,大关县,530600,昭通市,prefecture,current_code,
150922,内蒙古自治区,乌兰察布市,化德县,29,current,current_code,100,150000,内蒙古自治区,150900,乌兰察布市,150922,化德县,150900,乌兰察布市,prefecture,current_code,
231282,黑龙江省,绥化市,肇东市,29,current,current_code,100,230000,黑龙江省,231200,绥化市,231282,肇东市,231200,绥化市,prefecture,current_code,
232723,黑龙江省,大兴安岭地区,漠河县,29,historical_mapped,historical_crosswalk,85,230000,黑龙江省,232700,大兴安岭地区,232701,漠河市,232700,大兴安岭地区,prefecture,unique_canonical_name_under_mapped_parent,
330109,浙江省,杭州市,萧山区,29,current,current_code,100,330000,浙江省,330100,杭州市,330109,萧山区,330100,杭州市,prefecture,current_code,
350304,福建省,莆田市,荔城区,29,current,current_code,100,350000,福建省,350300,莆田市,350304,荔城区,350300,莆田市,prefecture,current_code,
360821,江西省,吉安市,吉安县,29,current,current_code,100,360000,江西省,360800,吉安市,360821,吉安县,360800,吉安市,prefecture,current_code,
369001,江西省,,瑞昌市,29,historical_mapped,historical_crosswalk,90,360000,江西省,360400,九江市,360481,瑞昌市,360400,九江市,prefecture,unique_exact_name,
422227,湖北省,孝感地区,应城县,29,historical_mapped,historical_crosswalk,85,420000,湖北省,420900,孝感市,420981,应城市,420900,孝感市,prefecture,unique_canonical_name_under_mapped_parent,
511501,四川省,宜宾市,,29,partial,current_parent_code,60,510000,四川省,511500,宜宾市,,,511500,宜宾市,prefecture,current_parent_code,
612126,陕西省,渭南地区,潼关县,29,historical_mapped,historical_crosswalk,90,610000,陕西省,610500,渭南市,610522,潼关县,610500,渭南市,prefecture,unique_exact_name_under_mapped_parent,
110110,北京市,北京市,燕山区,28,unresolved,historical_crosswalk,0,,,,,,,,,,no_supported_successor,
140822,山西省,运城市,万荣县,28,current,current_code,100,140000,山西省,140800,运城市,140822,万荣县,140800,运城市,prefecture,current_code,
142722,山西省,运城地区,永济县,28,ambiguous,historical_crosswalk,100,,,,,,,,,,historical_code_reused,140881
210322,辽宁省,鞍山市,海城县,28,historical_mapped,historical_crosswalk,85,210000,辽宁省,210300,鞍山市,210381,海城市,210300,鞍山市,prefecture,unique_canonical_name_under_mapped_parent,
213021,辽宁省,,,28,unresolved,none,0,,,,,,,,,,none,
310116,上海市,上海市,金山区,28,current,current_code,100,310000,上海市,,,310116,金山区,310000,上海市,municipality,current_code,
322224,江苏省,淮阴地区,沭阳县,28,historical_mapped,historical_crosswalk,90,320000,江苏省,321300,宿迁市,321322,沭阳县,321300,宿迁市,prefecture,unique_exact_name,
341321,安徽省,宿州市,砀山县,28,current,current_code,100,340000,安徽省,341300,宿州市,341321,砀山县,341300,宿州市,prefecture,current_code,
342700,安徽省,徽州地区,,28,ambiguous,historical_crosswalk,100,,,,,,,,,,unique_canonical_name,341004
411025,河南省,许昌市,襄城县,28,current,current_code,100,410000,河南省,411000,许昌市,411025,襄城县,411000,许昌市,prefecture,current_code,
652427,新疆维吾尔自治区,伊犁哈萨克自治州,特克斯县,28,historical_mapped,historical_crosswalk,90,650000,新疆维吾尔自治区,654000,伊犁哈萨克自治州,654027,特克斯县,654000,伊犁哈萨克自治州,prefecture,unique_exact_name_under_mapped_parent,
150924,内蒙古自治区,乌兰察布市,兴和县,27,current,current_code,100,150000,内蒙古自治区,150900,乌兰察布市,150924,兴和县,150900,乌兰察布市,prefecture,current_code,
212223,辽宁省,朝阳地区,凌源县,27,historical_mapped,historical_crosswalk,85,210000,辽宁省,211300,朝阳市,211382,凌源市,211300,朝阳市,prefecture,unique_canonical_name_under_mapped_parent,
360923,江西省,宜春市,上高县,27,current,current_code,100,360000,江西省,360900,宜春市,360923,上高县,360900,宜春市,prefecture,current_code,
411723,河南省,驻马店市,平舆县,27,current,current_code,100,410000,河南省,411700,驻马店市,411723,平舆县,411700,驻马店市,prefecture,current_code,
440227,广东省,韶关市,阳山县,27,historical_mapped,historical_crosswalk,90,440000,广东省,441800,清远市,441823,阳山县,441800,清远市,prefecture,unique_exact_name,
450000,广西壮族自治区,,,27,current,current_code,100,450000,广西壮族自治区,,,,,,,,current_code,
632321,青海省,黄南藏族自治州,同仁县,27,historical_mapped,historical_crosswalk,85,630000,青海省,632300,黄南藏族自治州,632301,同仁市,632300,黄南藏族自治州,prefecture,unique_canonical_name_under_mapped_parent,
632721,青海省,玉树藏族自治州,玉树县,27,historical_mapped,historical_crosswalk,85,630000,青海省,632700,玉树藏族自治州,632701,玉树市,632700,玉树藏族自治州,prefecture,unique_canonical_name_under_mapped_parent,
142626,山西省,临汾地区,霍县,26,ambiguous,historical_crosswalk,100,,,,,,,,,,historical_code_reused,
150981,内蒙古自治区,乌兰察布市,丰镇市,26,current,current_code,100,150000,内蒙古自治区,150900,乌兰察布市,150981,丰镇市,150900,乌兰察布市,prefecture,current_code,
222121,吉林省,四平地区,怀德县,26,partial,historical_crosswalk,70,220000,吉林省,220300,四平市,,,220300,四平市,prefecture,mapped_parent_only,
342828,安徽省,安庆地区,岳西县,26,historical_mapped,historical_crosswalk,90,340000,安徽省,340800,安庆市,340828,岳西县,340800,安庆市,prefecture,unique_exact_name_under_mapped_parent,
350925,福建省,宁德市,周宁县,26,current,current_code,100,350000,福建省,350900,宁德市,350925,周宁县,350900,宁德市,prefecture,current_code,
371621,山东省,滨州市,惠民县,26,current,current_code,100,370000,山东省,371600,滨州市,371621,惠民县,371600,滨州市,prefecture,current_code,
422400,湖北省,荆州地区,,26,historical_mapped,historical_crosswalk,85,420000,湖北省,421000,荆州市,,,421000,荆州市,prefecture,unique_canonical_name_under_mapped_parent,
422921,湖北省,湖北省直辖县级行政区划,神农架林区,26,historical_mapped,historical_crosswalk,90,420000,湖北省,,,429021,神农架林区,429021,神农架林区,province_direct_county,unique_exact_name,
632322,青海省,黄南藏族自治州,尖扎县,26,current,current_code,100,630000,青海省,632300,黄南藏族自治州,632322,尖扎县,632300,黄南藏族自治州,prefecture,current_code,
213029,辽宁省,,,25,unresolved,none,0,,,,,,,,,,none,
322229,江苏省,淮阴地区,淮安县,25,ambiguous,historical_crosswalk,100,,,,,,,,,,multiple_canonical_name_targets,320800;320803
350902,福建省,宁德市,蕉城区,25,current,current_code,100,350000,福建省,350900,宁德市,350902,蕉城区,350900,宁德市,prefecture,current_code,
419004,河南省,省直辖县级行政区划,禹州市,25,historical_mapped,historical_crosswalk,90,410000,河南省,411000,许昌市,411081,禹州市,411000,许昌市,prefecture,unique_exact_name,
440500,广东省,汕头市,,25,current,current_code,100,440000,广东省,440500,汕头市,,,440500,汕头市,prefecture,current_code,
530625,云南省,昭通市,永善县,25,current,current_code,100,530000,云南省,530600,昭通市,530625,永善县,530600,昭通市,prefecture,current_code,
533101,云南省,德宏傣族景颇族自治州,畹町市,25,partial,historical_crosswalk,70,530000,云南省,533100,德宏傣族景颇族自治州,,,533100,德宏傣族景颇族自治州,prefecture,mapped_parent_only,
640422,宁夏回族自治区,固原市,西吉县,25,current,current_code,100,640000,宁夏回族自治区,640400,固原市,640422,西吉县,640400,固原市,prefecture,current_code,
652426,新疆维吾尔自治区,伊犁哈萨克自治州,昭苏县,25,historical_mapped,historical_crosswalk,90,650000,新疆维吾尔自治区,654000,伊犁哈萨克自治州,654026,昭苏县,654000,伊犁哈萨克自治州,prefecture,unique_exact_name_under_mapped_parent,
659004,新疆维吾尔自治区,自治区直辖县级行政区划,五家渠市,25,current,current_code,100,650000,新疆维吾尔自治区,,,659004,五家渠市,659004,五家渠市,province_direct_county,current_code,
141031,山西省,临汾市,隰县,24,current,current_code,100,140000,山西省,141000,临汾市,141031,隰县,141000,临汾市,prefecture,current_code,
212227,辽宁省,朝阳地区,,24,unresolved,none,0,,,,,,,,,,none,
222228,吉林省,通化地区,长白朝鲜族自治县,24,historical_mapped,historical_crosswalk,90,220000,吉林省,220600,白山市,220623,长白朝鲜族自治县,220600,白山市,prefecture,unique_exact_name,
222322,吉林省,白城地区,洮安县,24,partial,historical_crosswalk,70,220000,吉林省,220800,白城市,,,220800,白城市,prefecture,mapped_parent_only,
231224,黑龙江省,绥化市,庆安县,24,current,current_code,100,230000,黑龙江省,231200,绥化市,231224,庆安县,231200,绥化市,prefecture,current_code,
360322,江西省,萍乡市,上栗县,24,current,current_code,100,360000,江西省,360300,萍乡市,360322,上栗县,360300,萍乡市,prefecture,current_code,
360922,江西省,宜春市,万载县,24,current,current_code,100,360000,江西省,360900,宜春市,360922,万载县,360900,宜春市,prefecture,current_code,
361002,江西省,抚州市,临川区,24,current,current_code,100,360000,江西省,361000,抚州市,361002,临川区,361000,抚州市,prefecture,current_code,
410722,河南省,新乡市,汲县,24,partial,historical_crosswalk,70,410000,河南省,410700,新乡市,,,410700,新乡市,prefecture,mapped_parent_only,
421101,湖北省,黄冈市,,24,partial,current_parent_code,60,420000,湖北省,421100,黄冈市,,,421100,黄冈市,prefecture,current_parent_code,
530622,云南省,昭通市,巧家县,24,current,current_code,100,530000,云南省,530600,昭通市,530622,巧家县,530600,昭通市,prefecture,current_code,
530824,云南省,普洱市,景谷傣族彝族自治县,24,current,current_code,100,530000,云南省,530800,普洱市,530824,景谷傣族彝族自治县,530800,普洱市,prefecture,current_code,
612623,陕西省,延安地区,子长县,24,historical_mapped,historical_crosswalk,85,610000,陕西省,610600,延安市,610681,子长市,610600,延安市,prefecture,unique_canonical_name_under_mapped_parent,
150923,内蒙古自治区,乌兰察布市,商都县,23,current,current_code,100,150000,内蒙古自治区,150900,乌兰察布市,150923,商都县,150900,乌兰察布市,prefecture,current_code,
212324,辽宁省,,,23,unresolved,none,0,,,,,,,,,,none,
213221,辽宁省,,,23,unresolved,none,0,,,,,,,,,,none,
222123,吉林省,四平地区,伊通县,23,partial,historical_crosswalk,70,220000,吉林省,220300,四平市,,,220300,四平市,prefecture,mapped_parent_only,
222126,吉林省,四平地区,,23,unresolved,none,0,,,,,,,,,,none,
222128,吉林省,四平地区,,23,unresolved,none,0,,,,,,,,,,none,
330181,浙江省,杭州市,萧山市,23,historical_mapped,historical_crosswalk,85,330000,浙江省,330100,杭州市,330109,萧山区,330100,杭州市,prefecture,unique_canonical_name_under_mapped_parent,
330703,浙江省,金华市,金东区,23,current,current_code,100,330000,浙江省,330700,金华市,330703,金东区,330700,金华市,prefecture,current_code,
350924,福建省,宁德市,寿宁县,23,current,current_code,100,350000,福建省,350900,宁德市,350924,寿宁县,350900,宁德市,prefecture,current_code,
360802,江西省,吉安市,吉州区,23,current,current_code,100,360000,江西省,360800,吉安市,360802,吉州区,360800,吉安市,prefecture,current_code,
432428,湖南省,常德地区,慈利县,23,historical_mapped,historical_crosswalk,90,430000,湖南省,430800,张家界市,430821,慈利县,430800,张家界市,prefecture,unique_exact_name,
530602,云南省,昭通市,昭阳区,23,current,current_code,100,530000,云南省,530600,昭通市,530602,昭阳区,530600,昭通市,prefecture,current_code,
621226,甘肃省,陇南市,礼县,23,current,current_code,100,620000,甘肃省,621200,陇南市,621226,礼县,621200,陇南市,prefecture,current_code,
640106,宁夏回族自治区,银川市,金凤区,23,current,current_code,100,640000,宁夏回族自治区,640100,银川市,640106,金凤区,640100,银川市,prefecture,current_code,
653001,新疆维吾尔自治区,克孜勒苏柯尔克孜自治州,阿图什市,23,current,current_code,100,650000,新疆维吾尔自治区,653000,克孜勒苏柯尔克孜自治州,653001,阿图什市,653000,克孜勒苏柯尔克孜自治州,prefecture,current_code,
211227,辽宁省,铁岭市,,22,partial,current_parent_code,60,210000,辽宁省,211200,铁岭市,,,211200,铁岭市,prefecture,current_parent_code,
320116,江苏省,南京市,六合区,22,current,current_code,100,320000,江苏省,320100,南京市,320116,六合区,320100,南京市,prefecture,current_code,
542623,西藏自治区,林芝地区,米林县,22,historical_mapped,historical_crosswalk,85,540000,西藏自治区,540400,林芝市,540481,米林市,540400,林芝市,prefecture,unique_canonical_name_under_mapped_parent,
612622,陕西省,延安地区,延川县,22,historical_mapped,historical_crosswalk,90,610000,陕西省,610600,延安市,610622,延川县,610600,延安市,prefecture,unique_exact_name_under_mapped_parent,
,四川省,内江市,资中县,21,unresolved,none,0,,,,,,,,,,none,
141022,山西省,临汾市,翼城县,21,current,current_code,100,140000,山西省,141000,临汾市,141022,翼城县,141000,临汾市,prefecture,current_code,
150622,内蒙古自治区,鄂尔多斯市,准格尔旗,21,current,current_code,100,150000,内蒙古自治区,150600,鄂尔多斯市,150622,准格尔旗,150600,鄂尔多斯市,prefecture,current_code,
212322,辽宁省,,,21,unresolved,none,0,,,,,,,,,,none,
230831,黑龙江省,佳木斯市,同江县,21,historical_mapped,historical_crosswalk,85,230000,黑龙江省,230800,佳木斯市,230881,同江市,230800,佳木斯市,prefecture,unique_canonical_name_under_mapped_parent,
322124,江苏省,徐州地区,睢宁县,21,historical_mapped,historical_crosswalk,90,320000,江苏省,320300,徐州市,320324,睢宁县,320300,徐州市,prefecture,unique_exact_name_under_mapped_parent,
411103,河南省,漯河市,郾城区,21,current,current_code,100,410000,河南省,411100,漯河市,411103,郾城区,411100,漯河市,prefecture,current_code,
411622,河南省,周口市,西华县,21,current,current_code,100,410000,河南省,411600,周口市,411622,西华县,411600,周口市,prefecture,current_code,
430222,湖南省,株洲市,醴陵县,21,historical_mapped,historical_crosswalk,85,430000,湖南省,430200,株洲市,430281,醴陵市,430200,株洲市,prefecture,unique_canonical_name_under_mapped_parent,
430625,湖南省,岳阳市,,21,partial,current_parent_code,60,430000,湖南省,430600,岳阳市,,,430600,岳阳市,prefecture,current_parent_code,
440128,广东省,广州市,佛冈县,21,historical_mapped,historical_crosswalk,90,440000,广东省,441800,清远市,441821,佛冈县,441800,清远市,prefecture,unique_exact_name,
632621,青海省,果洛藏族自治州,玛沁县,21,current,current_code,100,630000,青海省,632600,果洛藏族自治州,632621,玛沁县,632600,果洛藏族自治州,prefecture,current_code,
150502,内蒙古自治区,通辽市,科尔沁区,20,current,current_code,100,150000,内蒙古自治区,150500,通辽市,150502,科尔沁区,150500,通辽市,prefecture,current_code,
150625,内蒙古自治区,鄂尔多斯市,杭锦旗,20,current,current_code,100,150000,内蒙古自治区,150600,鄂尔多斯市,150625,杭锦旗,150600,鄂尔多斯市,prefecture,current_code,
213030,辽宁省,,,20,unresolved,none,0,,,,,,,,,,none,
222127,吉林省,四平地区,,20,unresolved,none,0,,,,,,,,,,none,
222222,吉林省,通化地区,通化县,20,historical_mapped,historical_crosswalk,90,220000,吉林省,220500,通化市,220521,通化县,220500,通化市,prefecture,unique_exact_name_under_mapped_parent,
222227,吉林省,通化地区,靖宇县,20,historical_mapped,historical_crosswalk,90,220000,吉林省,220600,白山市,220622,靖宇县,220600,白山市,prefecture,unique_exact_name,
231283,黑龙江省,绥化市,海伦市,20,current,current_code,100,230000,黑龙江省,231200,绥化市,231283,海伦市,231200,绥化市,prefecture,current_code,
411104,河南省,漯河市,召陵区,20,current,current_code,100,410000,河南省,411100,漯河市,411104,召陵区,411100,漯河市,prefecture,current_code,
420924,湖北省,孝感市,汉川县,20,historical_mapped,historical_crosswalk,85,420000,湖北省,420900,孝感市,420984,汉川市,420900,孝感市,prefecture,unique_canonical_name_under_mapped_parent,
440123,广东省,广州市,新丰县,20,historical_mapped,historical_crosswalk,90,440000,广东省,440200,韶关市,440233,新丰县,440200,韶关市,prefecture,unique_exact_name,
440510,广东省,汕头市,河浦区,20,partial,historical_crosswalk,70,440000,广东省,440500,汕头市,,,440500,汕头市,prefecture,mapped_parent_only,
511101,四川省,乐山市,,20,partial,current_parent_code,60,510000,四川省,511100,乐山市,,,511100,乐山市,prefecture,current_parent_code,
542122,西藏自治区,昌都地区,江达县,20,historical_mapped,historical_crosswalk,90,540000,西藏自治区,540300,昌都市,540321,江达县,540300,昌都市,prefecture,unique_exact_name_under_mapped_parent,
542321,西藏自治区,日喀则地区,日喀则县,20,partial,historical_crosswalk,85,540000,西藏自治区,540200,日喀则市,,,540200,日喀则市,prefecture,unique_canonical_name_under_mapped_parent,
612626,陕西省,延安地区,吴旗县,20,partial,historical_crosswalk,70,610000,陕西省,610600,延安市,,,610600,延安市,prefecture,mapped_parent_only,
622125,甘肃省,酒泉地区,阿克塞哈萨克族自治县,20,historical_mapped,historical_crosswalk,90,620000,甘肃省,620900,酒泉市,620924,阿克塞哈萨克族自治县,620900,酒泉市,prefecture,unique_exact_name_under_mapped_parent,
140726,山西省,晋中市,太谷县,19,historical_mapped,historical_crosswalk,85,140000,山西省,140700,晋中市,140703,太谷区,140700,晋中市,prefecture,unique_canonical_name_under_mapped_parent,
212232,辽宁省,朝阳地区,,19,unresolved,none,0,,,,,,,,,,none,
213222,辽宁省,,,19,unresolved,none,0,,,,,,,,,,none,
360827,江西省,吉安市,遂川县,19,current,current_code,100,360000,江西省,360800,吉安市,360827,遂川县,360800,吉安市,prefecture,current_code,
422401,湖北省,荆州地区,仙桃市,19,ambiguous,historical_crosswalk,100,,,,,,,,,,historical_code_reused,429004
429002,湖北省,省直辖县级行政区划,老河口市,19,historical_mapped,historical_crosswalk,90,420000,湖北省,420600,襄阳市,420682,老河口市,420600,襄阳市,prefecture,unique_exact_name,
441801,广东省,清远市,,19,partial,current_parent_code,60,440000,广东省,441800,清远市,,,441800,清远市,prefecture,current_parent_code,
530621,云南省,昭通市,鲁甸县,19,current,current_code,100,530000,云南省,530600,昭通市,530621,鲁甸县,530600,昭通市,prefecture,current_code,
530802,云南省,普洱市,思茅区,19,current,current_code,100,530000,云南省,530800,普洱市,530802,思茅区,530800,普洱市,prefecture,current_code,
652424,新疆维吾尔自治区,伊犁哈萨克自治州,巩留县,19,historical_mapped,historical_crosswalk,90,650000,新疆维吾尔自治区,654000,伊犁哈萨克自治州,654024,巩留县,654000,伊犁哈萨克自治州,prefecture,unique_exact_name_under_mapped_parent,
652527,新疆维吾尔自治区,塔城地区,和布克赛尔蒙古自治县,19,historical_mapped,historical_crosswalk,90,650000,新疆维吾尔自治区,654200,塔城地区,654226,和布克赛尔蒙古自治县,654200,塔城地区,prefecture,unique_exact_name_under_mapped_parent,
652800,新疆维吾尔自治区,巴音郭楞蒙古自治州,,19,current,current_code,100,650000,新疆维吾尔自治区,652800,巴音郭楞蒙古自治州,,,652800,巴音郭楞蒙古自治州,prefecture,current_code,
654003,新疆维吾尔自治区,伊犁哈萨克自治州,奎屯市,19,current,current_code,100,650000,新疆维吾尔自治区,654000,伊犁哈萨克自治州,654003,奎屯市,654000,伊犁哈萨克自治州,prefecture,current_code,
141129,山西省,吕梁市,中阳县,18,current,current_code,100,140000,山西省,141100,吕梁市,141129,中阳县,141100,吕梁市,prefecture,current_code,
222122,吉林省,四平地区,梨树县,18,historical_mapped,historical_crosswalk,90,220000,吉林省,220300,四平市,220322,梨树县,220300,四平市,prefecture,unique_exact_name_under_mapped_parent,
222722,吉林省,,,18,unresolved,none,0,,,,,,,,,,none,
330803,浙江省,衢州市,衢江区,18,current,current_code,100,330000,浙江省,330800,衢州市,330803,衢江区,330800,衢州市,prefecture,current_code,
340101,安徽省,合肥市,,18,partial,current_parent_code,60,340000,安徽省,340100,合肥市,,,340100,合肥市,prefecture,current_parent_code,
342527,安徽省,宣城地区,南陵县,18,historical_mapped,historical_crosswalk,90,340000,安徽省,340200,芜湖市,340223,南陵县,340200,芜湖市,prefecture,unique_exact_name,
411226,河南省,三门峡市,,18,partial,current_parent_code,60,410000,河南省,411200,三门峡市,,,411200,三门峡市,prefecture,current_parent_code,
440305,广东省,深圳市,南山区,18,current,current_code,100,440000,广东省,440300,深圳市,440305,南山区,440300,深圳市,prefecture,current_code,
442524,广东省,惠阳地区,连平县,18,historical_mapped,historical_crosswalk,90,440000,广东省,441600,河源市,441623,连平县,441600,河源市,prefecture,unique_exact_name,
452821,广西壮族自治区,钦州地区,上思县,18,historical_mapped,historical_crosswalk,90,450000,广西壮族自治区,450600,防城港市,450621,上思县,450600,防城港市,prefecture,unique_exact_name,
530623,云南省,昭通市,盐津县,18,current,current_code,100,530000,云南省,530600,昭通市,530623,盐津县,530600,昭通市,prefecture,current_code,
542626,西藏自治区,林芝地区,察隅县,18,historical_mapped,historical_crosswalk,90,540000,西藏自治区,540400,林芝市,540425,察隅县,540400,林芝市,prefecture,unique_exact_name_under_mapped_parent,
632525,青海省,海南藏族自治州,贵南县,18,current,current_code,100,630000,青海省,632500,海南藏族自治州,632525,贵南县,632500,海南藏族自治州,prefecture,current_code,
640521,宁夏回族自治区,中卫市,中宁县,18,current,current_code,100,640000,宁夏回族自治区,640500,中卫市,640521,中宁县,640500,中卫市,prefecture,current_code,
654002,新疆维吾尔自治区,伊犁哈萨克自治州,伊宁市,18,current,current_code,100,650000,新疆维吾尔自治区,654000,伊犁哈萨克自治州,654002,伊宁市,654000,伊犁哈萨克自治州,prefecture,current_code,
140830,山西省,运城市,芮城县,17,current,current_code,100,140000,山西省,140800,运城市,140830,芮城县,140800,运城市,prefecture,current_code,
141021,山西省,临汾市,曲沃县,17,current,current_code,100,140000,山西省,141000,临汾市,141021,曲沃县,141000,临汾市,prefecture,current_code,
141081,山西省,临汾市,侯马市,17,current,current_code,100,140000,山西省,141000,临汾市,141081,侯马市,141000,临汾市,prefecture,current_code,
141123,山西省,吕梁市,兴县,17,current,current_code,100,140000,山西省,141100,吕梁市,141123,兴县,141100,吕梁市,prefecture,current_code,
150824,内蒙古自治区,巴彦淖尔市,乌拉特中旗,17,current,current_code,100,150000,内蒙古自治区,150800,巴彦淖尔市,150824,乌拉特中旗,150800,巴彦淖尔市,prefecture,current_code,
213023,辽宁省,,,17,unresolved,none,0,,,,,,,,,,none,
220624,吉林省,白山市,临江县,17,historical_mapped,historical_crosswalk,85,220000,吉林省,220600,白山市,220681,临江市,220600,白山市,prefecture,unique_canonical_name_under_mapped_parent,
222428,吉林省,延边朝鲜族自治州,,17,partial,current_parent_code,60,220000,吉林省,222400,延边朝鲜族自治州,,,222400,延边朝鲜族自治州,prefecture,current_parent_code,
411623,河南省,周口市,商水县,17,current,current_code,100,410000,河南省,411600,周口市,411623,商水县,411600,周口市,prefecture,current_code,
411729,河南省,驻马店市,新蔡县,17,current,current_code,100,410000,河南省,411700,驻马店市,411729,新蔡县,411700,驻马店市,prefecture,current_code,
433129,湖南省,湘西土家族苗族自治州,桑植县,17,historical_mapped,historical_crosswalk,90,430000,湖南省,430800,张家界市,430822,桑植县,430800,张家界市,prefecture,unique_exact_name,
469003,海南省,省直辖县级行政区划,儋州市,17,partial,historical_crosswalk,90,460000,海南省,460400,儋州市,,,460400,儋州市,prefecture,unique_exact_name,
510115,四川省,成都市,温江区,17,current,current_code,100,510000,四川省,510100,成都市,510115,温江区,510100,成都市,prefecture,current_code,
511001,四川省,内江市,,17,partial,current_parent_code,60,510000,四川省,511000,内江市,,,511000,内江市,prefecture,current_parent_code,
530502,云南省,保山市,隆阳区,17,current,current_code,100,530000,云南省,530500,保山市,530502,隆阳区,530500,保山市,prefecture,current_code,
632223,青海省,海北藏族自治州,海晏县,17,current,current_code,100,630000,青海省,632200,海北藏族自治州,632223,海晏县,632200,海北藏族自治州,prefecture,current_code,
632625,青海省,果洛藏族自治州,久治县,17,current,current_code,100,630000,青海省,632600,果洛藏族自治州,632625,久治县,632600,果洛藏族自治州,prefecture,current_code,
130108,河北省,石家庄市,裕华区,16,current,current_code,100,130000,河北省,130100,石家庄市,130108,裕华区,130100,石家庄市,prefecture,current_code,
140882,山西省,运城市,河津市,16,current,current_code,100,140000,山西省,140800,运城市,140882,河津市,140800,运城市,prefecture,current_code,
140932,山西省,忻州市,偏关县,16,current,current_code,100,140000,山西省,140900,忻州市,140932,偏关县,140900,忻州市,prefecture,current_code,
150925,内蒙古自治区,乌兰察布市,凉城县,16,current,current_code,100,150000,内蒙古自治区,150900,乌兰察布市,150925,凉城县,150900,乌兰察布市,prefecture,current_code,
322203,江苏省,淮阴地区,,16,unresolved,none,0,,,,,,,,,,none,
340206,安徽省,芜湖市,四褐山区,16,partial,historical_crosswalk,70,340000,安徽省,340200,芜湖市,,,340200,芜湖市,prefecture,mapped_parent_only,
341702,安徽省,池州市,贵池区,16,current,current_code,100,340000,安徽省,341700,池州市,341702,贵池区,341700,池州市,prefecture,current_code,
342231,安徽省,宿县地区,,16,unresolved,none,0,,,,,,,,,,none,
342728,安徽省,徽州地区,石台县,16,historical_mapped,historical_crosswalk,90,340000,安徽省,341700,池州市,341722,石台县,341700,池州市,prefecture,unique_exact_name,
361024,江西省,抚州市,崇仁县,16,current,current_code,100,360000,江西省,361000,抚州市,361024,崇仁县,361000,抚州市,prefecture,current_code,
411621,河南省,周口市,扶沟县,16,current,current_code,100,410000,河南省,411600,周口市,411621,扶沟县,411600,周口市,prefecture,current_code,
510101,四川省,成都市,,16,partial,current_parent_code,60,510000,四川省,510100,成都市,,,510100,成都市,prefecture,current_parent_code,
533126,云南省,德宏傣族景颇族自治州,畹町镇,16,partial,historical_crosswalk,70,530000,云南省,533100,德宏傣族景颇族自治州,,,533100,德宏傣族景颇族自治州,prefecture,mapped_parent_only,
659002,新疆维吾尔自治区,自治区直辖县级行政区划,阿拉尔市,16,current,current_code,100,650000,新疆维吾尔自治区,,,659002,阿拉尔市,659002,阿拉尔市,province_direct_county,current_code,
140931,山西省,忻州市,保德县,15,current,current_code,100,140000,山西省,140900,忻州市,140931,保德县,140900,忻州市,prefecture,current_code,
150526,内蒙古自治区,通辽市,扎鲁特旗,15,current,current_code,100,150000,内蒙古自治区,150500,通辽市,150526,扎鲁特旗,150500,通辽市,prefecture,current_code,
150702,内蒙古自治区,呼伦贝尔市,海拉尔区,15,current,current_code,100,150000,内蒙古自治区,150700,呼伦贝尔市,150702,海拉尔区,150700,呼伦贝尔市,prefecture,current_code,
150928,内蒙古自治区,乌兰察布市,察哈尔右翼后旗,15,current,current_code,100,150000,内蒙古自治区,150900,乌兰察布市,150928,察哈尔右翼后旗,150900,乌兰察布市,prefecture,current_code,
150929,内蒙古自治区,乌兰察布市,四子王旗,15,current,current_code,100,150000,内蒙古自治区,150900,乌兰察布市,150929,四子王旗,150900,乌兰察布市,prefecture,current_code,
210823,辽宁省,营口市,大洼县,15,historical_mapped,historical_crosswalk,85,210000,辽宁省,211100,盘锦市,211104,大洼区,211100,盘锦市,prefecture,unique_canonical_name,
542625,西藏自治区,林芝地区,波密县,15,historical_mapped,historical_crosswalk,90,540000,西藏自治区,540400,林芝市,540424,波密县,540400,林芝市,prefecture,unique_exact_name_under_mapped_parent,
612631,陕西省,延安地区,黄龙县,15,historical_mapped,historical_crosswalk,90,610000,陕西省,610600,延安市,610631,黄龙县,610600,延安市,prefecture,unique_exact_name_under_mapped_parent,
621225,甘肃省,陇南市,西和县,15,current,current_code,100,620000,甘肃省,621200,陇南市,621225,西和县,621200,陇南市,prefecture,current_code,
632224,青海省,海北藏族自治州,刚察县,15,current,current_code,100,630000,青海省,632200,海北藏族自治州,632224,刚察县,632200,海北藏族自治州,prefecture,current_code,
632800,青海省,海西蒙古族藏族自治州,,15,current,current_code,100,630000,青海省,632800,海西蒙古族藏族自治州,,,632800,海西蒙古族藏族自治州,prefecture,current_code,
640502,宁夏回族自治区,中卫市,沙坡头区,15,current,current_code,100,640000,宁夏回族自治区,640500,中卫市,640502,沙坡头区,640500,中卫市,prefecture,current_code,
654028,新疆维吾尔自治区,伊犁哈萨克自治州,尼勒克县,15,current,current_code,100,650000,新疆维吾尔自治区,654000,伊犁哈萨克自治州,654028,尼勒克县,654000,伊犁哈萨克自治州,prefecture,current_code,
140825,山西省,运城市,新绛县,14,current,current_code,100,140000,山西省,140800,运城市,140825,新绛县,140800,运城市,prefecture,current_code,
140925,山西省,忻州市,宁武县,14,current,current_code,100,140000,山西省,140900,忻州市,140925,宁武县,140900,忻州市,prefecture,current_code,
150783,内蒙古自治区,呼伦贝尔市,扎兰屯市,14,current,current_code,100,150000,内蒙古自治区,150700,呼伦贝尔市,150783,扎兰屯市,150700,呼伦贝尔市,prefecture,current_code,
150926,内蒙古自治区,乌兰察布市,察哈尔右翼前旗,14,current,current_code,100,150000,内蒙古自治区,150900,乌兰察布市,150926,察哈尔右翼前旗,150900,乌兰察布市,prefecture,current_code,
322222,江苏省,淮阴地区,灌云县,14,historical_mapped,historical_crosswalk,90,320000,江苏省,320700,连云港市,320723,灌云县,320700,连云港市,prefecture,unique_exact_name,
360828,江西省,吉安市,万安县,14,current,current_code,100,360000,江西省,360800,吉安市,360828,万安县,360800,吉安市,prefecture,current_code,
361124,江西省,上饶市,铅山县,14,current,current_code,100,360000,江西省,361100,上饶市,361124,铅山县,361100,上饶市,prefecture,current_code,
362231,江西省,宜春地区,安义县,14,ambiguous,historical_crosswalk,100,,,,,,,,,,historical_code_reused,360123
362433,江西省,吉安地区,井冈山县,14,historical_mapped,historical_crosswalk,85,360000,江西省,360800,吉安市,360881,井冈山市,360800,吉安市,prefecture,unique_canonical_name,
411724,河南省,驻马店市,正阳县,14,current,current_code,100,410000,河南省,411700,驻马店市,411724,正阳县,411700,驻马店市,prefecture,current_code,
411726,河南省,驻马店市,泌阳县,14,current,current_code,100,410000,河南省,411700,驻马店市,411726,泌阳县,411700,驻马店市,prefecture,current_code,
422728,湖北省,宜昌地区,长阳土家族自治县,14,ambiguous,historical_crosswalk,100,,,,,,,,,,historical_code_reused,420528
430228,湖南省,株洲市,,14,partial,current_parent_code,60,430000,湖南省,430200,株洲市,,,430200,株洲市,prefecture,current_parent_code,
440231,广东省,韶关市,连南瑶族自治县,14,historical_mapped,historical_crosswalk,90,440000,广东省,441800,清远市,441826,连南瑶族自治县,441800,清远市,prefecture,unique_exact_name,
520423,贵州省,安顺市,镇宁布依族苗族自治县,14,current,current_code,100,520000,贵州省,520400,安顺市,520423,镇宁布依族苗族自治县,520400,安顺市,prefecture,current_code,
522201,贵州省,铜仁地区,铜仁市,14,partial,historical_crosswalk,90,520000,贵州省,520600,铜仁市,,,520600,铜仁市,prefecture,unique_exact_name_under_mapped_parent,
621222,甘肃省,陇南市,文县,14,current,current_code,100,620000,甘肃省,621200,陇南市,621222,文县,621200,陇南市,prefecture,current_code,
622122,甘肃省,酒泉地区,敦煌县,14,historical_mapped,historical_crosswalk,85,620000,甘肃省,620900,酒泉市,620982,敦煌市,620900,酒泉市,prefecture,unique_canonical_name_under_mapped_parent,
654023,新疆维吾尔自治区,伊犁哈萨克自治州,霍城县,14,current,current_code,100,650000,新疆维吾尔自治区,654000,伊犁哈萨克自治州,654023,霍城县,654000,伊犁哈萨克自治州,prefecture,current_code,
,四川省,内江市,隆昌县,13,unresolved,none,0,,,,,,,,,,none,
140922,山西省,忻州市,五台县,13,current,current_code,100,140000,山西省,140900,忻州市,140922,五台县,140900,忻州市,prefecture,current_code,
141030,山西省,临汾市,大宁县,13,current,current_code,100,140000,山西省,141000,临汾市,141030,大宁县,141000,临汾市,prefecture,current_code,
142129,山西省,雁北地区,平鲁县,13,ambiguous,historical_crosswalk,100,,,,,,,,,,historical_code_reused,140603
150521,内蒙古自治区,通辽市,科尔沁左翼中旗,13,current,current_code,100,150000,内蒙古自治区,150500,通辽市,150521,科尔沁左翼中旗,150500,通辽市,prefecture,current_code,
150522,内蒙古自治区,通辽市,科尔沁左翼后旗,13,current,current_code,100,150000,内蒙古自治区,150500,通辽市,150522,科尔沁左翼后旗,150500,通辽市,prefecture,current_code,
150624,内蒙古自治区,鄂尔多斯市,鄂托克旗,13,current,current_code,100,150000,内蒙古自治区,150600,鄂尔多斯市,150624,鄂托克旗,150600,鄂尔多斯市,prefecture,current_code,
212231,辽宁省,朝阳地区,,13,unresolved,none,0,,,,,,,,,,none,
220520,吉林省,通化市,,13,partial,current_parent_code,60,220000,吉林省,220500,通化市,,,220500,通化市,prefecture,current_parent_code,
222226,吉林省,通化地区,抚松县,13,historical_mapped,historical_crosswalk,90,220000,吉林省,220600,白山市,220621,抚松县,220600,白山市,prefecture,unique_exact_name,
222627,吉林省,永吉地区,,13,unresolved,none,0,,,,,,,,,,none,
230781,黑龙江省,伊春市,铁力市,13,current,current_code,100,230000,黑龙江省,230700,伊春市,230781,铁力市,230700,伊春市,prefecture,current_code,
232124,黑龙江省,松花江地区,双城县,13,ambiguous,historical_crosswalk,100,,,,,,,,,,historical_code_reused,230113
320424,江苏省,常州市,,13,partial,current_parent_code,60,320000,江苏省,320400,常州市,,,320400,常州市,prefecture,current_parent_code,
320628,江苏省,南通市,,13,partial,current_parent_code,60,320000,江苏省,320600,南通市,,,320600,南通市,prefecture,current_parent_code,
331121,浙江省,丽水市,青田县,13,current,current_code,100,330000,浙江省,331100,丽水市,331121,青田县,331100,丽水市,prefecture,current_code,
331125,浙江省,丽水市,云和县,13,current,current_code,100,330000,浙江省,331100,丽水市,331125,云和县,331100,丽水市,prefecture,current_code,
350504,福建省,泉州市,洛江区,13,current,current_code,100,350000,福建省,350500,泉州市,350504,洛江区,350500,泉州市,prefecture,current_code,
410404,河南省,平顶山市,石龙区,13,current,current_code,100,410000,河南省,410400,平顶山市,410404,石龙区,410400,平顶山市,prefecture,current_code,
410424,河南省,平顶山市,临汝县,13,partial,historical_crosswalk,70,410000,河南省,410400,平顶山市,,,410400,平顶山市,prefecture,mapped_parent_only,
421021,湖北省,荆州市,,13,partial,current_parent_code,60,420000,湖北省,421000,荆州市,,,421000,荆州市,prefecture,current_parent_code,
440501,广东省,汕头市,,13,partial,current_parent_code,60,440000,广东省,440500,汕头市,,,440500,汕头市,prefecture,current_parent_code,
520425,贵州省,安顺市,紫云苗族布依族自治县,13,current,current_code,100,520000,贵州省,520400,安顺市,520425,紫云苗族布依族自治县,520400,安顺市,prefecture,current_code,
522301,贵州省,黔西南布依族苗族自治州,兴义市,13,current,current_code,100,520000,贵州省,522300,黔西南布依族苗族自治州,522301,兴义市,522300,黔西南布依族苗族自治州,prefecture,current_code,
542129,西藏自治区,昌都地区,芒康县,13,historical_mapped,historical_crosswalk,90,540000,西藏自治区,540300,昌都市,540328,芒康县,540300,昌都市,prefecture,unique_exact_name_under_mapped_parent,
621223,甘肃省,陇南市,宕昌县,13,current,current_code,100,620000,甘肃省,621200,陇南市,621223,宕昌县,621200,陇南市,prefecture,current_code,
632222,青海省,海北藏族自治州,祁连县,13,current,current_code,100,630000,青海省,632200,海北藏族自治州,632222,祁连县,632200,海北藏族自治州,prefecture,current_code,
,内蒙古自治区,,,12,unresolved,none,0,,,,,,,,,,none,
140722,山西省,晋中市,左权县,12,current,current_code,100,140000,山西省,140700,晋中市,140722,左权县,140700,晋中市,prefecture,current_code,
140823,山西省,运城市,闻喜县,12,current,current_code,100,140000,山西省,140800,运城市,140823,闻喜县,140800,运城市,prefecture,current_code,
150723,内蒙古自治区,呼伦贝尔市,鄂伦春自治旗,12,current,current_code,100,150000,内蒙古自治区,150700,呼伦贝尔市,150723,鄂伦春自治旗,150700,呼伦贝尔市,prefecture,current_code,
211027,辽宁省,辽阳市,,12,partial,current_parent_code,60,210000,辽宁省,211000,辽阳市,,,211000,辽阳市,prefecture,current_parent_code,
212301,辽宁省,,,12,unresolved,none,0,,,,,,,,,,none,
222229,吉林省,通化地区,,12,unresolved,none,0,,,,,,,,,,none,
222624,吉林省,永吉地区,蛟河县,12,historical_mapped,historical_crosswalk,85,220000,吉林省,220200,吉林市,220281,蛟河市,220200,吉林市,prefecture,unique_canonical_name,
222631,吉林省,永吉地区,,12,unresolved,none,0,,,,,,,,,,none,
222727,吉林省,,,12,unresolved,none,0,,,,,,,,,,none,
230829,黑龙江省,佳木斯市,绥滨县,12,historical_mapped,historical_crosswalk,90,230000,黑龙江省,230400,鹤岗市,230422,绥滨县,230400,鹤岗市,prefecture,unique_exact_name,
231226,黑龙江省,绥化市,绥棱县,12,current,current_code,100,230000,黑龙江省,231200,绥化市,231226,绥棱县,231200,绥化市,prefecture,current_code,
310119,上海市,上海市,南汇区,12,historical_mapped,historical_crosswalk,100,310000,上海市,,,310115,浦东新区,310000,上海市,municipality,reviewed_shanghai_district_merge,
350503,福建省,泉州市,丰泽区,12,current,current_code,100,350000,福建省,350500,泉州市,350503,丰泽区,350500,泉州市,prefecture,current_code,
350926,福建省,宁德市,柘荣县,12,current,current_code,100,350000,福建省,350900,宁德市,350926,柘荣县,350900,宁德市,prefecture,current_code,
360803,江西省,吉安市,青原区,12,current,current_code,100,360000,江西省,360800,吉安市,360803,青原区,360800,吉安市,prefecture,current_code,
371103,山东省,日照市,岚山区,12,current,current_code,100,370000,山东省,371100,日照市,371103,岚山区,371100,日照市,prefecture,current_code,
411702,河南省,驻马店市,驿城区,12,current,current_code,100,410000,河南省,411700,驻马店市,411702,驿城区,411700,驻马店市,prefecture,current_code,
440303,广东省,深圳市,罗湖区,12,current,current_code,100,440000,广东省,440300,深圳市,440303,罗湖区,440300,深圳市,prefecture,current_code,
469024,海南省,省直辖县级行政区划,临高县,12,current,current_code,100,460000,海南省,,,469024,临高县,469024,临高县,province_direct_county,current_code,
512021,四川省,资阳市,安岳县,12,current,current_code,100,510000,四川省,512000,资阳市,512021,安岳县,512000,资阳市,prefecture,current_code,
654027,新疆维吾尔自治区,伊犁哈萨克自治州,特克斯县,12,current,current_code,100,650000,新疆维吾尔自治区,654000,伊犁哈萨克自治州,654027,特克斯县,654000,伊犁哈萨克自治州,prefecture,current_code,
,四川省,内江市,威远县,11,unresolved,none,0,,,,,,,,,,none,
130201,河北省,唐山市,,11,partial,current_parent_code,60,130000,河北省,130200,唐山市,,,130200,唐山市,prefecture,current_parent_code,
210223,辽宁省,大连市,复县,11,partial,historical_crosswalk,70,210000,辽宁省,210200,大连市,,,210200,大连市,prefecture,mapped_parent_only,
211024,辽宁省,辽阳市,,11,partial,current_parent_code,60,210000,辽宁省,211000,辽阳市,,,211000,辽阳市,prefecture,current_parent_code,
213723,辽宁省,,,11,unresolved,none,0,,,,,,,,,,none,
222132,吉林省,四平地区,,11,unresolved,none,0,,,,,,,,,,none,
222221,吉林省,通化地区,海龙县,11,partial,historical_crosswalk,70,220000,吉林省,220500,通化市,,,220500,通化市,prefecture,mapped_parent_only,
222224,吉林省,通化地区,辉南县,11,historical_mapped,historical_crosswalk,90,220000,吉林省,220500,通化市,220523,辉南县,220500,通化市,prefecture,unique_exact_name_under_mapped_parent,
222321,吉林省,白城地区,扶余县,11,historical_mapped,historical_crosswalk,85,220000,吉林省,220700,松原市,220781,扶余市,220700,松原市,prefecture,unique_canonical_name,
231221,黑龙江省,绥化市,望奎县,11,current,current_code,100,230000,黑龙江省,231200,绥化市,231221,望奎县,231200,绥化市,prefecture,current_code,
232129,黑龙江省,松花江地区,尚志县,11,ambiguous,historical_crosswalk,100,,,,,,,,,,historical_code_reused,230183
232627,黑龙江省,黑河地区,通北县,11,partial,historical_crosswalk,70,230000,黑龙江省,231100,黑河市,,,231100,黑河市,prefecture,mapped_parent_only,
310217,上海市,上海市,,11,partial,current_parent_code,60,310000,上海市,,,,,310000,上海市,municipality,current_parent_code,
340301,安徽省,蚌埠市,,11,partial,current_parent_code,60,340000,安徽省,340300,蚌埠市,,,340300,蚌埠市,prefecture,current_parent_code,
342721,安徽省,徽州地区,绩溪县,11,historical_mapped,historical_crosswalk,90,340000,安徽省,341800,宣城市,341824,绩溪县,341800,宣城市,prefecture,unique_exact_name,
360881,江西省,吉安市,井冈山市,11,current,current_code,100,360000,江西省,360800,吉安市,360881,井冈山市,360800,吉安市,prefecture,current_code,
410902,河南省,濮阳市,华龙区,11,current,current_code,100,410000,河南省,410900,濮阳市,410902,华龙区,410900,濮阳市,prefecture,current_code,
419002,河南省,省直辖县级行政区划,汝州市,11,historical_mapped,historical_crosswalk,90,410000,河南省,410400,平顶山市,410482,汝州市,410400,平顶山市,prefecture,unique_exact_name,
421000,湖北省,荆州市,,11,current,current_code,100,420000,湖北省,421000,荆州市,,,421000,荆州市,prefecture,current_code,
431381,湖南省,娄底市,冷水江市,11,current,current_code,100,430000,湖南省,431300,娄底市,431381,冷水江市,431300,娄底市,prefecture,current_code,
432222,湖南省,岳阳地区,平江县,11,historical_mapped,historical_crosswalk,90,430000,湖南省,430600,岳阳市,430626,平江县,430600,岳阳市,prefecture,unique_exact_name_under_mapped_parent,
451221,广西壮族自治区,河池市,南丹县,11,current,current_code,100,450000,广西壮族自治区,451200,河池市,451221,南丹县,451200,河池市,prefecture,current_code,
520424,贵州省,安顺市,关岭布依族苗族自治县,11,current,current_code,100,520000,贵州省,520400,安顺市,520424,关岭布依族苗族自治县,520400,安顺市,prefecture,current_code,
542223,西藏自治区,山南地区,贡嘎县,11,historical_mapped,historical_crosswalk,90,540000,西藏自治区,540500,山南市,540522,贡嘎县,540500,山南市,prefecture,unique_exact_name_under_mapped_parent,
610702,陕西省,汉中市,汉台区,11,current,current_code,100,610000,陕西省,610700,汉中市,610702,汉台区,610700,汉中市,prefecture,current_code,
612627,陕西省,延安地区,甘泉县,11,historical_mapped,historical_crosswalk,90,610000,陕西省,610600,延安市,610627,甘泉县,610600,延安市,prefecture,unique_exact_name_under_mapped_parent,
632524,青海省,海南藏族自治州,兴海县,11,current,current_code,100,630000,青海省,632500,海南藏族自治州,632524,兴海县,632500,海南藏族自治州,prefecture,current_code,
632622,青海省,果洛藏族自治州,班玛县,11,current,current_code,100,630000,青海省,632600,果洛藏族自治州,632622,班玛县,632600,果洛藏族自治州,prefecture,current_code,
640205,宁夏回族自治区,石嘴山市,惠农区,11,current,current_code,100,640000,宁夏回族自治区,640200,石嘴山市,640205,惠农区,640200,石嘴山市,prefecture,current_code,
654021,新疆维吾尔自治区,伊犁哈萨克自治州,伊宁县,11,current,current_code,100,650000,新疆维吾尔自治区,654000,伊犁哈萨克自治州,654021,伊宁县,654000,伊犁哈萨克自治州,prefecture,current_code,
141025,山西省,临汾市,古县,10,current,current_code,100,140000,山西省,141000,临汾市,141025,古县,141000,临汾市,prefecture,current_code,
211028,辽宁省,辽阳市,,10,partial,current_parent_code,60,210000,辽宁省,211000,辽阳市,,,211000,辽阳市,prefecture,current_parent_code,
212221,辽宁省,朝阳地区,朝阳县,10,historical_mapped,historical_crosswalk,90,210000,辽宁省,211300,朝阳市,211321,朝阳县,211300,朝阳市,prefecture,unique_exact_name_under_mapped_parent,
212226,辽宁省,朝阳地区,北票县,10,historical_mapped,historical_crosswalk,85,210000,辽宁省,211300,朝阳市,211381,北票市,211300,朝阳市,prefecture,unique_canonical_name_under_mapped_parent,
212228,辽宁省,朝阳地区,,10,unresolved,none,0,,,,,,,,,,none,
212922,辽宁省,,,10,unresolved,none,0,,,,,,,,,,none,
231202,黑龙江省,绥化市,北林区,10,current,current_code,100,230000,黑龙江省,231200,绥化市,231202,北林区,231200,绥化市,prefecture,current_code,
310220,上海市,上海市,,10,partial,current_parent_code,60,310000,上海市,,,,,310000,上海市,municipality,current_parent_code,
342722,安徽省,徽州地区,旌德县,10,historical_mapped,historical_crosswalk,90,340000,安徽省,341800,宣城市,341825,旌德县,341800,宣城市,prefecture,unique_exact_name,
352126,福建省,南平地区,崇安县,10,unresolved,historical_crosswalk,0,,,,,,,,,,no_supported_successor,
432224,湖南省,岳阳地区,汨罗县,10,historical_mapped,historical_crosswalk,85,430000,湖南省,430600,岳阳市,430681,汨罗市,430600,岳阳市,prefecture,unique_canonical_name_under_mapped_parent,
460005,海南省,海南省直辖县级行政区划,文昌市,10,historical_mapped,historical_crosswalk,90,460000,海南省,,,469005,文昌市,469005,文昌市,province_direct_county,unique_exact_name_under_mapped_parent,
513921,四川省,资阳地区,安岳县,10,historical_mapped,historical_crosswalk,90,510000,四川省,512000,资阳市,512021,安岳县,512000,资阳市,prefecture,unique_exact_name_under_mapped_parent,
520421,贵州省,安顺市,平坝县,10,historical_mapped,historical_crosswalk,85,520000,贵州省,520400,安顺市,520403,平坝区,520400,安顺市,prefecture,unique_canonical_name_under_mapped_parent,
530524,云南省,保山市,昌宁县,10,current,current_code,100,530000,云南省,530500,保山市,530524,昌宁县,530500,保山市,prefecture,current_code,
530628,云南省,昭通市,彝良县,10,current,current_code,100,530000,云南省,530600,昭通市,530628,彝良县,530600,昭通市,prefecture,current_code,
542232,西藏自治区,山南地区,错那县,10,historical_mapped,historical_crosswalk,85,540000,西藏自治区,540500,山南市,540581,错那市,540500,山南市,prefecture,unique_canonical_name_under_mapped_parent,
612632,陕西省,延安地区,黄陵县,10,historical_mapped,historical_crosswalk,90,610000,陕西省,610600,延安市,610632,黄陵县,610600,延安市,prefecture,unique_exact_name_under_mapped_parent,
,山西省,,,9,unresolved,none,0,,,,,,,,,,none,
140503,山西省,晋城市,郊区,9,historical_mapped,historical_crosswalk,90,140000,山西省,140300,阳泉市,140311,郊区,140300,阳泉市,prefecture,unique_exact_name,
140924,山西省,忻州市,繁峙县,9,current,current_code,100,140000,山西省,140900,忻州市,140924,繁峙县,140900,忻州市,prefecture,current_code,
140926,山西省,忻州市,静乐县,9,current,current_code,100,140000,山西省,140900,忻州市,140926,静乐县,140900,忻州市,prefecture,current_code,
141027,山西省,临汾市,浮山县,9,current,current_code,100,140000,山西省,141000,临汾市,141027,浮山县,141000,临汾市,prefecture,current_code,
142728,山西省,运城地区,河津县,9,ambiguous,historical_crosswalk,100,,,,,,,,,,historical_code_reused,140882
150722,内蒙古自治区,呼伦贝尔市,莫力达瓦达斡尔族自治旗,9,current,current_code,100,150000,内蒙古自治区,150700,呼伦贝尔市,150722,莫力达瓦达斡尔族自治旗,150700,呼伦贝尔市,prefecture,current_code,
150825,内蒙古自治区,巴彦淖尔市,乌拉特后旗,9,current,current_code,100,150000,内蒙古自治区,150800,巴彦淖尔市,150825,乌拉特后旗,150800,巴彦淖尔市,prefecture,current_code,
210227,辽宁省,大连市,,9,partial,current_parent_code,60,210000,辽宁省,210200,大连市,,,210200,大连市,prefecture,current_parent_code,
211401,辽宁省,葫芦岛市,,9,partial,current_parent_code,60,210000,辽宁省,211400,葫芦岛市,,,211400,葫芦岛市,prefecture,current_parent_code,
212921,辽宁省,,,9,unresolved,none,0,,,,,,,,,,none,
212927,辽宁省,,,9,unresolved,none,0,,,,,,,,,,none,
222130,吉林省,四平地区,,9,unresolved,none,0,,,,,,,,,,none,
222622,吉林省,永吉地区,舒兰县,9,historical_mapped,historical_crosswalk,85,220000,吉林省,220200,吉林市,220283,舒兰市,220200,吉林市,prefecture,unique_canonical_name,
222628,吉林省,永吉地区,,9,unresolved,none,0,,,,,,,,,,none,
310118,上海市,上海市,青浦区,9,current,current_code,100,310000,上海市,,,310118,青浦区,310000,上海市,municipality,current_code,
330784,浙江省,金华市,永康市,9,current,current_code,100,330000,浙江省,330700,金华市,330784,永康市,330700,金华市,prefecture,current_code,
360826,江西省,吉安市,泰和县,9,current,current_code,100,360000,江西省,360800,吉安市,360826,泰和县,360800,吉安市,prefecture,current_code,
371625,山东省,滨州市,博兴县,9,current,current_code,100,370000,山东省,371600,滨州市,371625,博兴县,371600,滨州市,prefecture,current_code,
432323,湖南省,益阳地区,沅江县,9,historical_mapped,historical_crosswalk,85,430000,湖南省,430900,益阳市,430981,沅江市,430900,益阳市,prefecture,unique_canonical_name_under_mapped_parent,
511421,四川省,眉山市,仁寿县,9,current,current_code,100,510000,四川省,511400,眉山市,511421,仁寿县,511400,眉山市,prefecture,current_code,
520330,贵州省,遵义市,习水县,9,current,current_code,100,520000,贵州省,520300,遵义市,520330,习水县,520300,遵义市,prefecture,current_code,
520422,贵州省,安顺市,普定县,9,current,current_code,100,520000,贵州省,520400,安顺市,520422,普定县,520400,安顺市,prefecture,current_code,
654022,新疆维吾尔自治区,伊犁哈萨克自治州,察布查尔锡伯自治县,9,current,current_code,100,650000,新疆维吾尔自治区,654000,伊犁哈萨克自治州,654022,察布查尔锡伯自治县,654000,伊犁哈萨克自治州,prefecture,current_code,
,四川省,内江市,,8,unresolved,none,0,,,,,,,,,,none,
140728,山西省,晋中市,平遥县,8,current,current_code,100,140000,山西省,140700,晋中市,140728,平遥县,140700,晋中市,prefecture,current_code,
140827,山西省,运城市,垣曲县,8,current,current_code,100,140000,山西省,140800,运城市,140827,垣曲县,140800,运城市,prefecture,current_code,
150525,内蒙古自治区,通辽市,奈曼旗,8,current,current_code,100,150000,内蒙古自治区,150500,通辽市,150525,奈曼旗,150500,通辽市,prefecture,current_code,
150602,内蒙古自治区,鄂尔多斯市,东胜区,8,current,current_code,100,150000,内蒙古自治区,150600,鄂尔多斯市,150602,东胜区,150600,鄂尔多斯市,prefecture,current_code,
150721,内蒙古自治区,呼伦贝尔市,阿荣旗,8,current,current_code,100,150000,内蒙古自治区,150700,呼伦贝尔市,150721,阿荣旗,150700,呼伦贝尔市,prefecture,current_code,
150921,内蒙古自治区,乌兰察布市,卓资县,8,current,current_code,100,150000,内蒙古自治区,150900,乌兰察布市,150921,卓资县,150900,乌兰察布市,prefecture,current_code,
210230,辽宁省,大连市,,8,partial,current_parent_code,60,210000,辽宁省,210200,大连市,,,210200,大连市,prefecture,current_parent_code,
212224,辽宁省,朝阳地区,喀喇沁左翼蒙古族自治县,8,historical_mapped,historical_crosswalk,90,210000,辽宁省,211300,朝阳市,211324,喀喇沁左翼蒙古族自治县,211300,朝阳市,prefecture,unique_exact_name_under_mapped_parent,
212326,辽宁省,,,8,unresolved,none,0,,,,,,,,,,none,
213031,辽宁省,,,8,unresolved,none,0,,,,,,,,,,none,
213701,辽宁省,,,8,unresolved,none,0,,,,,,,,,,none,
220101,吉林省,长春市,,8,partial,current_parent_code,60,220000,吉林省,220100,长春市,,,220100,长春市,prefecture,current_parent_code,
222201,吉林省,通化地区,通化市,8,partial,historical_crosswalk,90,220000,吉林省,220500,通化市,,,220500,通化市,prefecture,unique_exact_name_under_mapped_parent,
222701,吉林省,,,8,unresolved,none,0,,,,,,,,,,none,
230322,黑龙江省,鸡西市,虎林县,8,historical_mapped,historical_crosswalk,85,230000,黑龙江省,230300,鸡西市,230381,虎林市,230300,鸡西市,prefecture,unique_canonical_name_under_mapped_parent,
231223,黑龙江省,绥化市,青冈县,8,current,current_code,100,230000,黑龙江省,231200,绥化市,231223,青冈县,231200,绥化市,prefecture,current_code,
320784,江苏省,连云港市,,8,partial,current_parent_code,60,320000,江苏省,320700,连云港市,,,320700,连云港市,prefecture,current_parent_code,
321029,江苏省,扬州市,仪征县,8,historical_mapped,historical_crosswalk,85,320000,江苏省,321000,扬州市,321081,仪征市,321000,扬州市,prefecture,unique_canonical_name_under_mapped_parent,
331122,浙江省,丽水市,缙云县,8,current,current_code,100,330000,浙江省,331100,丽水市,331122,缙云县,331100,丽水市,prefecture,current_code,
341422,安徽省,巢湖市,无为县,8,historical_mapped,historical_crosswalk,85,340000,安徽省,340200,芜湖市,340281,无为市,340200,芜湖市,prefecture,unique_canonical_name,
350922,福建省,宁德市,古田县,8,current,current_code,100,350000,福建省,350900,宁德市,350922,古田县,350900,宁德市,prefecture,current_code,
360924,江西省,宜春市,宜丰县,8,current,current_code,100,360000,江西省,360900,宜春市,360924,宜丰县,360900,宜春市,prefecture,current_code,
361025,江西省,抚州市,乐安县,8,current,current_code,100,360000,江西省,361000,抚州市,361025,乐安县,361000,抚州市,prefecture,current_code,
411728,河南省,驻马店市,遂平县,8,current,current_code,100,410000,河南省,411700,驻马店市,411728,遂平县,411700,驻马店市,prefecture,current_code,
440903,广东省,茂名市,茂港区,8,partial,historical_crosswalk,70,440000,广东省,440900,茂名市,,,440900,茂名市,prefecture,mapped_parent_only,
451302,广西壮族自治区,来宾市,兴宾区,8,current,current_code,100,450000,广西壮族自治区,451300,来宾市,451302,兴宾区,451300,来宾市,prefecture,current_code,
469027,海南省,省直辖县级行政区划,乐东黎族自治县,8,current,current_code,100,460000,海南省,,,469027,乐东黎族自治县,469027,乐东黎族自治县,province_direct_county,current_code,
511012,四川省,内江市,,8,partial,current_parent_code,60,510000,四川省,511000,内江市,,,511000,内江市,prefecture,current_parent_code,
511921,四川省,巴中市,通江县,8,current,current_code,100,510000,四川省,511900,巴中市,511921,通江县,511900,巴中市,prefecture,current_code,
522702,贵州省,黔南布依族苗族自治州,福泉市,8,current,current_code,100,520000,贵州省,522700,黔南布依族苗族自治州,522702,福泉市,522700,黔南布依族苗族自治州,prefecture,current_code,
530630,云南省,昭通市,水富县,8,historical_mapped,historical_crosswalk,85,530000,云南省,530600,昭通市,530681,水富市,530600,昭通市,prefecture,unique_canonical_name_under_mapped_parent,
540124,西藏自治区,拉萨市,曲水县,8,current,current_code,100,540000,西藏自治区,540100,拉萨市,540124,曲水县,540100,拉萨市,prefecture,current_code,
540126,西藏自治区,拉萨市,达孜县,8,historical_mapped,historical_crosswalk,85,540000,西藏自治区,540100,拉萨市,540104,达孜区,540100,拉萨市,prefecture,unique_canonical_name_under_mapped_parent,
621002,甘肃省,庆阳市,西峰区,8,current,current_code,100,620000,甘肃省,621000,庆阳市,621002,西峰区,621000,庆阳市,prefecture,current_code,
632725,青海省,玉树藏族自治州,囊谦县,8,current,current_code,100,630000,青海省,632700,玉树藏族自治州,632725,囊谦县,632700,玉树藏族自治州,prefecture,current_code,
632726,青海省,玉树藏族自治州,曲麻莱县,8,current,current_code,100,630000,青海省,632700,玉树藏族自治州,632726,曲麻莱县,632700,玉树藏族自治州,prefecture,current_code,
,四川省,内江市,安岳县,7,unresolved,none,0,,,,,,,,,,none,
140725,山西省,晋中市,寿阳县,7,current,current_code,100,140000,山西省,140700,晋中市,140725,寿阳县,140700,晋中市,prefecture,current_code,
150822,内蒙古自治区,巴彦淖尔市,磴口县,7,current,current_code,100,150000,内蒙古自治区,150800,巴彦淖尔市,150822,磴口县,150800,巴彦淖尔市,prefecture,current_code,
211123,辽宁省,盘锦市,,7,partial,current_parent_code,60,210000,辽宁省,211100,盘锦市,,,211100,盘锦市,prefecture,current_parent_code,
211623,辽宁省,,,7,unresolved,none,0,,,,,,,,,,none,
212323,辽宁省,,,7,unresolved,none,0,,,,,,,,,,none,
212924,辽宁省,,,7,unresolved,none,0,,,,,,,,,,none,
213721,辽宁省,,,7,unresolved,none,0,,,,,,,,,,none,
213902,辽宁省,,,7,unresolved,none,0,,,,,,,,,,none,
222129,吉林省,四平地区,,7,unresolved,none,0,,,,,,,,,,none,
231281,黑龙江省,绥化市,安达市,7,current,current_code,100,230000,黑龙江省,231200,绥化市,231281,安达市,231200,绥化市,prefecture,current_code,
232322,黑龙江省,绥化地区,肇东县,7,ambiguous,historical_crosswalk,100,,,,,,,,,,historical_code_reused,231282
320224,江苏省,无锡市,,7,partial,current_parent_code,60,320000,江苏省,320200,无锡市,,,320200,无锡市,prefecture,current_parent_code,
320406,江苏省,常州市,,7,partial,current_parent_code,60,320000,江苏省,320400,常州市,,,320400,常州市,prefecture,current_parent_code,
320426,江苏省,常州市,,7,partial,current_parent_code,60,320000,江苏省,320400,常州市,,,320400,常州市,prefecture,current_parent_code,
320702,江苏省,连云港市,新海区,7,ambiguous,historical_crosswalk,100,,,,,,,,,,historical_code_reused,
321203,江苏省,泰州市,高港区,7,current,current_code,100,320000,江苏省,321200,泰州市,321203,高港区,321200,泰州市,prefecture,current_code,
322227,江苏省,淮阴地区,涟水县,7,historical_mapped,historical_crosswalk,90,320000,江苏省,320800,淮安市,320826,涟水县,320800,淮安市,prefecture,unique_exact_name,
341881,安徽省,宣城市,宁国市,7,current,current_code,100,340000,安徽省,341800,宣城市,341881,宁国市,341800,宣城市,prefecture,current_code,
342229,安徽省,宿县地区,,7,unresolved,none,0,,,,,,,,,,none,
350601,福建省,漳州市,,7,partial,current_parent_code,60,350000,福建省,350600,漳州市,,,350600,漳州市,prefecture,current_parent_code,
360921,江西省,宜春市,奉新县,7,current,current_code,100,360000,江西省,360900,宜春市,360921,奉新县,360900,宜春市,prefecture,current_code,
362224,江西省,宜春地区,新余县,7,ambiguous,historical_crosswalk,100,,,,,,,,,,historical_code_reused,360500
362521,江西省,抚州地区,临川县,7,ambiguous,historical_crosswalk,100,,,,,,,,,,historical_code_reused,361002
370903,山东省,泰安市,,7,partial,current_parent_code,60,370000,山东省,370900,泰安市,,,370900,泰安市,prefecture,current_parent_code,
410227,河南省,开封市,,7,partial,current_parent_code,60,410000,河南省,410200,开封市,,,410200,开封市,prefecture,current_parent_code,
411722,河南省,驻马店市,上蔡县,7,current,current_code,100,410000,河南省,411700,驻马店市,411722,上蔡县,411700,驻马店市,prefecture,current_code,
420227,湖北省,黄石市,,7,partial,current_parent_code,60,420000,湖北省,420200,黄石市,,,420200,黄石市,prefecture,current_parent_code,
420283,湖北省,黄石市,,7,partial,current_parent_code,60,420000,湖北省,420200,黄石市,,,420200,黄石市,prefecture,current_parent_code,
440230,广东省,韶关市,连山壮族瑶族自治县,7,historical_mapped,historical_crosswalk,90,440000,广东省,441800,清远市,441825,连山壮族瑶族自治县,441800,清远市,prefecture,unique_exact_name,
440514,广东省,汕头市,潮南区,7,current,current_code,100,440000,广东省,440500,汕头市,440514,潮南区,440500,汕头市,prefecture,current_code,
442281,广东省,海南黎族苗族自治州,,7,unresolved,none,0,,,,,,,,,,none,
510100,四川省,成都市,,7,current,current_code,100,510000,四川省,510100,成都市,,,510100,成都市,prefecture,current_code,
511003,四川省,内江市,,7,partial,current_parent_code,60,510000,四川省,511000,内江市,,,511000,内江市,prefecture,current_parent_code,
520382,贵州省,遵义市,仁怀市,7,current,current_code,100,520000,贵州省,520300,遵义市,520382,仁怀市,520300,遵义市,prefecture,current_code,
620203,甘肃省,嘉峪关市,,7,partial,current_parent_code,60,620000,甘肃省,620200,嘉峪关市,,,620200,嘉峪关市,prefecture,current_parent_code,
632522,青海省,海南藏族自治州,同德县,7,current,current_code,100,630000,青海省,632500,海南藏族自治州,632522,同德县,632500,海南藏族自治州,prefecture,current_code,
632624,青海省,果洛藏族自治州,达日县,7,current,current_code,100,630000,青海省,632600,果洛藏族自治州,632624,达日县,632600,果洛藏族自治州,prefecture,current_code,
,四川省,成都市,东城区,6,unresolved,none,0,,,,,,,,,,none,
132236,河北省,邢台地区,清河县,6,historical_mapped,historical_crosswalk,90,130000,河北省,130500,邢台市,130534,清河县,130500,邢台市,prefecture,unique_exact_name_under_mapped_parent,
141026,山西省,临汾市,安泽县,6,current,current_code,100,140000,山西省,141000,临汾市,141026,安泽县,141000,临汾市,prefecture,current_code,
150524,内蒙古自治区,通辽市,库伦旗,6,current,current_code,100,150000,内蒙古自治区,150500,通辽市,150524,库伦旗,150500,通辽市,prefecture,current_code,
150626,内蒙古自治区,鄂尔多斯市,乌审旗,6,current,current_code,100,150000,内蒙古自治区,150600,鄂尔多斯市,150626,乌审旗,150600,鄂尔多斯市,prefecture,current_code,
210226,辽宁省,大连市,,6,partial,current_parent_code,60,210000,辽宁省,210200,大连市,,,210200,大连市,prefecture,current_parent_code,
210923,辽宁省,阜新市,,6,partial,current_parent_code,60,210000,辽宁省,210900,阜新市,,,210900,阜新市,prefecture,current_parent_code,
212201,辽宁省,朝阳地区,朝阳市,6,partial,historical_crosswalk,90,210000,辽宁省,211300,朝阳市,,,211300,朝阳市,prefecture,unique_exact_name_under_mapped_parent,
212230,辽宁省,朝阳地区,,6,unresolved,none,0,,,,,,,,,,none,
212233,辽宁省,朝阳地区,,6,unresolved,none,0,,,,,,,,,,none,
212930,辽宁省,,,6,unresolved,none,0,,,,,,,,,,none,
213002,辽宁省,,,6,unresolved,none,0,,,,,,,,,,none,
213028,辽宁省,,,6,unresolved,none,0,,,,,,,,,,none,
213224,辽宁省,,,6,unresolved,none,0,,,,,,,,,,none,
320226,江苏省,无锡市,,6,partial,current_parent_code,60,320000,江苏省,320200,无锡市,,,320200,无锡市,prefecture,current_parent_code,
320427,江苏省,常州市,,6,partial,current_parent_code,60,320000,江苏省,320400,常州市,,,320400,常州市,prefecture,current_parent_code,
322202,江苏省,淮阴地区,,6,unresolved,none,0,,,,,,,,,,none,
330212,浙江省,宁波市,鄞州区,6,current,current_code,100,330000,浙江省,330200,宁波市,330212,鄞州区,330200,宁波市,prefecture,current_code,
331024,浙江省,台州市,仙居县,6,current,current_code,100,330000,浙江省,331000,台州市,331024,仙居县,331000,台州市,prefecture,current_code,
340704,安徽省,铜陵市,铜山区,6,ambiguous,historical_crosswalk,100,,,,,,,,,,cross_province_exact_name_requires_review,
360925,江西省,宜春市,靖安县,6,current,current_code,100,360000,江西省,360900,宜春市,360925,靖安县,360900,宜春市,prefecture,current_code,
361022,江西省,抚州市,黎川县,6,current,current_code,100,360000,江西省,361000,抚州市,361022,黎川县,361000,抚州市,prefecture,current_code,
411725,河南省,驻马店市,确山县,6,current,current_code,100,410000,河南省,411700,驻马店市,411725,确山县,411700,驻马店市,prefecture,current_code,
411727,河南省,驻马店市,汝南县,6,current,current_code,100,410000,河南省,411700,驻马店市,411727,汝南县,411700,驻马店市,prefecture,current_code,
419006,河南省,省直辖县级行政区划,辉县市,6,historical_mapped,historical_crosswalk,90,410000,河南省,410700,新乡市,410782,辉县市,410700,新乡市,prefecture,unique_exact_name,
432201,湖南省,岳阳地区,岳阳市,6,partial,historical_crosswalk,90,430000,湖南省,430600,岳阳市,,,430600,岳阳市,prefecture,unique_exact_name_under_mapped_parent,
440114,广东省,广州市,花都区,6,current,current_code,100,440000,广东省,440100,广州市,440114,花都区,440100,广州市,prefecture,current_code,
442121,广东省,海南行政区,琼山县,6,ambiguous,historical_crosswalk,100,,,,,,,,,,cross_province_canonical_name_requires_review,
452825,广西壮族自治区,钦州地区,合浦县,6,historical_mapped,historical_crosswalk,90,450000,广西壮族自治区,450500,北海市,450521,合浦县,450500,北海市,prefecture,unique_exact_name,
469028,海南省,省直辖县级行政区划,陵水黎族自治县,6,current,current_code,100,460000,海南省,,,469028,陵水黎族自治县,469028,陵水黎族自治县,province_direct_county,current_code,
510114,四川省,成都市,新都区,6,current,current_code,100,510000,四川省,510100,成都市,510114,新都区,510100,成都市,prefecture,current_code,
510501,四川省,泸州市,,6,partial,current_parent_code,60,510000,四川省,510500,泸州市,,,510500,泸州市,prefecture,current_parent_code,
510701,四川省,绵阳市,,6,partial,current_parent_code,60,510000,四川省,510700,绵阳市,,,510700,绵阳市,prefecture,current_parent_code,
511007,四川省,内江市,,6,partial,current_parent_code,60,510000,四川省,511000,内江市,,,511000,内江市,prefecture,current_parent_code,
512325,四川省,涪陵地区,石柱土家族自治县,6,ambiguous,historical_crosswalk,100,,,,,,,,,,historical_code_reused,
520324,贵州省,遵义市,正安县,6,current,current_code,100,520000,贵州省,520300,遵义市,520324,正安县,520300,遵义市,prefecture,current_code,
542124,西藏自治区,昌都地区,类乌齐县,6,historical_mapped,historical_crosswalk,90,540000,西藏自治区,540300,昌都市,540323,类乌齐县,540300,昌都市,prefecture,unique_exact_name_under_mapped_parent,
542423,西藏自治区,那曲地区,比如县,6,historical_mapped,historical_crosswalk,90,540000,西藏自治区,540600,那曲市,540622,比如县,540600,那曲市,prefecture,unique_exact_name_under_mapped_parent,
542427,西藏自治区,那曲地区,索县,6,historical_mapped,historical_crosswalk,90,540000,西藏自治区,540600,那曲市,540626,索县,540600,那曲市,prefecture,unique_exact_name_under_mapped_parent,
542429,西藏自治区,那曲地区,巴青县,6,historical_mapped,historical_crosswalk,90,540000,西藏自治区,540600,那曲市,540628,巴青县,540600,那曲市,prefecture,unique_exact_name_under_mapped_parent,
542622,西藏自治区,林芝地区,工布江达县,6,historical_mapped,historical_crosswalk,90,540000,西藏自治区,540400,林芝市,540421,工布江达县,540400,林芝市,prefecture,unique_exact_name_under_mapped_parent,
621121,甘肃省,定西市,通渭县,6,current,current_code,100,620000,甘肃省,621100,定西市,621121,通渭县,621100,定西市,prefecture,current_code,
622422,甘肃省,定西地区,靖远县,6,historical_mapped,historical_crosswalk,90,620000,甘肃省,620400,白银市,620421,靖远县,620400,白银市,prefecture,unique_exact_name,
632626,青海省,果洛藏族自治州,玛多县,6,current,current_code,100,630000,青海省,632600,果洛藏族自治州,632626,玛多县,632600,果洛藏族自治州,prefecture,current_code,
632823,青海省,海西蒙古族藏族自治州,天峻县,6,current,current_code,100,630000,青海省,632800,海西蒙古族藏族自治州,632823,天峻县,632800,海西蒙古族藏族自治州,prefecture,current_code,
,四川省,重庆市,沙坪坝区,5,unresolved,none,0,,,,,,,,,,none,
,四川省,内江市,乐至县,5,unresolved,none,0,,,,,,,,,,none,
111111,北京市,,,5,partial,current_parent_code,60,110000,北京市,,,,,110000,北京市,municipality,current_parent_code,
120115,天津市,天津市,宝坻区,5,current,current_code,100,120000,天津市,,,120115,宝坻区,120000,天津市,municipality,current_code,
130208,河北省,唐山市,丰润区,5,current,current_code,100,130000,河北省,130200,唐山市,130208,丰润区,130200,唐山市,prefecture,current_code,
132906,河北省,沧州地区,,5,unresolved,none,0,,,,,,,,,,none,
140923,山西省,忻州市,代县,5,current,current_code,100,140000,山西省,140900,忻州市,140923,代县,140900,忻州市,prefecture,current_code,
150726,内蒙古自治区,呼伦贝尔市,新巴尔虎左旗,5,current,current_code,100,150000,内蒙古自治区,150700,呼伦贝尔市,150726,新巴尔虎左旗,150700,呼伦贝尔市,prefecture,current_code,
150784,内蒙古自治区,呼伦贝尔市,额尔古纳市,5,current,current_code,100,150000,内蒙古自治区,150700,呼伦贝尔市,150784,额尔古纳市,150700,呼伦贝尔市,prefecture,current_code,
150785,内蒙古自治区,呼伦贝尔市,根河市,5,current,current_code,100,150000,内蒙古自治区,150700,呼伦贝尔市,150785,根河市,150700,呼伦贝尔市,prefecture,current_code,
210231,辽宁省,大连市,,5,partial,current_parent_code,60,210000,辽宁省,210200,大连市,,,210200,大连市,prefecture,current_parent_code,
213027,辽宁省,,,5,unresolved,none,0,,,,,,,,,,none,
213223,辽宁省,,,5,unresolved,none,0,,,,,,,,,,none,
213822,辽宁省,,,5,unresolved,none,0,,,,,,,,,,none,
222131,吉林省,四平地区,,5,unresolved,none,0,,,,,,,,,,none,
222632,吉林省,永吉地区,,5,unresolved,none,0,,,,,,,,,,none,
222731,吉林省,,,5,unresolved,none,0,,,,,,,,,,none,
230382,黑龙江省,鸡西市,密山市,5,current,current_code,100,230000,黑龙江省,230300,鸡西市,230382,密山市,230300,鸡西市,prefecture,current_code,
320128,江苏省,南京市,,5,partial,current_parent_code,60,320000,江苏省,320100,南京市,,,320100,南京市,prefecture,current_parent_code,
320182,江苏省,南京市,,5,partial,current_parent_code,60,320000,江苏省,320100,南京市,,,320100,南京市,prefecture,current_parent_code,
320429,江苏省,常州市,,5,partial,current_parent_code,60,320000,江苏省,320400,常州市,,,320400,常州市,prefecture,current_parent_code,
320783,江苏省,连云港市,,5,partial,current_parent_code,60,320000,江苏省,320700,连云港市,,,320700,连云港市,prefecture,current_parent_code,
320929,江苏省,盐城市,,5,partial,current_parent_code,60,320000,江苏省,320900,盐城市,,,320900,盐城市,prefecture,current_parent_code,
321200,江苏省,泰州市,,5,current,current_code,100,320000,江苏省,321200,泰州市,,,321200,泰州市,prefecture,current_code,
322201,江苏省,淮阴地区,清江市,5,unresolved,historical_crosswalk,0,,,,,,,,,,no_supported_successor,
331123,浙江省,丽水市,遂昌县,5,current,current_code,100,330000,浙江省,331100,丽水市,331123,遂昌县,331100,丽水市,prefecture,current_code,
340205,安徽省,芜湖市,鸠江区,5,ambiguous,historical_crosswalk,100,,,,,,,,,,historical_code_reused,340207
341324,安徽省,宿州市,泗县,5,current,current_code,100,340000,安徽省,341300,宿州市,341324,泗县,341300,宿州市,prefecture,current_code,
342202,安徽省,宿县地区,,5,unresolved,none,0,,,,,,,,,,none,
360823,江西省,吉安市,峡江县,5,current,current_code,100,360000,江西省,360800,吉安市,360823,峡江县,360800,吉安市,prefecture,current_code,
371401,山东省,德州市,,5,partial,current_parent_code,60,370000,山东省,371400,德州市,,,371400,德州市,prefecture,current_parent_code,
410226,河南省,开封市,,5,partial,current_parent_code,60,410000,河南省,410200,开封市,,,410200,开封市,prefecture,current_parent_code,
420228,湖北省,黄石市,,5,partial,current_parent_code,60,420000,湖北省,420200,黄石市,,,420200,黄石市,prefecture,current_parent_code,
440101,广东省,广州市,,5,partial,current_parent_code,60,440000,广东省,440100,广州市,,,440100,广州市,prefecture,current_parent_code,
451229,广西壮族自治区,河池市,大化瑶族自治县,5,current,current_code,100,450000,广西壮族自治区,451200,河池市,451229,大化瑶族自治县,451200,河池市,prefecture,current_code,
469025,海南省,省直辖县级行政区划,白沙黎族自治县,5,current,current_code,100,460000,海南省,,,469025,白沙黎族自治县,469025,白沙黎族自治县,province_direct_county,current_code,
510021,四川省,,,5,unresolved,none,0,,,,,,,,,,none,
510023,四川省,,,5,unresolved,none,0,,,,,,,,,,none,
510110,四川省,成都市,,5,partial,current_parent_code,60,510000,四川省,510100,成都市,,,510100,成都市,prefecture,current_parent_code,
510901,四川省,遂宁市,,5,partial,current_parent_code,60,510000,四川省,510900,遂宁市,,,510900,遂宁市,prefecture,current_parent_code,
511019,四川省,内江市,,5,partial,current_parent_code,60,510000,四川省,511000,内江市,,,511000,内江市,prefecture,current_parent_code,
511031,四川省,内江市,,5,partial,current_parent_code,60,510000,四川省,511000,内江市,,,511000,内江市,prefecture,current_parent_code,
520327,贵州省,遵义市,凤冈县,5,current,current_code,100,520000,贵州省,520300,遵义市,520327,凤冈县,520300,遵义市,prefecture,current_code,
540127,西藏自治区,拉萨市,墨竹工卡县,5,current,current_code,100,540000,西藏自治区,540100,拉萨市,540127,墨竹工卡县,540100,拉萨市,prefecture,current_code,
542123,西藏自治区,昌都地区,贡觉县,5,historical_mapped,historical_crosswalk,90,540000,西藏自治区,540300,昌都市,540322,贡觉县,540300,昌都市,prefecture,unique_exact_name_under_mapped_parent,
542127,西藏自治区,昌都地区,八宿县,5,historical_mapped,historical_crosswalk,90,540000,西藏自治区,540300,昌都市,540326,八宿县,540300,昌都市,prefecture,unique_exact_name_under_mapped_parent,
542128,西藏自治区,昌都地区,左贡县,5,historical_mapped,historical_crosswalk,90,540000,西藏自治区,540300,昌都市,540327,左贡县,540300,昌都市,prefecture,unique_exact_name_under_mapped_parent,
542231,西藏自治区,山南地区,隆子县,5,historical_mapped,historical_crosswalk,90,540000,西藏自治区,540500,山南市,540529,隆子县,540500,山南市,prefecture,unique_exact_name_under_mapped_parent,
542524,西藏自治区,阿里地区,日土县,5,current,current_code,100,540000,西藏自治区,542500,阿里地区,542524,日土县,542500,阿里地区,prefecture,current_code,
621202,甘肃省,陇南市,武都区,5,current,current_code,100,620000,甘肃省,621200,陇南市,621202,武都区,621200,陇南市,prefecture,current_code,
621224,甘肃省,陇南市,康县,5,current,current_code,100,620000,甘肃省,621200,陇南市,621224,康县,621200,陇南市,prefecture,current_code,
632421,青海省,,河南蒙古族自治县,5,historical_mapped,historical_crosswalk,90,630000,青海省,632300,黄南藏族自治州,632324,河南蒙古族自治县,632300,黄南藏族自治州,prefecture,unique_exact_name,
640181,宁夏回族自治区,银川市,灵武市,5,current,current_code,100,640000,宁夏回族自治区,640100,银川市,640181,灵武市,640100,银川市,prefecture,current_code,
652321,新疆维吾尔自治区,昌吉回族自治州,昌吉县,5,historical_mapped,historical_crosswalk,85,650000,新疆维吾尔自治区,652300,昌吉回族自治州,652301,昌吉市,652300,昌吉回族自治州,prefecture,unique_canonical_name_under_mapped_parent,
654024,新疆维吾尔自治区,伊犁哈萨克自治州,巩留县,5,current,current_code,100,650000,新疆维吾尔自治区,654000,伊犁哈萨克自治州,654024,巩留县,654000,伊犁哈萨克自治州,prefecture,current_code,
,四川省,,,4,unresolved,none,0,,,,,,,,,,none,
,四川省,乐山市,市中区,4,unresolved,none,0,,,,,,,,,,none,
123456,天津市,,,4,partial,current_parent_code,60,120000,天津市,,,,,120000,天津市,municipality,current_parent_code,
140930,山西省,忻州市,河曲县,4,current,current_code,100,140000,山西省,140900,忻州市,140930,河曲县,140900,忻州市,prefecture,current_code,
141130,山西省,吕梁市,交口县,4,current,current_code,100,140000,山西省,141100,吕梁市,141130,交口县,141100,吕梁市,prefecture,current_code,
150623,内蒙古自治区,鄂尔多斯市,鄂托克前旗,4,current,current_code,100,150000,内蒙古自治区,150600,鄂尔多斯市,150623,鄂托克前旗,150600,鄂尔多斯市,prefecture,current_code,
150727,内蒙古自治区,呼伦贝尔市,新巴尔虎右旗,4,current,current_code,100,150000,内蒙古自治区,150700,呼伦贝尔市,150727,新巴尔虎右旗,150700,呼伦贝尔市,prefecture,current_code,
210228,辽宁省,大连市,,4,partial,current_parent_code,60,210000,辽宁省,210200,大连市,,,210200,大连市,prefecture,current_parent_code,
210721,辽宁省,锦州市,锦西县,4,partial,historical_crosswalk,70,210000,辽宁省,210700,锦州市,,,210700,锦州市,prefecture,mapped_parent_only,
211622,辽宁省,,,4,unresolved,none,0,,,,,,,,,,none,
212234,辽宁省,朝阳地区,,4,unresolved,none,0,,,,,,,,,,none,
212923,辽宁省,,,4,unresolved,none,0,,,,,,,,,,none,
213024,辽宁省,,,4,unresolved,none,0,,,,,,,,,,none,
213101,辽宁省,,,4,unresolved,none,0,,,,,,,,,,none,
213437,辽宁省,,,4,unresolved,none,0,,,,,,,,,,none,
220401,吉林省,辽源市,龙山区,4,historical_mapped,historical_crosswalk,90,220000,吉林省,220400,辽源市,220402,龙山区,220400,辽源市,prefecture,unique_exact_name_under_mapped_parent,
222223,吉林省,通化地区,柳河县,4,historical_mapped,historical_crosswalk,90,220000,吉林省,220500,通化市,220524,柳河县,220500,通化市,prefecture,unique_exact_name_under_mapped_parent,
222230,吉林省,通化地区,,4,unresolved,none,0,,,,,,,,,,none,
222601,吉林省,永吉地区,,4,unresolved,none,0,,,,,,,,,,none,
222626,吉林省,永吉地区,,4,unresolved,none,0,,,,,,,,,,none,
222723,吉林省,,,4,unresolved,none,0,,,,,,,,,,none,
222726,吉林省,,,4,unresolved,none,0,,,,,,,,,,none,
222728,吉林省,,,4,unresolved,none,0,,,,,,,,,,none,
229006,吉林省,吉林省直辖县级行政区划,蛟河市,4,historical_mapped,historical_crosswalk,90,220000,吉林省,220200,吉林市,220281,蛟河市,220200,吉林市,prefecture,unique_exact_name,
232624,黑龙江省,黑河地区,爱辉县,4,historical_mapped,historical_crosswalk,85,230000,黑龙江省,231100,黑河市,231102,爱辉区,231100,黑河市,prefecture,unique_canonical_name_under_mapped_parent,
310100,上海市,上海市,,4,partial,current_parent_code,60,310000,上海市,,,,,310000,上海市,municipality,current_parent_code,
310122,上海市,上海市,,4,partial,current_parent_code,60,310000,上海市,,,,,310000,上海市,municipality,current_parent_code,
320227,江苏省,无锡市,,4,partial,current_parent_code,60,320000,江苏省,320200,无锡市,,,320200,无锡市,prefecture,current_parent_code,
320428,江苏省,常州市,,4,partial,current_parent_code,60,320000,江苏省,320400,常州市,,,320400,常州市,prefecture,current_parent_code,
320430,江苏省,常州市,,4,partial,current_parent_code,60,320000,江苏省,320400,常州市,,,320400,常州市,prefecture,current_parent_code,
320500,江苏省,苏州市,,4,current,current_code,100,320000,江苏省,320500,苏州市,,,320500,苏州市,prefecture,current_code,
320781,江苏省,连云港市,,4,partial,current_parent_code,60,320000,江苏省,320700,连云港市,,,320700,连云港市,prefecture,current_parent_code,
320820,江苏省,淮安市,,4,partial,current_parent_code,60,320000,江苏省,320800,淮安市,,,320800,淮安市,prefecture,current_parent_code,
322129,江苏省,徐州地区,,4,unresolved,none,0,,,,,,,,,,none,
330911,浙江省,舟山市,,4,partial,current_parent_code,60,330000,浙江省,330900,舟山市,,,330900,舟山市,prefecture,current_parent_code,
331102,浙江省,丽水市,莲都区,4,current,current_code,100,330000,浙江省,331100,丽水市,331102,莲都区,331100,丽水市,prefecture,current_code,
331181,浙江省,丽水市,龙泉市,4,current,current_code,100,330000,浙江省,331100,丽水市,331181,龙泉市,331100,丽水市,prefecture,current_code,
340523,安徽省,马鞍山市,和县,4,current,current_code,100,340000,安徽省,340500,马鞍山市,340523,和县,340500,马鞍山市,prefecture,current_code,
341302,安徽省,宿州市,埇桥区,4,current,current_code,100,340000,安徽省,341300,宿州市,341302,埇桥区,341300,宿州市,prefecture,current_code,
342230,安徽省,宿县地区,,4,unresolved,none,0,,,,,,,,,,none,
350213,福建省,厦门市,翔安区,4,current,current_code,100,350000,福建省,350200,厦门市,350213,翔安区,350200,厦门市,prefecture,current_code,
360100,江西省,南昌市,,4,current,current_code,100,360000,江西省,360100,南昌市,,,360100,南昌市,prefecture,current_code,
360323,江西省,萍乡市,芦溪县,4,current,current_code,100,360000,江西省,360300,萍乡市,360323,芦溪县,360300,萍乡市,prefecture,current_code,
360822,江西省,吉安市,吉水县,4,current,current_code,100,360000,江西省,360800,吉安市,360822,吉水县,360800,吉安市,prefecture,current_code,
360983,江西省,宜春市,高安市,4,current,current_code,100,360000,江西省,360900,宜春市,360983,高安市,360900,宜春市,prefecture,current_code,
361023,江西省,抚州市,南丰县,4,current,current_code,100,360000,江西省,361000,抚州市,361023,南丰县,361000,抚州市,prefecture,current_code,
361128,江西省,上饶市,鄱阳县,4,current,current_code,100,360000,江西省,361100,上饶市,361128,鄱阳县,361100,上饶市,prefecture,current_code,
370101,山东省,济南市,,4,partial,current_parent_code,60,370000,山东省,370100,济南市,,,370100,济南市,prefecture,current_parent_code,
419005,河南省,省直辖县级行政区划,卫辉市,4,historical_mapped,historical_crosswalk,90,410000,河南省,410700,新乡市,410781,卫辉市,410700,新乡市,prefecture,unique_exact_name,
422222,湖北省,孝感地区,黄陂县,4,historical_mapped,historical_crosswalk,85,420000,湖北省,420100,武汉市,420116,黄陂区,420100,武汉市,prefecture,unique_canonical_name,
432203,湖南省,岳阳地区,,4,unresolved,none,0,,,,,,,,,,none,
440113,广东省,广州市,番禺区,4,current,current_code,100,440000,广东省,440100,广州市,440113,番禺区,440100,广州市,prefecture,current_code,
440283,广东省,韶关市,,4,partial,current_parent_code,60,440000,广东省,440200,韶关市,,,440200,韶关市,prefecture,current_parent_code,
440513,广东省,汕头市,潮阳区,4,current,current_code,100,440000,广东省,440500,汕头市,440513,潮阳区,440500,汕头市,prefecture,current_code,
440983,广东省,茂名市,信宜市,4,current,current_code,100,440000,广东省,440900,茂名市,440983,信宜市,440900,茂名市,prefecture,current_code,
441303,广东省,惠州市,惠阳区,4,current,current_code,100,440000,广东省,441300,惠州市,441303,惠阳区,441300,惠州市,prefecture,current_code,
510117,四川省,成都市,郫都区,4,current,current_code,100,510000,四川省,510100,成都市,510117,郫都区,510100,成都市,prefecture,current_code,
510310,四川省,自贡市,,4,partial,current_parent_code,60,510000,四川省,510300,自贡市,,,510300,自贡市,prefecture,current_parent_code,
510323,四川省,自贡市,,4,partial,current_parent_code,60,510000,四川省,510300,自贡市,,,510300,自贡市,prefecture,current_parent_code,
511201,四川省,万县市,,4,unresolved,none,0,,,,,,,,,,none,
511423,四川省,眉山市,洪雅县,4,current,current_code,100,510000,四川省,511400,眉山市,511423,洪雅县,511400,眉山市,prefecture,current_code,
512327,四川省,涪陵地区,彭水苗族土家族自治县,4,ambiguous,historical_crosswalk,100,,,,,,,,,,historical_code_reused,
512521,四川省,宜宾地区,泸县,4,ambiguous,historical_crosswalk,100,,,,,,,,,,historical_code_reused,510521
512523,四川省,宜宾地区,合江县,4,ambiguous,historical_crosswalk,100,,,,,,,,,,historical_code_reused,510522
512982,四川省,南充地区,,4,unresolved,none,0,,,,,,,,,,none,
530522,云南省,保山市,腾冲县,4,historical_mapped,historical_crosswalk,85,530000,云南省,530500,保山市,530581,腾冲市,530500,保山市,prefecture,unique_canonical_name_under_mapped_parent,
530902,云南省,临沧市,临翔区,4,current,current_code,100,530000,云南省,530900,临沧市,530902,临翔区,530900,临沧市,prefecture,current_code,
532229,云南省,曲靖地区,宜良县,4,historical_mapped,historical_crosswalk,90,530000,云南省,530100,昆明市,530125,宜良县,530100,昆明市,prefecture,unique_exact_name,
540121,西藏自治区,拉萨市,林周县,4,current,current_code,100,540000,西藏自治区,540100,拉萨市,540121,林周县,540100,拉萨市,prefecture,current_code,
540122,西藏自治区,拉萨市,当雄县,4,current,current_code,100,540000,西藏自治区,540100,拉萨市,540122,当雄县,540100,拉萨市,prefecture,current_code,
542125,西藏自治区,昌都地区,丁青县,4,historical_mapped,historical_crosswalk,90,540000,西藏自治区,540300,昌都市,540324,丁青县,540300,昌都市,prefecture,unique_exact_name_under_mapped_parent,
542225,西藏自治区,山南地区,琼结县,4,ambiguous,historical_crosswalk,100,,,,,,,,,,historical_code_reused,540524
542228,西藏自治区,山南地区,洛扎县,4,historical_mapped,historical_crosswalk,90,540000,西藏自治区,540500,山南市,540527,洛扎县,540500,山南市,prefecture,unique_exact_name_under_mapped_parent,
542329,西藏自治区,日喀则地区,白朗县,4,historical_mapped,historical_crosswalk,90,540000,西藏自治区,540200,日喀则市,540228,白朗县,540200,日喀则市,prefecture,unique_exact_name_under_mapped_parent,
542425,西藏自治区,那曲地区,安多县,4,historical_mapped,historical_crosswalk,90,540000,西藏自治区,540600,那曲市,540624,安多县,540600,那曲市,prefecture,unique_exact_name_under_mapped_parent,
610223,陕西省,铜川市,,4,partial,current_parent_code,60,610000,陕西省,610200,铜川市,,,610200,铜川市,prefecture,current_parent_code,
610226,陕西省,铜川市,,4,partial,current_parent_code,60,610000,陕西省,610200,铜川市,,,610200,铜川市,prefecture,current_parent_code,
610401,陕西省,咸阳市,咸阳市,4,partial,historical_crosswalk,90,610000,陕西省,610400,咸阳市,,,610400,咸阳市,prefecture,unique_exact_name_under_mapped_parent,
621027,甘肃省,庆阳市,镇原县,4,current,current_code,100,620000,甘肃省,621000,庆阳市,621027,镇原县,621000,庆阳市,prefecture,current_code,
621102,甘肃省,定西市,安定区,4,current,current_code,100,620000,甘肃省,621100,定西市,621102,安定区,621100,定西市,prefecture,current_code,
621125,甘肃省,定西市,漳县,4,current,current_code,100,620000,甘肃省,621100,定西市,621125,漳县,621100,定西市,prefecture,current_code,
630123,青海省,西宁市,湟源县,4,current,current_code,100,630000,青海省,630100,西宁市,630123,湟源县,630100,西宁市,prefecture,current_code,
632323,青海省,黄南藏族自治州,泽库县,4,current,current_code,100,630000,青海省,632300,黄南藏族自治州,632323,泽库县,632300,黄南藏族自治州,prefecture,current_code,
632723,青海省,玉树藏族自治州,称多县,4,current,current_code,100,630000,青海省,632700,玉树藏族自治州,632723,称多县,632700,玉树藏族自治州,prefecture,current_code,
654025,新疆维吾尔自治区,伊犁哈萨克自治州,新源县,4,current,current_code,100,650000,新疆维吾尔自治区,654000,伊犁哈萨克自治州,654025,新源县,654000,伊犁哈萨克自治州,prefecture,current_code,
,四川省,成都市,,3,unresolved,none,0,,,,,,,,,,none,
,四川省,涪陵地区,丰都县,3,unresolved,none,0,,,,,,,,,,none,
,四川省,内江市,资阳县,3,unresolved,none,0,,,,,,,,,,none,
120429,天津市,,,3,partial,current_parent_code,60,120000,天津市,,,,,120000,天津市,municipality,current_parent_code,
122101,天津市,,,3,partial,current_parent_code,60,120000,天津市,,,,,120000,天津市,municipality,current_parent_code,
122103,天津市,,,3,partial,current_parent_code,60,120000,天津市,,,,,120000,天津市,municipality,current_parent_code,
122104,天津市,,,3,partial,current_parent_code,60,120000,天津市,,,,,120000,天津市,municipality,current_parent_code,
122127,天津市,,,3,partial,current_parent_code,60,120000,天津市,,,,,120000,天津市,municipality,current_parent_code,
130207,河北省,唐山市,丰南区,3,current,current_code,100,130000,河北省,130200,唐山市,130207,丰南区,130200,唐山市,prefecture,current_code,
130232,河北省,唐山市,,3,partial,current_parent_code,60,130000,河北省,130200,唐山市,,,130200,唐山市,prefecture,current_parent_code,
130301,河北省,秦皇岛市,,3,partial,current_parent_code,60,130000,河北省,130300,秦皇岛市,,,130300,秦皇岛市,prefecture,current_parent_code,
131003,河北省,廊坊市,广阳区,3,current,current_code,100,130000,河北省,131000,廊坊市,131003,广阳区,131000,廊坊市,prefecture,current_code,
140921,山西省,忻州市,定襄县,3,current,current_code,100,140000,山西省,140900,忻州市,140921,定襄县,140900,忻州市,prefecture,current_code,
150782,内蒙古自治区,呼伦贝尔市,牙克石市,3,current,current_code,100,150000,内蒙古自治区,150700,呼伦贝尔市,150782,牙克石市,150700,呼伦贝尔市,prefecture,current_code,
210101,辽宁省,沈阳市,,3,partial,current_parent_code,60,210000,辽宁省,210100,沈阳市,,,210100,沈阳市,prefecture,current_parent_code,
210129,辽宁省,沈阳市,,3,partial,current_parent_code,60,210000,辽宁省,210100,沈阳市,,,210100,沈阳市,prefecture,current_parent_code,
211229,辽宁省,铁岭市,,3,partial,current_parent_code,60,210000,辽宁省,211200,铁岭市,,,211200,铁岭市,prefecture,current_parent_code,
211602,辽宁省,,,3,unresolved,none,0,,,,,,,,,,none,
211902,辽宁省,,,3,unresolved,none,0,,,,,,,,,,none,
212926,辽宁省,,,3,unresolved,none,0,,,,,,,,,,none,
213001,辽宁省,,,3,unresolved,none,0,,,,,,,,,,none,
213026,辽宁省,,,3,unresolved,none,0,,,,,,,,,,none,
213922,辽宁省,,,3,unresolved,none,0,,,,,,,,,,none,
220424,吉林省,辽源市,,3,partial,current_parent_code,60,220000,吉林省,220400,辽源市,,,220400,辽源市,prefecture,current_parent_code,
220701,吉林省,松原市,,3,partial,current_parent_code,60,220000,吉林省,220700,松原市,,,220700,松原市,prefecture,current_parent_code,
222629,吉林省,永吉地区,,3,unresolved,none,0,,,,,,,,,,none,
222633,吉林省,永吉地区,,3,unresolved,none,0,,,,,,,,,,none,
222634,吉林省,永吉地区,,3,unresolved,none,0,,,,,,,,,,none,
222636,吉林省,永吉地区,,3,unresolved,none,0,,,,,,,,,,none,
231104,黑龙江省,黑河市,,3,partial,current_parent_code,60,230000,黑龙江省,231100,黑河市,,,231100,黑河市,prefecture,current_parent_code,
232123,黑龙江省,松花江地区,呼兰县,3,ambiguous,historical_crosswalk,100,,,,,,,,,,historical_code_reused,230111
232222,黑龙江省,嫩江地区,讷河县,3,ambiguous,historical_crosswalk,100,,,,,,,,,,historical_code_reused,230281
232621,黑龙江省,黑河地区,嫩江县,3,historical_mapped,historical_crosswalk,85,230000,黑龙江省,231100,黑河市,231183,嫩江市,231100,黑河市,prefecture,unique_canonical_name_under_mapped_parent,
232628,黑龙江省,黑河地区,,3,unresolved,none,0,,,,,,,,,,none,
310123,上海市,上海市,,3,partial,current_parent_code,60,310000,上海市,,,,,310000,上海市,municipality,current_parent_code,
310203,上海市,上海市,宝山县,3,historical_mapped,historical_crosswalk,85,310000,上海市,,,310113,宝山区,310000,上海市,municipality,unique_canonical_name,
310212,上海市,上海市,,3,partial,current_parent_code,60,310000,上海市,,,,,310000,上海市,municipality,current_parent_code,
320126,江苏省,南京市,,3,partial,current_parent_code,60,320000,江苏省,320100,南京市,,,320100,南京市,prefecture,current_parent_code,
320181,江苏省,南京市,,3,partial,current_parent_code,60,320000,江苏省,320100,南京市,,,320100,南京市,prefecture,current_parent_code,
320528,江苏省,苏州市,,3,partial,current_parent_code,60,320000,江苏省,320500,苏州市,,,320500,苏州市,prefecture,current_parent_code,
320600,江苏省,南通市,,3,current,current_code,100,320000,江苏省,320600,南通市,,,320600,南通市,prefecture,current_code,
320782,江苏省,连云港市,,3,partial,current_parent_code,60,320000,江苏省,320700,连云港市,,,320700,连云港市,prefecture,current_parent_code,
320800,江苏省,淮安市,,3,current,current_code,100,320000,江苏省,320800,淮安市,,,320800,淮安市,prefecture,current_code,
320807,江苏省,淮安市,,3,partial,current_parent_code,60,320000,江苏省,320800,淮安市,,,320800,淮安市,prefecture,current_parent_code,
320931,江苏省,盐城市,,3,partial,current_parent_code,60,320000,江苏省,320900,盐城市,,,320900,盐城市,prefecture,current_parent_code,
322102,江苏省,徐州地区,,3,unresolved,none,0,,,,,,,,,,none,
322122,江苏省,徐州地区,沛县,3,historical_mapped,historical_crosswalk,90,320000,江苏省,320300,徐州市,320322,沛县,320300,徐州市,prefecture,unique_exact_name_under_mapped_parent,
322127,江苏省,徐州地区,东海县,3,historical_mapped,historical_crosswalk,90,320000,江苏省,320700,连云港市,320722,东海县,320700,连云港市,prefecture,unique_exact_name,
322226,江苏省,淮阴地区,泗阳县,3,historical_mapped,historical_crosswalk,90,320000,江苏省,321300,宿迁市,321323,泗阳县,321300,宿迁市,prefecture,unique_exact_name,
322231,江苏省,淮阴地区,盱眙县,3,historical_mapped,historical_crosswalk,90,320000,江苏省,320800,淮安市,320830,盱眙县,320800,淮安市,prefecture,unique_exact_name,
329001,江苏省,,泰州市,3,partial,historical_crosswalk,90,320000,江苏省,321200,泰州市,,,321200,泰州市,prefecture,unique_exact_name,
329002,江苏省,,仪征市,3,historical_mapped,historical_crosswalk,90,320000,江苏省,321000,扬州市,321081,仪征市,321000,扬州市,prefecture,unique_exact_name,
330626,浙江省,绍兴市,,3,partial,current_parent_code,60,330000,浙江省,330600,绍兴市,,,330600,绍兴市,prefecture,current_parent_code,
330627,浙江省,绍兴市,,3,partial,current_parent_code,60,330000,浙江省,330600,绍兴市,,,330600,绍兴市,prefecture,current_parent_code,
330783,浙江省,金华市,东阳市,3,current,current_code,100,330000,浙江省,330700,金华市,330783,东阳市,330700,金华市,prefecture,current_code,
339003,浙江省,浙江省直辖县级行政区划,兰溪市,3,historical_mapped,historical_crosswalk,90,330000,浙江省,330700,金华市,330781,兰溪市,330700,金华市,prefecture,unique_exact_name,
341000,安徽省,黄山市,,3,current,current_code,100,340000,安徽省,341000,黄山市,,,341000,黄山市,prefecture,current_code,
341201,安徽省,阜阳市,,3,partial,current_parent_code,60,340000,安徽省,341200,阜阳市,,,341200,阜阳市,prefecture,current_parent_code,
341525,安徽省,六安市,霍山县,3,current,current_code,100,340000,安徽省,341500,六安市,341525,霍山县,341500,六安市,prefecture,current_code,
341723,安徽省,池州市,青阳县,3,current,current_code,100,340000,安徽省,341700,池州市,341723,青阳县,341700,池州市,prefecture,current_code,
341802,安徽省,宣城市,宣州区,3,current,current_code,100,340000,安徽省,341800,宣城市,341802,宣州区,341800,宣城市,prefecture,current_code,
342227,安徽省,宿县地区,五河县,3,historical_mapped,historical_crosswalk,90,340000,安徽省,340300,蚌埠市,340322,五河县,340300,蚌埠市,prefecture,unique_exact_name,
342526,安徽省,宣城地区,繁昌县,3,historical_mapped,historical_crosswalk,85,340000,安徽省,340200,芜湖市,340212,繁昌区,340200,芜湖市,prefecture,unique_canonical_name,
350505,福建省,泉州市,泉港区,3,current,current_code,100,350000,福建省,350500,泉州市,350505,泉港区,350500,泉州市,prefecture,current_code,
360829,江西省,吉安市,安福县,3,current,current_code,100,360000,江西省,360800,吉安市,360829,安福县,360800,吉安市,prefecture,current_code,
361029,江西省,抚州市,东乡县,3,historical_mapped,historical_crosswalk,85,360000,江西省,361000,抚州市,361003,东乡区,361000,抚州市,prefecture,unique_canonical_name_under_mapped_parent,
361030,江西省,抚州市,广昌县,3,current,current_code,100,360000,江西省,361000,抚州市,361030,广昌县,361000,抚州市,prefecture,current_code,
361125,江西省,上饶市,横峰县,3,current,current_code,100,360000,江西省,361100,上饶市,361125,横峰县,361100,上饶市,prefecture,current_code,
361129,江西省,上饶市,万年县,3,current,current_code,100,360000,江西省,361100,上饶市,361129,万年县,361100,上饶市,prefecture,current_code,
361181,江西省,上饶市,德兴市,3,current,current_code,100,360000,江西省,361100,上饶市,361181,德兴市,361100,上饶市,prefecture,current_code,
370201,山东省,青岛市,,3,partial,current_parent_code,60,370000,山东省,370200,青岛市,,,370200,青岛市,prefecture,current_parent_code,
371281,山东省,莱芜市,,3,unresolved,none,0,,,,,,,,,,none,
372201,山东省,潍坊地区,潍坊市,3,partial,historical_crosswalk,90,370000,山东省,370700,潍坊市,,,370700,潍坊市,prefecture,unique_exact_name,
410506,河南省,安阳市,龙安区,3,current,current_code,100,410000,河南省,410500,安阳市,410506,龙安区,410500,安阳市,prefecture,current_code,
411203,河南省,三门峡市,陕州区,3,current,current_code,100,410000,河南省,411200,三门峡市,411203,陕州区,411200,三门峡市,prefecture,current_code,
411721,河南省,驻马店市,西平县,3,current,current_code,100,410000,河南省,411700,驻马店市,411721,西平县,411700,驻马店市,prefecture,current_code,
420320,湖北省,十堰市,,3,partial,current_parent_code,60,420000,湖北省,420300,十堰市,,,420300,十堰市,prefecture,current_parent_code,
420506,湖北省,宜昌市,夷陵区,3,current,current_code,100,420000,湖北省,420500,宜昌市,420506,夷陵区,420500,宜昌市,prefecture,current_code,
422131,湖北省,黄冈地区,鄂城县,3,historical_mapped,historical_crosswalk,85,420000,湖北省,420700,鄂州市,420704,鄂城区,420700,鄂州市,prefecture,unique_canonical_name,
422321,湖北省,咸宁地区,咸宁县,3,partial,historical_crosswalk,85,420000,湖北省,421200,咸宁市,,,421200,咸宁市,prefecture,unique_canonical_name_under_mapped_parent,
422329,湖北省,咸宁地区,,3,unresolved,none,0,,,,,,,,,,none,
422331,湖北省,咸宁地区,,3,unresolved,none,0,,,,,,,,,,none,
430101,湖南省,长沙市,,3,partial,current_parent_code,60,430000,湖南省,430100,长沙市,,,430100,长沙市,prefecture,current_parent_code,
430226,湖南省,株洲市,,3,partial,current_parent_code,60,430000,湖南省,430200,株洲市,,,430200,株洲市,prefecture,current_parent_code,
430227,湖南省,株洲市,,3,partial,current_parent_code,60,430000,湖南省,430200,株洲市,,,430200,株洲市,prefecture,current_parent_code,
430229,湖南省,株洲市,,3,partial,current_parent_code,60,430000,湖南省,430200,株洲市,,,430200,株洲市,prefecture,current_parent_code,
432202,湖南省,岳阳地区,,3,unresolved,none,0,,,,,,,,,,none,
440302,广东省,深圳市,,3,partial,current_parent_code,60,440000,广东省,440300,深圳市,,,440300,深圳市,prefecture,current_parent_code,
440403,广东省,珠海市,斗门区,3,current,current_code,100,440000,广东省,440400,珠海市,440403,斗门区,440400,珠海市,prefecture,current_code,
440604,广东省,佛山市,禅城区,3,current,current_code,100,440000,广东省,440600,佛山市,440604,禅城区,440600,佛山市,prefecture,current_code,
440703,广东省,江门市,蓬江区,3,current,current_code,100,440000,广东省,440700,江门市,440703,蓬江区,440700,江门市,prefecture,current_code,
450107,广西壮族自治区,南宁市,西乡塘区,3,current,current_code,100,450000,广西壮族自治区,450100,南宁市,450107,西乡塘区,450100,南宁市,prefecture,current_code,
450124,广西壮族自治区,南宁市,马山县,3,current,current_code,100,450000,广西壮族自治区,450100,南宁市,450124,马山县,450100,南宁市,prefecture,current_code,
450125,广西壮族自治区,南宁市,上林县,3,current,current_code,100,450000,广西壮族自治区,450100,南宁市,450125,上林县,450100,南宁市,prefecture,current_code,
450225,广西壮族自治区,柳州市,融水苗族自治县,3,current,current_code,100,450000,广西壮族自治区,450200,柳州市,450225,融水苗族自治县,450200,柳州市,prefecture,current_code,
451024,广西壮族自治区,百色市,德保县,3,current,current_code,100,450000,广西壮族自治区,451000,百色市,451024,德保县,451000,百色市,prefecture,current_code,
451281,广西壮族自治区,河池市,宜州市,3,historical_mapped,historical_crosswalk,85,450000,广西壮族自治区,451200,河池市,451203,宜州区,451200,河池市,prefecture,unique_canonical_name_under_mapped_parent,
500281,重庆市,重庆市,,3,partial,current_parent_code,60,500000,重庆市,,,,,500000,重庆市,municipality,current_parent_code,
501824,重庆市,,,3,partial,current_parent_code,60,500000,重庆市,,,,,500000,重庆市,municipality,current_parent_code,
510200,四川省,重庆市,,3,historical_mapped,historical_crosswalk,100,500000,重庆市,,,,,500000,重庆市,municipality,reviewed_municipality_upgrade,
510284,四川省,重庆市,,3,unresolved,none,0,,,,,,,,,,none,
510300,四川省,自贡市,,3,current,current_code,100,510000,四川省,510300,自贡市,,,510300,自贡市,prefecture,current_code,
510526,四川省,泸州市,,3,partial,current_parent_code,60,510000,四川省,510500,泸州市,,,510500,泸州市,prefecture,current_parent_code,
510700,四川省,绵阳市,,3,current,current_code,100,510000,四川省,510700,绵阳市,,,510700,绵阳市,prefecture,current_code,
510712,四川省,绵阳市,,3,partial,current_parent_code,60,510000,四川省,510700,绵阳市,,,510700,绵阳市,prefecture,current_parent_code,
510900,四川省,遂宁市,,3,current,current_code,100,510000,四川省,510900,遂宁市,,,510900,遂宁市,prefecture,current_code,
510925,四川省,遂宁市,,3,partial,current_parent_code,60,510000,四川省,510900,遂宁市,,,510900,遂宁市,prefecture,current_parent_code,
511016,四川省,内江市,,3,partial,current_parent_code,60,510000,四川省,511000,内江市,,,511000,内江市,prefecture,current_parent_code,
511029,四川省,内江市,,3,partial,current_parent_code,60,510000,四川省,511000,内江市,,,511000,内江市,prefecture,current_parent_code,
511211,四川省,万县市,,3,unresolved,none,0,,,,,,,,,,none,
511911,四川省,巴中市,,3,partial,current_parent_code,60,510000,四川省,511900,巴中市,,,511900,巴中市,prefecture,current_parent_code,
512011,四川省,资阳市,,3,partial,current_parent_code,60,510000,四川省,512000,资阳市,,,512000,资阳市,prefecture,current_parent_code,
512321,四川省,涪陵地区,涪陵县,3,ambiguous,historical_crosswalk,100,,,,,,,,,,historical_code_reused,
512502,四川省,宜宾地区,泸州市,3,partial,historical_crosswalk,90,510000,四川省,510500,泸州市,,,510500,泸州市,prefecture,unique_exact_name,
512507,四川省,宜宾地区,,3,unresolved,none,0,,,,,,,,,,none,
512525,四川省,宜宾地区,叙永县,3,ambiguous,historical_crosswalk,100,,,,,,,,,,historical_code_reused,510524
513421,四川省,凉山彝族自治州,西昌县,3,historical_mapped,historical_crosswalk,85,510000,四川省,513400,凉山彝族自治州,513401,西昌市,513400,凉山彝族自治州,prefecture,unique_canonical_name_under_mapped_parent,
513700,四川省,巴中地区,,3,historical_mapped,historical_crosswalk,85,510000,四川省,511900,巴中市,,,511900,巴中市,prefecture,unique_canonical_name_under_mapped_parent,
520303,贵州省,遵义市,汇川区,3,current,current_code,100,520000,贵州省,520300,遵义市,520303,汇川区,520300,遵义市,prefecture,current_code,
520321,贵州省,遵义市,遵义县,3,partial,historical_crosswalk,85,520000,贵州省,520300,遵义市,,,520300,遵义市,prefecture,unique_canonical_name_under_mapped_parent,
530826,云南省,普洱市,江城哈尼族彝族自治县,3,current,current_code,100,530000,云南省,530800,普洱市,530826,江城哈尼族彝族自治县,530800,普洱市,prefecture,current_code,
530922,云南省,临沧市,云县,3,current,current_code,100,530000,云南省,530900,临沧市,530922,云县,530900,临沧市,prefecture,current_code,
540123,西藏自治区,拉萨市,尼木县,3,current,current_code,100,540000,西藏自治区,540100,拉萨市,540123,尼木县,540100,拉萨市,prefecture,current_code,
542133,西藏自治区,昌都地区,边坝县,3,historical_mapped,historical_crosswalk,90,540000,西藏自治区,540300,昌都市,540330,边坝县,540300,昌都市,prefecture,unique_exact_name_under_mapped_parent,
542222,西藏自治区,山南地区,扎囊县,3,historical_mapped,historical_crosswalk,90,540000,西藏自治区,540500,山南市,540521,扎囊县,540500,山南市,prefecture,unique_exact_name_under_mapped_parent,
542224,西藏自治区,山南地区,桑日县,3,historical_mapped,historical_crosswalk,90,540000,西藏自治区,540500,山南市,540523,桑日县,540500,山南市,prefecture,unique_exact_name_under_mapped_parent,
542226,西藏自治区,山南地区,曲松县,3,historical_mapped,historical_crosswalk,90,540000,西藏自治区,540500,山南市,540525,曲松县,540500,山南市,prefecture,unique_exact_name_under_mapped_parent,
542227,西藏自治区,山南地区,措美县,3,historical_mapped,historical_crosswalk,90,540000,西藏自治区,540500,山南市,540526,措美县,540500,山南市,prefecture,unique_exact_name_under_mapped_parent,
542229,西藏自治区,山南地区,加查县,3,historical_mapped,historical_crosswalk,90,540000,西藏自治区,540500,山南市,540528,加查县,540500,山南市,prefecture,unique_exact_name_under_mapped_parent,
542322,西藏自治区,日喀则地区,南木林县,3,historical_mapped,historical_crosswalk,90,540000,西藏自治区,540200,日喀则市,540221,南木林县,540200,日喀则市,prefecture,unique_exact_name_under_mapped_parent,
542326,西藏自治区,日喀则地区,拉孜县,3,historical_mapped,historical_crosswalk,90,540000,西藏自治区,540200,日喀则市,540225,拉孜县,540200,日喀则市,prefecture,unique_exact_name_under_mapped_parent,
542424,西藏自治区,那曲地区,聂荣县,3,historical_mapped,historical_crosswalk,90,540000,西藏自治区,540600,那曲市,540623,聂荣县,540600,那曲市,prefecture,unique_exact_name_under_mapped_parent,
542426,西藏自治区,那曲地区,申扎县,3,historical_mapped,historical_crosswalk,90,540000,西藏自治区,540600,那曲市,540625,申扎县,540600,那曲市,prefecture,unique_exact_name_under_mapped_parent,
542428,西藏自治区,那曲地区,班戈县,3,historical_mapped,historical_crosswalk,90,540000,西藏自治区,540600,那曲市,540627,班戈县,540600,那曲市,prefecture,unique_exact_name_under_mapped_parent,
542627,西藏自治区,林芝地区,朗县,3,historical_mapped,historical_crosswalk,90,540000,西藏自治区,540400,林芝市,540426,朗县,540400,林芝市,prefecture,unique_exact_name_under_mapped_parent,
610136,陕西省,西安市,,3,partial,current_parent_code,60,610000,陕西省,610100,西安市,,,610100,西安市,prefecture,current_parent_code,
610925,陕西省,安康市,岚皋县,3,current,current_code,100,610000,陕西省,610900,安康市,610925,岚皋县,610900,安康市,prefecture,current_code,
611002,陕西省,商洛市,商州区,3,current,current_code,100,610000,陕西省,611000,商洛市,611002,商州区,611000,商洛市,prefecture,current_code,
611021,陕西省,商洛市,洛南县,3,current,current_code,100,610000,陕西省,611000,商洛市,611021,洛南县,611000,商洛市,prefecture,current_code,
620222,甘肃省,嘉峪关市,,3,partial,current_parent_code,60,620000,甘肃省,620200,嘉峪关市,,,620200,嘉峪关市,prefecture,current_parent_code,
620424,甘肃省,白银市,,3,partial,current_parent_code,60,620000,甘肃省,620400,白银市,,,620400,白银市,prefecture,current_parent_code,
620425,甘肃省,白银市,,3,partial,current_parent_code,60,620000,甘肃省,620400,白银市,,,620400,白银市,prefecture,current_parent_code,
621026,甘肃省,庆阳市,宁县,3,current,current_code,100,620000,甘肃省,621000,庆阳市,621026,宁县,621000,庆阳市,prefecture,current_code,
621126,甘肃省,定西市,岷县,3,current,current_code,100,620000,甘肃省,621100,定西市,621126,岷县,621100,定西市,prefecture,current_code,
630122,青海省,西宁市,湟中县,3,historical_mapped,historical_crosswalk,85,630000,青海省,630100,西宁市,630106,湟中区,630100,西宁市,prefecture,unique_canonical_name_under_mapped_parent,
640423,宁夏回族自治区,固原市,隆德县,3,current,current_code,100,640000,宁夏回族自治区,640400,固原市,640423,隆德县,640400,固原市,prefecture,current_code,
652102,新疆维吾尔自治区,吐鲁番地区,,3,unresolved,none,0,,,,,,,,,,none,
,云南省,,,2,unresolved,none,0,,,,,,,,,,none,
,北京市,,,2,unresolved,none,0,,,,,,,,,,none,
,河北省,,,2,unresolved,none,0,,,,,,,,,,none,
,四川省,成都市,双流县,2,unresolved,none,0,,,,,,,,,,none,
,四川省,成都市,西城区,2,unresolved,none,0,,,,,,,,,,none,
,四川省,达川地区,宣汉县,2,unresolved,none,0,,,,,,,,,,none,
,四川省,达川地区,达川市,2,unresolved,none,0,,,,,,,,,,none,
,四川省,甘孜藏族自治州,康定县,2,unresolved,none,0,,,,,,,,,,none,
,四川省,乐山市,仁寿县,2,unresolved,none,0,,,,,,,,,,none,
,辽宁省,辽阳市,辽阳县,2,unresolved,none,0,,,,,,,,,,none,
,陕西省,西安市,碑林区,2,unresolved,none,0,,,,,,,,,,none,
110115,北京市,北京市,大兴区,2,current,current_code,100,110000,北京市,,,110115,大兴区,110000,北京市,municipality,current_code,
120121,天津市,天津市,,2,partial,current_parent_code,60,120000,天津市,,,,,120000,天津市,municipality,current_parent_code,
122128,天津市,,,2,partial,current_parent_code,60,120000,天津市,,,,,120000,天津市,municipality,current_parent_code,
122201,天津市,,,2,partial,current_parent_code,60,120000,天津市,,,,,120000,天津市,municipality,current_parent_code,
122221,天津市,,,2,partial,current_parent_code,60,120000,天津市,,,,,120000,天津市,municipality,current_parent_code,
122301,天津市,,,2,partial,current_parent_code,60,120000,天津市,,,,,120000,天津市,municipality,current_parent_code,
122921,天津市,,,2,partial,current_parent_code,60,120000,天津市,,,,,120000,天津市,municipality,current_parent_code,
130101,河北省,石家庄市,,2,partial,current_parent_code,60,130000,河北省,130100,石家庄市,,,130100,石家庄市,prefecture,current_parent_code,
130112,河北省,石家庄市,,2,partial,current_parent_code,60,130000,河北省,130100,石家庄市,,,130100,石家庄市,prefecture,current_parent_code,
130231,河北省,唐山市,,2,partial,current_parent_code,60,130000,河北省,130200,唐山市,,,130200,唐山市,prefecture,current_parent_code,
130234,河北省,唐山市,,2,partial,current_parent_code,60,130000,河北省,130200,唐山市,,,130200,唐山市,prefecture,current_parent_code,
132333,河北省,石家庄地区,井陉县,2,historical_mapped,historical_crosswalk,90,130000,河北省,130100,石家庄市,130121,井陉县,130100,石家庄市,prefecture,unique_exact_name_under_mapped_parent,
140727,山西省,晋中市,祁县,2,current,current_code,100,140000,山西省,140700,晋中市,140727,祁县,140700,晋中市,prefecture,current_code,
140928,山西省,忻州市,五寨县,2,current,current_code,100,140000,山西省,140900,忻州市,140928,五寨县,140900,忻州市,prefecture,current_code,
140929,山西省,忻州市,岢岚县,2,current,current_code,100,140000,山西省,140900,忻州市,140929,岢岚县,140900,忻州市,prefecture,current_code,
141032,山西省,临汾市,永和县,2,current,current_code,100,140000,山西省,141000,临汾市,141032,永和县,141000,临汾市,prefecture,current_code,
141126,山西省,吕梁市,石楼县,2,current,current_code,100,140000,山西省,141100,吕梁市,141126,石楼县,141100,吕梁市,prefecture,current_code,
150107,内蒙古自治区,呼和浩特市,,2,partial,current_parent_code,60,150000,内蒙古自治区,150100,呼和浩特市,,,150100,呼和浩特市,prefecture,current_parent_code,
150401,内蒙古自治区,赤峰市,,2,partial,current_parent_code,60,150000,内蒙古自治区,150400,赤峰市,,,150400,赤峰市,prefecture,current_parent_code,
150523,内蒙古自治区,通辽市,开鲁县,2,current,current_code,100,150000,内蒙古自治区,150500,通辽市,150523,开鲁县,150500,通辽市,prefecture,current_code,
150581,内蒙古自治区,通辽市,霍林郭勒市,2,current,current_code,100,150000,内蒙古自治区,150500,通辽市,150581,霍林郭勒市,150500,通辽市,prefecture,current_code,
210108,辽宁省,沈阳市,,2,partial,current_parent_code,60,210000,辽宁省,210100,沈阳市,,,210100,沈阳市,prefecture,current_parent_code,
210182,辽宁省,沈阳市,,2,partial,current_parent_code,60,210000,辽宁省,210100,沈阳市,,,210100,沈阳市,prefecture,current_parent_code,
210183,辽宁省,沈阳市,,2,partial,current_parent_code,60,210000,辽宁省,210100,沈阳市,,,210100,沈阳市,prefecture,current_parent_code,
210400,辽宁省,抚顺市,,2,current,current_code,100,210000,辽宁省,210400,抚顺市,,,210400,抚顺市,prefecture,current_code,
210601,辽宁省,丹东市,,2,partial,current_parent_code,60,210000,辽宁省,210600,丹东市,,,210600,丹东市,prefecture,current_parent_code,
210626,辽宁省,丹东市,,2,partial,current_parent_code,60,210000,辽宁省,210600,丹东市,,,210600,丹东市,prefecture,current_parent_code,
211026,辽宁省,辽阳市,,2,partial,current_parent_code,60,210000,辽宁省,211000,辽阳市,,,211000,辽阳市,prefecture,current_parent_code,
211124,辽宁省,盘锦市,,2,partial,current_parent_code,60,210000,辽宁省,211100,盘锦市,,,211100,盘锦市,prefecture,current_parent_code,
211126,辽宁省,盘锦市,,2,partial,current_parent_code,60,210000,辽宁省,211100,盘锦市,,,211100,盘锦市,prefecture,current_parent_code,
211133,辽宁省,盘锦市,,2,partial,current_parent_code,60,210000,辽宁省,211100,盘锦市,,,211100,盘锦市,prefecture,current_parent_code,
211181,辽宁省,盘锦市,,2,partial,current_parent_code,60,210000,辽宁省,211100,盘锦市,,,211100,盘锦市,prefecture,current_parent_code,
211228,辽宁省,铁岭市,,2,partial,current_parent_code,60,210000,辽宁省,211200,铁岭市,,,211200,铁岭市,prefecture,current_parent_code,
211304,辽宁省,朝阳市,,2,partial,current_parent_code,60,210000,辽宁省,211300,朝阳市,,,211300,朝阳市,prefecture,current_parent_code,
211621,辽宁省,,,2,unresolved,none,0,,,,,,,,,,none,
212229,辽宁省,朝阳地区,,2,unresolved,none,0,,,,,,,,,,none,
212929,辽宁省,,,2,unresolved,none,0,,,,,,,,,,none,
213122,辽宁省,,,2,unresolved,none,0,,,,,,,,,,none,
213427,辽宁省,,,2,unresolved,none,0,,,,,,,,,,none,
213621,辽宁省,,,2,unresolved,none,0,,,,,,,,,,none,
213624,辽宁省,,,2,unresolved,none,0,,,,,,,,,,none,
213722,辽宁省,,,2,unresolved,none,0,,,,,,,,,,none,
220201,吉林省,吉林市,,2,partial,current_parent_code,60,220000,吉林省,220200,吉林市,,,220200,吉林市,prefecture,current_parent_code,
220219,吉林省,吉林市,,2,partial,current_parent_code,60,220000,吉林省,220200,吉林市,,,220200,吉林市,prefecture,current_parent_code,
220232,吉林省,吉林市,,2,partial,current_parent_code,60,220000,吉林省,220200,吉林市,,,220200,吉林市,prefecture,current_parent_code,
220321,吉林省,四平市,怀德县,2,partial,historical_crosswalk,70,220000,吉林省,220300,四平市,,,220300,四平市,prefecture,mapped_parent_only,
220589,吉林省,通化市,,2,partial,current_parent_code,60,220000,吉林省,220500,通化市,,,220500,通化市,prefecture,current_parent_code,
222623,吉林省,永吉地区,磐石县,2,historical_mapped,historical_crosswalk,85,220000,吉林省,220200,吉林市,220284,磐石市,220200,吉林市,prefecture,unique_canonical_name,
222630,吉林省,永吉地区,,2,unresolved,none,0,,,,,,,,,,none,
222724,吉林省,,,2,unresolved,none,0,,,,,,,,,,none,
222729,吉林省,,,2,unresolved,none,0,,,,,,,,,,none,
222732,吉林省,,,2,unresolved,none,0,,,,,,,,,,none,
230111,黑龙江省,哈尔滨市,呼兰区,2,current,current_code,100,230000,黑龙江省,230100,哈尔滨市,230111,呼兰区,230100,哈尔滨市,prefecture,current_code,
230112,黑龙江省,哈尔滨市,阿城区,2,current,current_code,100,230000,黑龙江省,230100,哈尔滨市,230112,阿城区,230100,哈尔滨市,prefecture,current_code,
230328,黑龙江省,鸡西市,,2,partial,current_parent_code,60,230000,黑龙江省,230300,鸡西市,,,230300,鸡西市,prefecture,current_parent_code,
230601,黑龙江省,大庆市,,2,partial,current_parent_code,60,230000,黑龙江省,230600,大庆市,,,230600,大庆市,prefecture,current_parent_code,
230700,黑龙江省,伊春市,,2,current,current_code,100,230000,黑龙江省,230700,伊春市,,,230700,伊春市,prefecture,current_code,
230701,黑龙江省,伊春市,,2,partial,current_parent_code,60,230000,黑龙江省,230700,伊春市,,,230700,伊春市,prefecture,current_parent_code,
230821,黑龙江省,佳木斯市,富锦县,2,historical_mapped,historical_crosswalk,85,230000,黑龙江省,230800,佳木斯市,230882,富锦市,230800,佳木斯市,prefecture,unique_canonical_name_under_mapped_parent,
230824,黑龙江省,佳木斯市,友谊县,2,historical_mapped,historical_crosswalk,90,230000,黑龙江省,230500,双鸭山市,230522,友谊县,230500,双鸭山市,prefecture,unique_exact_name,
231225,黑龙江省,绥化市,明水县,2,current,current_code,100,230000,黑龙江省,231200,绥化市,231225,明水县,231200,绥化市,prefecture,current_code,
232121,黑龙江省,松花江地区,阿城县,2,ambiguous,historical_crosswalk,100,,,,,,,,,,historical_code_reused,230112
232201,黑龙江省,嫩江地区,,2,unresolved,none,0,,,,,,,,,,none,
232224,黑龙江省,嫩江地区,泰来县,2,ambiguous,historical_crosswalk,100,,,,,,,,,,historical_code_reused,230224
232233,黑龙江省,嫩江地区,,2,unresolved,none,0,,,,,,,,,,none,
232604,黑龙江省,黑河地区,,2,unresolved,none,0,,,,,,,,,,none,
232924,黑龙江省,,,2,unresolved,none,0,,,,,,,,,,none,
232930,黑龙江省,,,2,unresolved,none,0,,,,,,,,,,none,
233024,黑龙江省,,,2,unresolved,none,0,,,,,,,,,,none,
233222,黑龙江省,,,2,unresolved,none,0,,,,,,,,,,none,
310000,上海市,,,2,current,current_code,100,310000,上海市,,,,,310000,上海市,municipality,current_code,
310001,上海市,,,2,partial,current_parent_code,60,310000,上海市,,,,,310000,上海市,municipality,current_parent_code,
310011,上海市,,,2,partial,current_parent_code,60,310000,上海市,,,,,310000,上海市,municipality,current_parent_code,
310014,上海市,,,2,partial,current_parent_code,60,310000,上海市,,,,,310000,上海市,municipality,current_parent_code,
310120,上海市,上海市,奉贤区,2,current,current_code,100,310000,上海市,,,310120,奉贤区,310000,上海市,municipality,current_code,
310121,上海市,上海市,,2,partial,current_parent_code,60,310000,上海市,,,,,310000,上海市,municipality,current_parent_code,
310124,上海市,上海市,,2,partial,current_parent_code,60,310000,上海市,,,,,310000,上海市,municipality,current_parent_code,
310125,上海市,上海市,,2,partial,current_parent_code,60,310000,上海市,,,,,310000,上海市,municipality,current_parent_code,
310166,上海市,上海市,,2,partial,current_parent_code,60,310000,上海市,,,,,310000,上海市,municipality,current_parent_code,
310210,上海市,上海市,崇明县,2,historical_mapped,historical_crosswalk,85,310000,上海市,,,310151,崇明区,310000,上海市,municipality,unique_canonical_name,
310211,上海市,上海市,,2,partial,current_parent_code,60,310000,上海市,,,,,310000,上海市,municipality,current_parent_code,
310215,上海市,上海市,,2,partial,current_parent_code,60,310000,上海市,,,,,310000,上海市,municipality,current_parent_code,
310231,上海市,上海市,,2,partial,current_parent_code,60,310000,上海市,,,,,310000,上海市,municipality,current_parent_code,
310237,上海市,上海市,,2,partial,current_parent_code,60,310000,上海市,,,,,310000,上海市,municipality,current_parent_code,
310321,上海市,,,2,partial,current_parent_code,60,310000,上海市,,,,,310000,上海市,municipality,current_parent_code,
310324,上海市,,,2,partial,current_parent_code,60,310000,上海市,,,,,310000,上海市,municipality,current_parent_code,
310327,上海市,,,2,partial,current_parent_code,60,310000,上海市,,,,,310000,上海市,municipality,current_parent_code,
310518,上海市,,,2,partial,current_parent_code,60,310000,上海市,,,,,310000,上海市,municipality,current_parent_code,
310523,上海市,,,2,partial,current_parent_code,60,310000,上海市,,,,,310000,上海市,municipality,current_parent_code,
310537,上海市,,,2,partial,current_parent_code,60,310000,上海市,,,,,310000,上海市,municipality,current_parent_code,
310702,上海市,,,2,partial,current_parent_code,60,310000,上海市,,,,,310000,上海市,municipality,current_parent_code,
310706,上海市,,,2,partial,current_parent_code,60,310000,上海市,,,,,310000,上海市,municipality,current_parent_code,
310824,上海市,,,2,partial,current_parent_code,60,310000,上海市,,,,,310000,上海市,municipality,current_parent_code,
310922,上海市,,,2,partial,current_parent_code,60,310000,上海市,,,,,310000,上海市,municipality,current_parent_code,
312301,上海市,,,2,partial,current_parent_code,60,310000,上海市,,,,,310000,上海市,municipality,current_parent_code,
320011,江苏省,,,2,unresolved,none,0,,,,,,,,,,none,
320023,江苏省,,,2,unresolved,none,0,,,,,,,,,,none,
320127,江苏省,南京市,,2,partial,current_parent_code,60,320000,江苏省,320100,南京市,,,320100,南京市,prefecture,current_parent_code,
320200,江苏省,无锡市,,2,current,current_code,100,320000,江苏省,320200,无锡市,,,320200,无锡市,prefecture,current_code,
320312,江苏省,徐州市,铜山区,2,current,current_code,100,320000,江苏省,320300,徐州市,320312,铜山区,320300,徐州市,prefecture,current_code,
320606,江苏省,南通市,,2,partial,current_parent_code,60,320000,江苏省,320600,南通市,,,320600,南通市,prefecture,current_parent_code,
320612,江苏省,南通市,通州区,2,current,current_code,100,320000,江苏省,320600,南通市,320612,通州区,320600,南通市,prefecture,current_code,
320685,江苏省,南通市,海安市,2,current,current_code,100,320000,江苏省,320600,南通市,320685,海安市,320600,南通市,prefecture,current_code,
320806,江苏省,淮安市,,2,partial,current_parent_code,60,320000,江苏省,320800,淮安市,,,320800,淮安市,prefecture,current_parent_code,
320900,江苏省,盐城市,,2,current,current_code,100,320000,江苏省,320900,盐城市,,,320900,盐城市,prefecture,current_code,
320903,江苏省,盐城市,盐都区,2,current,current_code,100,320000,江苏省,320900,盐城市,320903,盐都区,320900,盐城市,prefecture,current_code,
320920,江苏省,盐城市,,2,partial,current_parent_code,60,320000,江苏省,320900,盐城市,,,320900,盐城市,prefecture,current_parent_code,
321000,江苏省,扬州市,,2,current,current_code,100,320000,江苏省,321000,扬州市,,,321000,扬州市,prefecture,current_code,
321010,江苏省,扬州市,,2,partial,current_parent_code,60,320000,江苏省,321000,扬州市,,,321000,扬州市,prefecture,current_parent_code,
321112,江苏省,镇江市,丹徒区,2,current,current_code,100,320000,江苏省,321100,镇江市,321112,丹徒区,321100,镇江市,prefecture,current_code,
321118,江苏省,镇江市,,2,partial,current_parent_code,60,320000,江苏省,321100,镇江市,,,321100,镇江市,prefecture,current_parent_code,
322101,江苏省,徐州地区,,2,unresolved,none,0,,,,,,,,,,none,
322123,江苏省,徐州地区,铜山县,2,historical_mapped,historical_crosswalk,85,320000,江苏省,320300,徐州市,320312,铜山区,320300,徐州市,prefecture,unique_canonical_name_under_mapped_parent,
322128,江苏省,徐州地区,赣榆县,2,historical_mapped,historical_crosswalk,85,320000,江苏省,320700,连云港市,320707,赣榆区,320700,连云港市,prefecture,unique_canonical_name,
322228,江苏省,淮阴地区,泗洪县,2,historical_mapped,historical_crosswalk,90,320000,江苏省,321300,宿迁市,321324,泗洪县,321300,宿迁市,prefecture,unique_exact_name,
322230,江苏省,淮阴地区,洪泽县,2,historical_mapped,historical_crosswalk,85,320000,江苏省,320800,淮安市,320813,洪泽区,320800,淮安市,prefecture,unique_canonical_name,
329010,江苏省,,淮安市,2,partial,historical_crosswalk,90,320000,江苏省,320800,淮安市,,,320800,淮安市,prefecture,unique_exact_name,
330100,浙江省,杭州市,,2,current,current_code,100,330000,浙江省,330100,杭州市,,,330100,杭州市,prefecture,current_code,
330110,浙江省,杭州市,余杭区,2,current,current_code,100,330000,浙江省,330100,杭州市,330110,余杭区,330100,杭州市,prefecture,current_code,
330117,浙江省,杭州市,,2,partial,current_parent_code,60,330000,浙江省,330100,杭州市,,,330100,杭州市,prefecture,current_parent_code,
330320,浙江省,温州市,,2,partial,current_parent_code,60,330000,浙江省,330300,温州市,,,330300,温州市,prefecture,current_parent_code,
330337,浙江省,温州市,,2,partial,current_parent_code,60,330000,浙江省,330300,温州市,,,330300,温州市,prefecture,current_parent_code,
330583,浙江省,湖州市,,2,partial,current_parent_code,60,330000,浙江省,330500,湖州市,,,330500,湖州市,prefecture,current_parent_code,
330812,浙江省,衢州市,,2,partial,current_parent_code,60,330000,浙江省,330800,衢州市,,,330800,衢州市,prefecture,current_parent_code,
330819,浙江省,衢州市,,2,partial,current_parent_code,60,330000,浙江省,330800,衢州市,,,330800,衢州市,prefecture,current_parent_code,
331025,浙江省,台州市,,2,partial,current_parent_code,60,330000,浙江省,331000,台州市,,,331000,台州市,prefecture,current_parent_code,
331126,浙江省,丽水市,庆元县,2,current,current_code,100,330000,浙江省,331100,丽水市,331126,庆元县,331100,丽水市,prefecture,current_code,
331127,浙江省,丽水市,景宁畲族自治县,2,current,current_code,100,330000,浙江省,331100,丽水市,331127,景宁畲族自治县,331100,丽水市,prefecture,current_code,
332019,浙江省,,,2,unresolved,none,0,,,,,,,,,,none,
332128,浙江省,嘉兴地区,安吉县,2,ambiguous,historical_crosswalk,100,,,,,,,,,,historical_code_reused,330523
332326,浙江省,绍兴地区,,2,unresolved,none,0,,,,,,,,,,none,
332329,浙江省,绍兴地区,,2,unresolved,none,0,,,,,,,,,,none,
339008,浙江省,浙江省直辖县级行政区划,东阳市,2,historical_mapped,historical_crosswalk,90,330000,浙江省,330700,金华市,330783,东阳市,330700,金华市,prefecture,unique_exact_name,
340107,安徽省,合肥市,,2,partial,current_parent_code,60,340000,安徽省,340100,合肥市,,,340100,合肥市,prefecture,current_parent_code,
340201,安徽省,芜湖市,,2,partial,current_parent_code,60,340000,安徽省,340200,芜湖市,,,340200,芜湖市,prefecture,current_parent_code,
340327,安徽省,蚌埠市,,2,partial,current_parent_code,60,340000,安徽省,340300,蚌埠市,,,340300,蚌埠市,prefecture,current_parent_code,
340428,安徽省,淮南市,,2,partial,current_parent_code,60,340000,安徽省,340400,淮南市,,,340400,淮南市,prefecture,current_parent_code,
341101,安徽省,滁州市,,2,partial,current_parent_code,60,340000,安徽省,341100,滁州市,,,341100,滁州市,prefecture,current_parent_code,
341502,安徽省,六安市,金安区,2,current,current_code,100,340000,安徽省,341500,六安市,341502,金安区,341500,六安市,prefecture,current_code,
341521,安徽省,六安市,寿县,2,historical_mapped,historical_crosswalk,90,340000,安徽省,340400,淮南市,340422,寿县,340400,淮南市,prefecture,unique_exact_name,
341524,安徽省,六安市,金寨县,2,current,current_code,100,340000,安徽省,341500,六安市,341524,金寨县,341500,六安市,prefecture,current_code,
341821,安徽省,宣城市,郎溪县,2,current,current_code,100,340000,安徽省,341800,宣城市,341821,郎溪县,341800,宣城市,prefecture,current_code,
342022,安徽省,,,2,unresolved,none,0,,,,,,,,,,none,
342242,安徽省,宿县地区,,2,unresolved,none,0,,,,,,,,,,none,
342323,安徽省,滁县地区,滁县,2,partial,historical_crosswalk,70,340000,安徽省,,,,,,,,mapped_parent_only,
342627,安徽省,巢湖地区,,2,unresolved,none,0,,,,,,,,,,none,
342932,安徽省,池州地区,,2,unresolved,none,0,,,,,,,,,,none,
350100,福建省,福州市,,2,current,current_code,100,350000,福建省,350100,福州市,,,350100,福州市,prefecture,current_code,
350300,福建省,莆田市,,2,current,current_code,100,350000,福建省,350300,莆田市,,,350300,莆田市,prefecture,current_code,
350923,福建省,宁德市,屏南县,2,current,current_code,100,350000,福建省,350900,宁德市,350923,屏南县,350900,宁德市,prefecture,current_code,
352222,福建省,宁德地区,连江县,2,ambiguous,historical_crosswalk,100,,,,,,,,,,historical_code_reused,350122
352425,福建省,晋江地区,永春县,2,ambiguous,historical_crosswalk,100,,,,,,,,,,historical_code_reused,350525
360120,江西省,南昌市,,2,partial,current_parent_code,60,360000,江西省,360100,南昌市,,,360100,南昌市,prefecture,current_parent_code,
360129,江西省,南昌市,,2,partial,current_parent_code,60,360000,江西省,360100,南昌市,,,360100,南昌市,prefecture,current_parent_code,
360303,江西省,萍乡市,,2,partial,current_parent_code,60,360000,江西省,360300,萍乡市,,,360300,萍乡市,prefecture,current_parent_code,
360824,江西省,吉安市,新干县,2,current,current_code,100,360000,江西省,360800,吉安市,360824,新干县,360800,吉安市,prefecture,current_code,
361021,江西省,抚州市,南城县,2,current,current_code,100,360000,江西省,361000,抚州市,361021,南城县,361000,抚州市,prefecture,current_code,
361126,江西省,上饶市,弋阳县,2,current,current_code,100,360000,江西省,361100,上饶市,361126,弋阳县,361100,上饶市,prefecture,current_code,
361130,江西省,上饶市,婺源县,2,current,current_code,100,360000,江西省,361100,上饶市,361130,婺源县,361100,上饶市,prefecture,current_code,
362300,江西省,上饶地区,,2,ambiguous,historical_crosswalk,100,,,,,,,,,,historical_code_reused,361100
362320,江西省,上饶地区,,2,unresolved,none,0,,,,,,,,,,none,
362327,江西省,上饶地区,贵溪县,2,ambiguous,historical_crosswalk,100,,,,,,,,,,historical_code_reused,360681
362328,江西省,上饶地区,余江县,2,ambiguous,historical_crosswalk,100,,,,,,,,,,historical_code_reused,360603
370110,山东省,济南市,,2,partial,current_parent_code,60,370000,山东省,370100,济南市,,,370100,济南市,prefecture,current_parent_code,
370200,山东省,青岛市,,2,current,current_code,100,370000,山东省,370200,青岛市,,,370200,青岛市,prefecture,current_code,
371222,山东省,莱芜市,,2,unresolved,none,0,,,,,,,,,,none,
371400,山东省,德州市,,2,current,current_code,100,370000,山东省,371400,德州市,,,371400,德州市,prefecture,current_code,
371602,山东省,滨州市,滨城区,2,current,current_code,100,370000,山东省,371600,滨州市,371602,滨城区,371600,滨州市,prefecture,current_code,
371622,山东省,滨州市,阳信县,2,current,current_code,100,370000,山东省,371600,滨州市,371622,阳信县,371600,滨州市,prefecture,current_code,
371721,山东省,菏泽市,曹县,2,current,current_code,100,370000,山东省,371700,菏泽市,371721,曹县,371700,菏泽市,prefecture,current_code,
371722,山东省,菏泽市,单县,2,current,current_code,100,370000,山东省,371700,菏泽市,371722,单县,371700,菏泽市,prefecture,current_code,
371723,山东省,菏泽市,成武县,2,current,current_code,100,370000,山东省,371700,菏泽市,371723,成武县,371700,菏泽市,prefecture,current_code,
372223,山东省,潍坊地区,寿光县,2,historical_mapped,historical_crosswalk,85,370000,山东省,370700,潍坊市,370783,寿光市,370700,潍坊市,prefecture,unique_canonical_name,
372322,山东省,惠民地区,滨县,2,unresolved,historical_crosswalk,0,,,,,,,,,,no_supported_successor,
372627,山东省,泰安地区,平阴县,2,historical_mapped,historical_crosswalk,90,370000,山东省,370100,济南市,370124,平阴县,370100,济南市,prefecture,unique_exact_name,
372825,山东省,临沂地区,日照县,2,partial,historical_crosswalk,85,370000,山东省,371100,日照市,,,371100,日照市,prefecture,unique_canonical_name,
410127,河南省,郑州市,,2,partial,current_parent_code,60,410000,河南省,410100,郑州市,,,410100,郑州市,prefecture,current_parent_code,
410238,河南省,开封市,,2,partial,current_parent_code,60,410000,河南省,410200,开封市,,,410200,开封市,prefecture,current_parent_code,
410828,河南省,焦作市,,2,partial,current_parent_code,60,410000,河南省,410800,焦作市,,,410800,焦作市,prefecture,current_parent_code,
411624,河南省,周口市,沈丘县,2,current,current_code,100,410000,河南省,411600,周口市,411624,沈丘县,411600,周口市,prefecture,current_code,
412105,河南省,安阳地区,,2,unresolved,none,0,,,,,,,,,,none,
412920,河南省,南阳地区,,2,unresolved,none,0,,,,,,,,,,none,
413002,河南省,信阳地区,,2,unresolved,none,0,,,,,,,,,,none,
420200,湖北省,黄石市,,2,current,current_code,100,420000,湖北省,420200,黄石市,,,420200,黄石市,prefecture,current_code,
420201,湖北省,黄石市,,2,partial,current_parent_code,60,420000,湖北省,420200,黄石市,,,420200,黄石市,prefecture,current_parent_code,
420226,湖北省,黄石市,,2,partial,current_parent_code,60,420000,湖北省,420200,黄石市,,,420200,黄石市,prefecture,current_parent_code,
420229,湖北省,黄石市,,2,partial,current_parent_code,60,420000,湖北省,420200,黄石市,,,420200,黄石市,prefecture,current_parent_code,
420304,湖北省,十堰市,郧阳区,2,current,current_code,100,420000,湖北省,420300,十堰市,420304,郧阳区,420300,十堰市,prefecture,current_code,
420327,湖北省,十堰市,,2,partial,current_parent_code,60,420000,湖北省,420300,十堰市,,,420300,十堰市,prefecture,current_parent_code,
420329,湖北省,十堰市,,2,partial,current_parent_code,60,420000,湖北省,420300,十堰市,,,420300,十堰市,prefecture,current_parent_code,
420722,湖北省,鄂州市,,2,partial,current_parent_code,60,420000,湖北省,420700,鄂州市,,,420700,鄂州市,prefecture,current_parent_code,
420906,湖北省,孝感市,,2,partial,current_parent_code,60,420000,湖北省,420900,孝感市,,,420900,孝感市,prefecture,current_parent_code,
422122,湖北省,黄冈地区,新洲县,2,historical_mapped,historical_crosswalk,85,420000,湖北省,420100,武汉市,420117,新洲区,420100,武汉市,prefecture,unique_canonical_name,
422229,湖北省,孝感地区,,2,unresolved,none,0,,,,,,,,,,none,
422332,湖北省,咸宁地区,,2,unresolved,none,0,,,,,,,,,,none,
422404,湖北省,荆州地区,天门市,2,historical_mapped,historical_crosswalk,90,420000,湖北省,,,429006,天门市,429006,天门市,province_direct_county,unique_exact_name,
430627,湖南省,岳阳市,汨罗县,2,historical_mapped,historical_crosswalk,85,430000,湖南省,430600,岳阳市,430681,汨罗市,430600,岳阳市,prefecture,unique_canonical_name_under_mapped_parent,
432806,湖南省,郴州地区,,2,unresolved,none,0,,,,,,,,,,none,
432820,湖南省,郴州地区,,2,unresolved,none,0,,,,,,,,,,none,
440116,广东省,广州市,萝岗区,2,partial,historical_crosswalk,70,440000,广东省,440100,广州市,,,440100,广州市,prefecture,mapped_parent_only,
440200,广东省,韶关市,,2,current,current_code,100,440000,广东省,440200,韶关市,,,440200,韶关市,prefecture,current_code,
440901,广东省,茂名市,,2,partial,current_parent_code,60,440000,广东省,440900,茂名市,,,440900,茂名市,prefecture,current_parent_code,
441420,广东省,梅州市,,2,partial,current_parent_code,60,440000,广东省,441400,梅州市,,,441400,梅州市,prefecture,current_parent_code,
442221,广东省,海南黎族苗族自治州,崖县,2,partial,historical_crosswalk,70,440000,广东省,,,,,,,,mapped_parent_only,
442222,广东省,海南黎族苗族自治州,东方县,2,ambiguous,historical_crosswalk,100,,,,,,,,,,cross_province_canonical_name_requires_review,
450126,广西壮族自治区,南宁市,宾阳县,2,current,current_code,100,450000,广西壮族自治区,450100,南宁市,450126,宾阳县,450100,南宁市,prefecture,current_code,
451022,广西壮族自治区,百色市,田东县,2,current,current_code,100,450000,广西壮族自治区,451000,百色市,451022,田东县,451000,百色市,prefecture,current_code,
451224,广西壮族自治区,河池市,东兰县,2,current,current_code,100,450000,广西壮族自治区,451200,河池市,451224,东兰县,451200,河池市,prefecture,current_code,
451227,广西壮族自治区,河池市,巴马瑶族自治县,2,current,current_code,100,450000,广西壮族自治区,451200,河池市,451227,巴马瑶族自治县,451200,河池市,prefecture,current_code,
451228,广西壮族自治区,河池市,都安瑶族自治县,2,current,current_code,100,450000,广西壮族自治区,451200,河池市,451228,都安瑶族自治县,451200,河池市,prefecture,current_code,
451321,广西壮族自治区,来宾市,忻城县,2,current,current_code,100,450000,广西壮族自治区,451300,来宾市,451321,忻城县,451300,来宾市,prefecture,current_code,
451402,广西壮族自治区,崇左市,江州区,2,current,current_code,100,450000,广西壮族自治区,451400,崇左市,451402,江州区,451400,崇左市,prefecture,current_code,
469023,海南省,省直辖县级行政区划,澄迈县,2,current,current_code,100,460000,海南省,,,469023,澄迈县,469023,澄迈县,province_direct_county,current_code,
469026,海南省,省直辖县级行政区划,昌江黎族自治县,2,current,current_code,100,460000,海南省,,,469026,昌江黎族自治县,469026,昌江黎族自治县,province_direct_county,current_code,
500115,重庆市,重庆市,长寿区,2,current,current_code,100,500000,重庆市,,,500115,长寿区,500000,重庆市,municipality,current_code,
510002,四川省,,,2,unresolved,none,0,,,,,,,,,,none,
510011,四川省,,,2,unresolved,none,0,,,,,,,,,,none,
510026,四川省,,,2,unresolved,none,0,,,,,,,,,,none,
510109,四川省,成都市,,2,partial,current_parent_code,60,510000,四川省,510100,成都市,,,510100,成都市,prefecture,current_parent_code,
510116,四川省,成都市,双流区,2,current,current_code,100,510000,四川省,510100,成都市,510116,双流区,510100,成都市,prefecture,current_code,
510133,四川省,成都市,,2,partial,current_parent_code,60,510000,四川省,510100,成都市,,,510100,成都市,prefecture,current_parent_code,
510136,四川省,成都市,,2,partial,current_parent_code,60,510000,四川省,510100,成都市,,,510100,成都市,prefecture,current_parent_code,
510151,四川省,成都市,,2,partial,current_parent_code,60,510000,四川省,510100,成都市,,,510100,成都市,prefecture,current_parent_code,
510201,四川省,重庆市,,2,unresolved,none,0,,,,,,,,,,none,
510241,四川省,重庆市,,2,unresolved,none,0,,,,,,,,,,none,
510301,四川省,自贡市,,2,partial,current_parent_code,60,510000,四川省,510300,自贡市,,,510300,自贡市,prefecture,current_parent_code,
510401,四川省,攀枝花市,,2,partial,current_parent_code,60,510000,四川省,510400,攀枝花市,,,510400,攀枝花市,prefecture,current_parent_code,
510406,四川省,攀枝花市,,2,partial,current_parent_code,60,510000,四川省,510400,攀枝花市,,,510400,攀枝花市,prefecture,current_parent_code,
510424,四川省,攀枝花市,,2,partial,current_parent_code,60,510000,四川省,510400,攀枝花市,,,510400,攀枝花市,prefecture,current_parent_code,
510505,四川省,泸州市,,2,partial,current_parent_code,60,510000,四川省,510500,泸州市,,,510500,泸州市,prefecture,current_parent_code,
510600,四川省,德阳市,,2,current,current_code,100,510000,四川省,510600,德阳市,,,510600,德阳市,prefecture,current_code,
510601,四川省,德阳市,,2,partial,current_parent_code,60,510000,四川省,510600,德阳市,,,510600,德阳市,prefecture,current_parent_code,
510621,四川省,德阳市,德阳县,2,partial,historical_crosswalk,85,510000,四川省,510600,德阳市,,,510600,德阳市,prefecture,unique_canonical_name_under_mapped_parent,
510627,四川省,德阳市,,2,partial,current_parent_code,60,510000,四川省,510600,德阳市,,,510600,德阳市,prefecture,current_parent_code,
510715,四川省,绵阳市,,2,partial,current_parent_code,60,510000,四川省,510700,绵阳市,,,510700,绵阳市,prefecture,current_parent_code,
510720,四川省,绵阳市,,2,partial,current_parent_code,60,510000,四川省,510700,绵阳市,,,510700,绵阳市,prefecture,current_parent_code,
510851,四川省,广元市,,2,partial,current_parent_code,60,510000,四川省,510800,广元市,,,510800,广元市,prefecture,current_parent_code,
510927,四川省,遂宁市,,2,partial,current_parent_code,60,510000,四川省,510900,遂宁市,,,510900,遂宁市,prefecture,current_parent_code,
510929,四川省,遂宁市,,2,partial,current_parent_code,60,510000,四川省,510900,遂宁市,,,510900,遂宁市,prefecture,current_parent_code,
510930,四川省,遂宁市,,2,partial,current_parent_code,60,510000,四川省,510900,遂宁市,,,510900,遂宁市,prefecture,current_parent_code,
510992,四川省,遂宁市,,2,partial,current_parent_code,60,510000,四川省,510900,遂宁市,,,510900,遂宁市,prefecture,current_parent_code,
511000,四川省,内江市,,2,current,current_code,100,510000,四川省,511000,内江市,,,511000,内江市,prefecture,current_code,
511005,四川省,内江市,,2,partial,current_parent_code,60,510000,四川省,511000,内江市,,,511000,内江市,prefecture,current_parent_code,
511008,四川省,内江市,,2,partial,current_parent_code,60,510000,四川省,511000,内江市,,,511000,内江市,prefecture,current_parent_code,
511009,四川省,内江市,,2,partial,current_parent_code,60,510000,四川省,511000,内江市,,,511000,内江市,prefecture,current_parent_code,
511010,四川省,内江市,,2,partial,current_parent_code,60,510000,四川省,511000,内江市,,,511000,内江市,prefecture,current_parent_code,
511015,四川省,内江市,,2,partial,current_parent_code,60,510000,四川省,511000,内江市,,,511000,内江市,prefecture,current_parent_code,
511020,四川省,内江市,,2,partial,current_parent_code,60,510000,四川省,511000,内江市,,,511000,内江市,prefecture,current_parent_code,
511041,四川省,内江市,,2,partial,current_parent_code,60,510000,四川省,511000,内江市,,,511000,内江市,prefecture,current_parent_code,
511061,四川省,内江市,,2,partial,current_parent_code,60,510000,四川省,511000,内江市,,,511000,内江市,prefecture,current_parent_code,
511082,四川省,内江市,简阳市,2,historical_mapped,historical_crosswalk,90,510000,四川省,510100,成都市,510185,简阳市,510100,成都市,prefecture,unique_exact_name,
511212,四川省,万县市,,2,unresolved,none,0,,,,,,,,,,none,
511217,四川省,万县市,,2,unresolved,none,0,,,,,,,,,,none,
511300,四川省,南充市,,2,current,current_code,100,510000,四川省,511300,南充市,,,511300,南充市,prefecture,current_code,
511301,四川省,南充市,,2,partial,current_parent_code,60,510000,四川省,511300,南充市,,,511300,南充市,prefecture,current_parent_code,
511722,四川省,达州市,宣汉县,2,current,current_code,100,510000,四川省,511700,达州市,511722,宣汉县,511700,达州市,prefecture,current_code,
511802,四川省,雅安市,雨城区,2,current,current_code,100,510000,四川省,511800,雅安市,511802,雨城区,511800,雅安市,prefecture,current_code,
511824,四川省,雅安市,石棉县,2,current,current_code,100,510000,四川省,511800,雅安市,511824,石棉县,511800,雅安市,prefecture,current_code,
512123,四川省,永川地区,潼南县,2,ambiguous,historical_crosswalk,100,,,,,,,,,,historical_code_reused,
512330,四川省,涪陵地区,秀山土家族苗族自治县,2,ambiguous,historical_crosswalk,100,,,,,,,,,,historical_code_reused,
512503,四川省,宜宾地区,,2,unresolved,none,0,,,,,,,,,,none,
512522,四川省,宜宾地区,富顺县,2,ambiguous,historical_crosswalk,100,,,,,,,,,,historical_code_reused,510322
512602,四川省,乐山地区,,2,unresolved,none,0,,,,,,,,,,none,
512627,四川省,乐山地区,洪雅县,2,ambiguous,historical_crosswalk,100,,,,,,,,,,historical_code_reused,511423
512722,四川省,温江地区,郫县,2,ambiguous,historical_crosswalk,100,,,,,,,,,,historical_code_reused,
512801,四川省,绵阳地区,绵阳市,2,ambiguous,historical_crosswalk,100,,,,,,,,,,historical_code_reused,510700
512920,四川省,南充地区,,2,unresolved,none,0,,,,,,,,,,none,
513003,四川省,达川地区,,2,unresolved,none,0,,,,,,,,,,none,
513011,四川省,达川地区,,2,unresolved,none,0,,,,,,,,,,none,
513020,四川省,达川地区,,2,unresolved,none,0,,,,,,,,,,none,
513113,四川省,雅安地区,,2,unresolved,none,0,,,,,,,,,,none,
513129,四川省,雅安地区,,2,unresolved,none,0,,,,,,,,,,none,
515021,四川省,,,2,unresolved,none,0,,,,,,,,,,none,
520101,贵州省,贵阳市,,2,partial,current_parent_code,60,520000,贵州省,520100,贵阳市,,,520100,贵阳市,prefecture,current_parent_code,
522429,贵州省,毕节地区,,2,unresolved,none,0,,,,,,,,,,none,
530106,云南省,昆明市,,2,partial,current_parent_code,60,530000,云南省,530100,昆明市,,,530100,昆明市,prefecture,current_parent_code,
530201,云南省,东川市,,2,unresolved,none,0,,,,,,,,,,none,
530521,云南省,保山市,施甸县,2,current,current_code,100,530000,云南省,530500,保山市,530521,施甸县,530500,保山市,prefecture,current_code,
530626,云南省,昭通市,绥江县,2,current,current_code,100,530000,云南省,530600,昭通市,530626,绥江县,530600,昭通市,prefecture,current_code,
542323,西藏自治区,日喀则地区,江孜县,2,historical_mapped,historical_crosswalk,90,540000,西藏自治区,540200,日喀则市,540222,江孜县,540200,日喀则市,prefecture,unique_exact_name_under_mapped_parent,
542325,西藏自治区,日喀则地区,萨迦县,2,historical_mapped,historical_crosswalk,90,540000,西藏自治区,540200,日喀则市,540224,萨迦县,540200,日喀则市,prefecture,unique_exact_name_under_mapped_parent,
542330,西藏自治区,日喀则地区,仁布县,2,historical_mapped,historical_crosswalk,90,540000,西藏自治区,540200,日喀则市,540229,仁布县,540200,日喀则市,prefecture,unique_exact_name_under_mapped_parent,
542331,西藏自治区,日喀则地区,康马县,2,historical_mapped,historical_crosswalk,90,540000,西藏自治区,540200,日喀则市,540230,康马县,540200,日喀则市,prefecture,unique_exact_name_under_mapped_parent,
542334,西藏自治区,日喀则地区,亚东县,2,historical_mapped,historical_crosswalk,90,540000,西藏自治区,540200,日喀则市,540233,亚东县,540200,日喀则市,prefecture,unique_exact_name_under_mapped_parent,
542342,西藏自治区,日喀则地区,,2,unresolved,none,0,,,,,,,,,,none,
542430,西藏自治区,那曲地区,尼玛县,2,historical_mapped,historical_crosswalk,90,540000,西藏自治区,540600,那曲市,540629,尼玛县,540600,那曲市,prefecture,unique_exact_name_under_mapped_parent,
542525,西藏自治区,阿里地区,革吉县,2,current,current_code,100,540000,西藏自治区,542500,阿里地区,542525,革吉县,542500,阿里地区,prefecture,current_code,
610118,陕西省,西安市,鄠邑区,2,current,current_code,100,610000,陕西省,610100,西安市,610118,鄠邑区,610100,西安市,prefecture,current_code,
610228,陕西省,铜川市,,2,partial,current_parent_code,60,610000,陕西省,610200,铜川市,,,610200,铜川市,prefecture,current_parent_code,
610304,陕西省,宝鸡市,陈仓区,2,current,current_code,100,610000,陕西省,610300,宝鸡市,610304,陈仓区,610300,宝鸡市,prefecture,current_code,
610341,陕西省,宝鸡市,,2,partial,current_parent_code,60,610000,陕西省,610300,宝鸡市,,,610300,宝鸡市,prefecture,current_parent_code,
610447,陕西省,咸阳市,,2,partial,current_parent_code,60,610000,陕西省,610400,咸阳市,,,610400,咸阳市,prefecture,current_parent_code,
610726,陕西省,汉中市,宁强县,2,current,current_code,100,610000,陕西省,610700,汉中市,610726,宁强县,610700,汉中市,prefecture,current_code,
610922,陕西省,安康市,石泉县,2,current,current_code,100,610000,陕西省,610900,安康市,610922,石泉县,610900,安康市,prefecture,current_code,
612123,陕西省,渭南地区,渭南县,2,partial,historical_crosswalk,85,610000,陕西省,610500,渭南市,,,610500,渭南市,prefecture,unique_canonical_name_under_mapped_parent,
613030,陕西省,,,2,unresolved,none,0,,,,,,,,,,none,
620101,甘肃省,兰州市,,2,partial,current_parent_code,60,620000,甘肃省,620100,兰州市,,,620100,兰州市,prefecture,current_parent_code,
620223,甘肃省,嘉峪关市,,2,partial,current_parent_code,60,620000,甘肃省,620200,嘉峪关市,,,620200,嘉峪关市,prefecture,current_parent_code,
620623,甘肃省,武威市,天祝藏族自治县,2,current,current_code,100,620000,甘肃省,620600,武威市,620623,天祝藏族自治县,620600,武威市,prefecture,current_code,
621724,甘肃省,,,2,unresolved,none,0,,,,,,,,,,none,
629001,甘肃省,,,2,unresolved,none,0,,,,,,,,,,none,
630101,青海省,西宁市,,2,partial,current_parent_code,60,630000,青海省,630100,西宁市,,,630100,西宁市,prefecture,current_parent_code,
632623,青海省,果洛藏族自治州,甘德县,2,current,current_code,100,630000,青海省,632600,果洛藏族自治州,632623,甘德县,632600,果洛藏族自治州,prefecture,current_code,
632724,青海省,玉树藏族自治州,治多县,2,current,current_code,100,630000,青海省,632700,玉树藏族自治州,632724,治多县,632700,玉树藏族自治州,prefecture,current_code,
640402,宁夏回族自治区,固原市,原州区,2,current,current_code,100,640000,宁夏回族自治区,640400,固原市,640402,原州区,640400,固原市,prefecture,current_code,
642121,宁夏回族自治区,银南地区,吴忠县,2,partial,historical_crosswalk,85,640000,宁夏回族自治区,640300,吴忠市,,,640300,吴忠市,prefecture,unique_canonical_name_under_mapped_parent,
650109,新疆维吾尔自治区,乌鲁木齐市,米东区,2,current,current_code,100,650000,新疆维吾尔自治区,650100,乌鲁木齐市,650109,米东区,650100,乌鲁木齐市,prefecture,current_code,
650322,新疆维吾尔自治区,石河子市,,2,unresolved,none,0,,,,,,,,,,none,
652703,新疆维吾尔自治区,博尔塔拉蒙古自治州,,2,partial,current_parent_code,60,650000,新疆维吾尔自治区,652700,博尔塔拉蒙古自治州,,,652700,博尔塔拉蒙古自治州,prefecture,current_parent_code,
652807,新疆维吾尔自治区,巴音郭楞蒙古自治州,,2,partial,current_parent_code,60,650000,新疆维吾尔自治区,652800,巴音郭楞蒙古自治州,,,652800,巴音郭楞蒙古自治州,prefecture,current_parent_code,
,河南省,安阳市,北关区,1,unresolved,none,0,,,,,,,,,,none,
,四川省,巴中地区,巴中市,1,unresolved,none,0,,,,,,,,,,none,
,北京市,北京市,海淀区,1,unresolved,none,0,,,,,,,,,,none,
,贵州省,毕节地区,威宁彝族回族苗族自治县,1,unresolved,none,0,,,,,,,,,,none,
,四川省,成都市,灌县,1,unresolved,none,0,,,,,,,,,,none,
,四川省,成都市,龙泉驿区,1,unresolved,none,0,,,,,,,,,,none,
,四川省,重庆市,巴南区,1,unresolved,none,0,,,,,,,,,,none,
,四川省,重庆市,巴县,1,unresolved,none,0,,,,,,,,,,none,
,四川省,重庆市,璧山县,1,unresolved,none,0,,,,,,,,,,none,
,四川省,达县地区,万源县,1,unresolved,none,0,,,,,,,,,,none,
,四川省,德阳市,市中区,1,unresolved,none,0,,,,,,,,,,none,
,湖北省,恩施土家族苗族自治州,来凤县,1,unresolved,none,0,,,,,,,,,,none,
,四川省,广元市,,1,unresolved,none,0,,,,,,,,,,none,
,四川省,广元市,剑阁县,1,unresolved,none,0,,,,,,,,,,none,
,贵州省,贵阳市,南明区,1,unresolved,none,0,,,,,,,,,,none,
,黑龙江省,哈尔滨市,道外区,1,unresolved,none,0,,,,,,,,,,none,
,陕西省,汉中地区,洋县,1,unresolved,none,0,,,,,,,,,,none,
,广东省,惠阳地区,紫金县,1,unresolved,none,0,,,,,,,,,,none,
,广东省,惠州市,惠城区,1,unresolved,none,0,,,,,,,,,,none,
,黑龙江省,佳木斯市,依兰县,1,unresolved,none,0,,,,,,,,,,none,
,浙江省,金华市,义乌市,1,unresolved,none,0,,,,,,,,,,none,
,湖北省,荆门市,东宝区,1,unresolved,none,0,,,,,,,,,,none,
,云南省,昆明市,安宁县,1,unresolved,none,0,,,,,,,,,,none,
,四川省,乐山市,,1,unresolved,none,0,,,,,,,,,,none,
,四川省,乐山市,五通桥区,1,unresolved,none,0,,,,,,,,,,none,
,四川省,乐山市,井研县,1,unresolved,none,0,,,,,,,,,,none,
,四川省,乐山市,犍为县,1,unresolved,none,0,,,,,,,,,,none,
,江苏省,连云港市,云台区,1,unresolved,none,0,,,,,,,,,,none,
,四川省,凉山彝族自治州,西昌县,1,unresolved,none,0,,,,,,,,,,none,
,山东省,临沂地区,临沂市,1,unresolved,none,0,,,,,,,,,,none,
,四川省,泸州市,江阳区,1,unresolved,none,0,,,,,,,,,,none,
,四川省,绵阳地区,绵阳市,1,unresolved,none,0,,,,,,,,,,none,
,四川省,绵阳市,三台县,1,unresolved,none,0,,,,,,,,,,none,
,四川省,绵阳市,安县,1,unresolved,none,0,,,,,,,,,,none,
,四川省,绵阳市,梓潼县,1,unresolved,none,0,,,,,,,,,,none,
,四川省,绵阳市,涪城区,1,unresolved,none,0,,,,,,,,,,none,
,四川省,南充地区,华蓥市,1,unresolved,none,0,,,,,,,,,,none,
,四川省,南充地区,南充县,1,unresolved,none,0,,,,,,,,,,none,
,四川省,南充地区,阆中市,1,unresolved,none,0,,,,,,,,,,none,
,浙江省,宁波市,鄞县,1,unresolved,none,0,,,,,,,,,,none,
,四川省,攀枝花市,西区,1,unresolved,none,0,,,,,,,,,,none,
,河北省,秦皇岛市,抚宁县,1,unresolved,none,0,,,,,,,,,,none,
,上海市,上海市,闵行区,1,unresolved,none,0,,,,,,,,,,none,
,江西省,上饶地区,玉山县,1,unresolved,none,0,,,,,,,,,,none,
,辽宁省,沈阳市,皇姑区,1,unresolved,none,0,,,,,,,,,,none,
,吉林省,四平市,伊通满族自治县,1,unresolved,none,0,,,,,,,,,,none,
,四川省,遂宁市,,1,unresolved,none,0,,,,,,,,,,none,
,河北省,唐山市,丰润县,1,unresolved,none,0,,,,,,,,,,none,
,四川省,万县地区,梁平县,1,unresolved,none,0,,,,,,,,,,none,
,四川省,万县市,梁平县,1,unresolved,none,0,,,,,,,,,,none,
,陕西省,渭南地区,渭南市,1,unresolved,none,0,,,,,,,,,,none,
,陕西省,西安市,雁塔区,1,unresolved,none,0,,,,,,,,,,none,
,山东省,烟台市,福山区,1,unresolved,none,0,,,,,,,,,,none,
,山西省,雁北地区,,1,unresolved,none,0,,,,,,,,,,none,
,四川省,宜宾地区,宜宾市,1,unresolved,none,0,,,,,,,,,,none,
,四川省,宜宾地区,泸县,1,unresolved,none,0,,,,,,,,,,none,
,四川省,宜宾地区,高县,1,unresolved,none,0,,,,,,,,,,none,
,四川省,永川地区,,1,unresolved,none,0,,,,,,,,,,none,
,湖南省,岳阳市,湘阴县,1,unresolved,none,0,,,,,,,,,,none,
,四川省,资阳地区,资阳市,1,unresolved,none,0,,,,,,,,,,none,
,四川省,自贡市,大安区,1,unresolved,none,0,,,,,,,,,,none,
,四川省,自贡市,荣县,1,unresolved,none,0,,,,,,,,,,none,
,贵州省,遵义地区,,1,unresolved,none,0,,,,,,,,,,none,
,贵州省,遵义地区,赤水县,1,unresolved,none,0,,,,,,,,,,none,
110113,北京市,北京市,顺义区,1,current,current_code,100,110000,北京市,,,110113,顺义区,110000,北京市,municipality,current_code,
110137,北京市,北京市,,1,partial,current_parent_code,60,110000,北京市,,,,,110000,北京市,municipality,current_parent_code,
110167,北京市,北京市,,1,partial,current_parent_code,60,110000,北京市,,,,,110000,北京市,municipality,current_parent_code,
110186,北京市,北京市,,1,partial,current_parent_code,60,110000,北京市,,,,,110000,北京市,municipality,current_parent_code,
110201,北京市,北京市,昌平县,1,historical_mapped,historical_crosswalk,85,110000,北京市,,,110114,昌平区,110000,北京市,municipality,unique_canonical_name,
110206,北京市,北京市,平谷县,1,historical_mapped,historical_crosswalk,85,110000,北京市,,,110117,平谷区,110000,北京市,municipality,unique_canonical_name,
110208,北京市,北京市,密云县,1,historical_mapped,historical_crosswalk,85,110000,北京市,,,110118,密云区,110000,北京市,municipality,unique_canonical_name,
110425,北京市,,,1,partial,current_parent_code,60,110000,北京市,,,,,110000,北京市,municipality,current_parent_code,
110800,北京市,,,1,partial,current_parent_code,60,110000,北京市,,,,,110000,北京市,municipality,current_parent_code,
110808,北京市,,,1,partial,current_parent_code,60,110000,北京市,,,,,110000,北京市,municipality,current_parent_code,
110908,北京市,,,1,partial,current_parent_code,60,110000,北京市,,,,,110000,北京市,municipality,current_parent_code,
110981,北京市,,,1,partial,current_parent_code,60,110000,北京市,,,,,110000,北京市,municipality,current_parent_code,
111403,北京市,,,1,partial,current_parent_code,60,110000,北京市,,,,,110000,北京市,municipality,current_parent_code,
111512,北京市,,,1,partial,current_parent_code,60,110000,北京市,,,,,110000,北京市,municipality,current_parent_code,
112044,北京市,,,1,partial,current_parent_code,60,110000,北京市,,,,,110000,北京市,municipality,current_parent_code,
113920,北京市,,,1,partial,current_parent_code,60,110000,北京市,,,,,110000,北京市,municipality,current_parent_code,
115102,北京市,,,1,partial,current_parent_code,60,110000,北京市,,,,,110000,北京市,municipality,current_parent_code,
118101,北京市,,,1,partial,current_parent_code,60,110000,北京市,,,,,110000,北京市,municipality,current_parent_code,
120000,天津市,,,1,current,current_code,100,120000,天津市,,,,,120000,天津市,municipality,current_code,
120117,天津市,天津市,宁河区,1,current,current_code,100,120000,天津市,,,120117,宁河区,120000,天津市,municipality,current_code,
120122,天津市,天津市,,1,partial,current_parent_code,60,120000,天津市,,,,,120000,天津市,municipality,current_parent_code,
120140,天津市,天津市,,1,partial,current_parent_code,60,120000,天津市,,,,,120000,天津市,municipality,current_parent_code,
120202,天津市,天津市,武清县,1,historical_mapped,historical_crosswalk,85,120000,天津市,,,120114,武清区,120000,天津市,municipality,unique_canonical_name,
120203,天津市,天津市,静海县,1,historical_mapped,historical_crosswalk,85,120000,天津市,,,120118,静海区,120000,天津市,municipality,unique_canonical_name,
120204,天津市,天津市,宝坻县,1,historical_mapped,historical_crosswalk,85,120000,天津市,,,120115,宝坻区,120000,天津市,municipality,unique_canonical_name,
120216,天津市,天津市,,1,partial,current_parent_code,60,120000,天津市,,,,,120000,天津市,municipality,current_parent_code,
120244,天津市,天津市,,1,partial,current_parent_code,60,120000,天津市,,,,,120000,天津市,municipality,current_parent_code,
120281,天津市,天津市,,1,partial,current_parent_code,60,120000,天津市,,,,,120000,天津市,municipality,current_parent_code,
120304,天津市,,,1,partial,current_parent_code,60,120000,天津市,,,,,120000,天津市,municipality,current_parent_code,
120403,天津市,,,1,partial,current_parent_code,60,120000,天津市,,,,,120000,天津市,municipality,current_parent_code,
120410,天津市,,,1,partial,current_parent_code,60,120000,天津市,,,,,120000,天津市,municipality,current_parent_code,
120422,天津市,,,1,partial,current_parent_code,60,120000,天津市,,,,,120000,天津市,municipality,current_parent_code,
120426,天津市,,,1,partial,current_parent_code,60,120000,天津市,,,,,120000,天津市,municipality,current_parent_code,
120525,天津市,,,1,partial,current_parent_code,60,120000,天津市,,,,,120000,天津市,municipality,current_parent_code,
120795,天津市,,,1,partial,current_parent_code,60,120000,天津市,,,,,120000,天津市,municipality,current_parent_code,
121212,天津市,,,1,partial,current_parent_code,60,120000,天津市,,,,,120000,天津市,municipality,current_parent_code,
121562,天津市,,,1,partial,current_parent_code,60,120000,天津市,,,,,120000,天津市,municipality,current_parent_code,
121703,天津市,,,1,partial,current_parent_code,60,120000,天津市,,,,,120000,天津市,municipality,current_parent_code,
121995,天津市,,,1,partial,current_parent_code,60,120000,天津市,,,,,120000,天津市,municipality,current_parent_code,
122102,天津市,,,1,partial,current_parent_code,60,120000,天津市,,,,,120000,天津市,municipality,current_parent_code,
122202,天津市,,,1,partial,current_parent_code,60,120000,天津市,,,,,120000,天津市,municipality,current_parent_code,
122223,天津市,,,1,partial,current_parent_code,60,120000,天津市,,,,,120000,天津市,municipality,current_parent_code,
122227,天津市,,,1,partial,current_parent_code,60,120000,天津市,,,,,120000,天津市,municipality,current_parent_code,
122230,天津市,,,1,partial,current_parent_code,60,120000,天津市,,,,,120000,天津市,municipality,current_parent_code,
122231,天津市,,,1,partial,current_parent_code,60,120000,天津市,,,,,120000,天津市,municipality,current_parent_code,
122322,天津市,,,1,partial,current_parent_code,60,120000,天津市,,,,,120000,天津市,municipality,current_parent_code,
122324,天津市,,,1,partial,current_parent_code,60,120000,天津市,,,,,120000,天津市,municipality,current_parent_code,
122619,天津市,,,1,partial,current_parent_code,60,120000,天津市,,,,,120000,天津市,municipality,current_parent_code,
122624,天津市,,,1,partial,current_parent_code,60,120000,天津市,,,,,120000,天津市,municipality,current_parent_code,
122627,天津市,,,1,partial,current_parent_code,60,120000,天津市,,,,,120000,天津市,municipality,current_parent_code,
122628,天津市,,,1,partial,current_parent_code,60,120000,天津市,,,,,120000,天津市,municipality,current_parent_code,
122630,天津市,,,1,partial,current_parent_code,60,120000,天津市,,,,,120000,天津市,municipality,current_parent_code,
122722,天津市,,,1,partial,current_parent_code,60,120000,天津市,,,,,120000,天津市,municipality,current_parent_code,
122728,天津市,,,1,partial,current_parent_code,60,120000,天津市,,,,,120000,天津市,municipality,current_parent_code,
122822,天津市,,,1,partial,current_parent_code,60,120000,天津市,,,,,120000,天津市,municipality,current_parent_code,
126104,天津市,,,1,partial,current_parent_code,60,120000,天津市,,,,,120000,天津市,municipality,current_parent_code,
127401,天津市,,,1,partial,current_parent_code,60,120000,天津市,,,,,120000,天津市,municipality,current_parent_code,
130000,河北省,,,1,current,current_code,100,130000,河北省,,,,,,,,current_code,
130081,河北省,,,1,unresolved,none,0,,,,,,,,,,none,
130220,河北省,唐山市,,1,partial,current_parent_code,60,130000,河北省,130200,唐山市,,,130200,唐山市,prefecture,current_parent_code,
130233,河北省,唐山市,,1,partial,current_parent_code,60,130000,河北省,130200,唐山市,,,130200,唐山市,prefecture,current_parent_code,
130305,河北省,秦皇岛市,郊区,1,ambiguous,historical_crosswalk,100,,,,,,,,,,cross_province_exact_name_requires_review,
130310,河北省,秦皇岛市,,1,partial,current_parent_code,60,130000,河北省,130300,秦皇岛市,,,130300,秦皇岛市,prefecture,current_parent_code,
130405,河北省,邯郸市,郊区,1,ambiguous,historical_crosswalk,100,,,,,,,,,,cross_province_exact_name_requires_review,
130453,河北省,邯郸市,,1,partial,current_parent_code,60,130000,河北省,130400,邯郸市,,,130400,邯郸市,prefecture,current_parent_code,
130600,河北省,保定市,,1,current,current_code,100,130000,河北省,130600,保定市,,,130600,保定市,prefecture,current_code,
130812,河北省,承德市,,1,partial,current_parent_code,60,130000,河北省,130800,承德市,,,130800,承德市,prefecture,current_parent_code,
130907,河北省,沧州市,,1,partial,current_parent_code,60,130000,河北省,130900,沧州市,,,130900,沧州市,prefecture,current_parent_code,
131027,河北省,廊坊市,霸县,1,partial,historical_crosswalk,70,130000,河北省,131000,廊坊市,,,131000,廊坊市,prefecture,mapped_parent_only,
131101,河北省,衡水市,,1,partial,current_parent_code,60,130000,河北省,131100,衡水市,,,131100,衡水市,prefecture,current_parent_code,
132108,河北省,邯郸地区,,1,unresolved,none,0,,,,,,,,,,none,
132131,河北省,邯郸地区,武安县,1,historical_mapped,historical_crosswalk,85,130000,河北省,130400,邯郸市,130481,武安市,130400,邯郸市,prefecture,unique_canonical_name_under_mapped_parent,
132221,河北省,邢台地区,邢台县,1,partial,historical_crosswalk,85,130000,河北省,130500,邢台市,,,130500,邢台市,prefecture,unique_canonical_name_under_mapped_parent,
132328,河北省,石家庄地区,正定县,1,historical_mapped,historical_crosswalk,90,130000,河北省,130100,石家庄市,130123,正定县,130100,石家庄市,prefecture,unique_exact_name_under_mapped_parent,
132502,河北省,张家口地区,桥东区,1,historical_mapped,historical_crosswalk,90,130000,河北省,130700,张家口市,130702,桥东区,130700,张家口市,prefecture,unique_exact_name_under_mapped_parent,
132531,河北省,张家口地区,宣化县,1,historical_mapped,historical_crosswalk,85,130000,河北省,130700,张家口市,130705,宣化区,130700,张家口市,prefecture,unique_canonical_name_under_mapped_parent,
132625,河北省,承德地区,承德县,1,historical_mapped,historical_crosswalk,90,130000,河北省,130800,承德市,130821,承德县,130800,承德市,prefecture,unique_exact_name_under_mapped_parent,
132705,河北省,唐山地区,郊区,1,ambiguous,historical_crosswalk,100,,,,,,,,,,cross_province_exact_name_requires_review,
132875,河北省,廊坊地区,,1,unresolved,none,0,,,,,,,,,,none,
132933,河北省,沧州地区,任丘县,1,historical_mapped,historical_crosswalk,85,130000,河北省,130900,沧州市,130982,任丘市,130900,沧州市,prefecture,unique_canonical_name_under_mapped_parent,
133002,河北省,衡水地区,冀州市,1,historical_mapped,historical_crosswalk,85,130000,河北省,131100,衡水市,131103,冀州区,131100,衡水市,prefecture,unique_canonical_name_under_mapped_parent,
134195,河北省,,,1,unresolved,none,0,,,,,,,,,,none,
135883,河北省,,,1,unresolved,none,0,,,,,,,,,,none,
136198,河北省,,,1,unresolved,none,0,,,,,,,,,,none,
137137,河北省,,,1,unresolved,none,0,,,,,,,,,,none,
137429,河北省,,,1,unresolved,none,0,,,,,,,,,,none,
138031,河北省,,,1,unresolved,none,0,,,,,,,,,,none,
139001,河北省,,武安市,1,historical_mapped,historical_crosswalk,90,130000,河北省,130400,邯郸市,130481,武安市,130400,邯郸市,prefecture,unique_exact_name,
139133,河北省,,,1,unresolved,none,0,,,,,,,,,,none,
140023,山西省,,,1,unresolved,none,0,,,,,,,,,,none,
140058,山西省,,,1,unresolved,none,0,,,,,,,,,,none,
140101,山西省,太原市,,1,partial,current_parent_code,60,140000,山西省,140100,太原市,,,140100,太原市,prefecture,current_parent_code,
140120,山西省,太原市,,1,partial,current_parent_code,60,140000,山西省,140100,太原市,,,140100,太原市,prefecture,current_parent_code,
140128,山西省,太原市,,1,partial,current_parent_code,60,140000,山西省,140100,太原市,,,140100,太原市,prefecture,current_parent_code,
140146,山西省,太原市,,1,partial,current_parent_code,60,140000,山西省,140100,太原市,,,140100,太原市,prefecture,current_parent_code,
140281,山西省,大同市,,1,partial,current_parent_code,60,140000,山西省,140200,大同市,,,140200,大同市,prefecture,current_parent_code,
140500,山西省,晋城市,,1,current,current_code,100,140000,山西省,140500,晋城市,,,140500,晋城市,prefecture,current_code,
140510,山西省,晋城市,,1,partial,current_parent_code,60,140000,山西省,140500,晋城市,,,140500,晋城市,prefecture,current_parent_code,
140527,山西省,晋城市,,1,partial,current_parent_code,60,140000,山西省,140500,晋城市,,,140500,晋城市,prefecture,current_parent_code,
140626,山西省,朔州市,,1,partial,current_parent_code,60,140000,山西省,140600,朔州市,,,140600,朔州市,prefecture,current_parent_code,
140631,山西省,朔州市,,1,partial,current_parent_code,60,140000,山西省,140600,朔州市,,,140600,朔州市,prefecture,current_parent_code,
140731,山西省,晋中市,,1,partial,current_parent_code,60,140000,山西省,140700,晋中市,,,140700,晋中市,prefecture,current_parent_code,
140800,山西省,运城市,,1,current,current_code,100,140000,山西省,140800,运城市,,,140800,运城市,prefecture,current_code,
140811,山西省,运城市,,1,partial,current_parent_code,60,140000,山西省,140800,运城市,,,140800,运城市,prefecture,current_parent_code,
140927,山西省,忻州市,神池县,1,current,current_code,100,140000,山西省,140900,忻州市,140927,神池县,140900,忻州市,prefecture,current_code,
141028,山西省,临汾市,吉县,1,current,current_code,100,140000,山西省,141000,临汾市,141028,吉县,141000,临汾市,prefecture,current_code,
141110,山西省,吕梁市,,1,partial,current_parent_code,60,140000,山西省,141100,吕梁市,,,141100,吕梁市,prefecture,current_parent_code,
141149,山西省,吕梁市,,1,partial,current_parent_code,60,140000,山西省,141100,吕梁市,,,141100,吕梁市,prefecture,current_parent_code,
141171,山西省,吕梁市,,1,partial,current_parent_code,60,140000,山西省,141100,吕梁市,,,141100,吕梁市,prefecture,current_parent_code,
141311,山西省,,,1,unresolved,none,0,,,,,,,,,,none,
142021,山西省,,,1,unresolved,none,0,,,,,,,,,,none,
142022,山西省,,,1,unresolved,none,0,,,,,,,,,,none,
142027,山西省,,,1,unresolved,none,0,,,,,,,,,,none,
142102,山西省,雁北地区,,1,unresolved,none,0,,,,,,,,,,none,
142247,山西省,忻州地区,,1,unresolved,none,0,,,,,,,,,,none,
142261,山西省,忻州地区,,1,unresolved,none,0,,,,,,,,,,none,
142304,山西省,吕梁地区,,1,unresolved,none,0,,,,,,,,,,none,
142317,山西省,吕梁地区,,1,unresolved,none,0,,,,,,,,,,none,
142343,山西省,吕梁地区,,1,unresolved,none,0,,,,,,,,,,none,
142420,山西省,晋中地区,,1,unresolved,none,0,,,,,,,,,,none,
142426,山西省,晋中地区,盂县,1,ambiguous,historical_crosswalk,100,,,,,,,,,,historical_code_reused,140322
147558,山西省,,,1,unresolved,none,0,,,,,,,,,,none,
147880,山西省,,,1,unresolved,none,0,,,,,,,,,,none,
150162,内蒙古自治区,呼和浩特市,,1,partial,current_parent_code,60,150000,内蒙古自治区,150100,呼和浩特市,,,150100,呼和浩特市,prefecture,current_parent_code,
150181,内蒙古自治区,呼和浩特市,,1,partial,current_parent_code,60,150000,内蒙古自治区,150100,呼和浩特市,,,150100,呼和浩特市,prefecture,current_parent_code,
150201,内蒙古自治区,包头市,,1,partial,current_parent_code,60,150000,内蒙古自治区,150200,包头市,,,150200,包头市,prefecture,current_parent_code,
150243,内蒙古自治区,包头市,,1,partial,current_parent_code,60,150000,内蒙古自治区,150200,包头市,,,150200,包头市,prefecture,current_parent_code,
150248,内蒙古自治区,包头市,,1,partial,current_parent_code,60,150000,内蒙古自治区,150200,包头市,,,150200,包头市,prefecture,current_parent_code,
150300,内蒙古自治区,乌海市,,1,current,current_code,100,150000,内蒙古自治区,150300,乌海市,,,150300,乌海市,prefecture,current_code,
150301,内蒙古自治区,乌海市,,1,partial,current_parent_code,60,150000,内蒙古自治区,150300,乌海市,,,150300,乌海市,prefecture,current_parent_code,
150400,内蒙古自治区,赤峰市,,1,current,current_code,100,150000,内蒙古自治区,150400,赤峰市,,,150400,赤峰市,prefecture,current_code,
150413,内蒙古自治区,赤峰市,,1,partial,current_parent_code,60,150000,内蒙古自治区,150400,赤峰市,,,150400,赤峰市,prefecture,current_parent_code,
150427,内蒙古自治区,赤峰市,,1,partial,current_parent_code,60,150000,内蒙古自治区,150400,赤峰市,,,150400,赤峰市,prefecture,current_parent_code,
150601,内蒙古自治区,鄂尔多斯市,,1,partial,current_parent_code,60,150000,内蒙古自治区,150600,鄂尔多斯市,,,150600,鄂尔多斯市,prefecture,current_parent_code,
150725,内蒙古自治区,呼伦贝尔市,陈巴尔虎旗,1,current,current_code,100,150000,内蒙古自治区,150700,呼伦贝尔市,150725,陈巴尔虎旗,150700,呼伦贝尔市,prefecture,current_code,
150781,内蒙古自治区,呼伦贝尔市,满洲里市,1,current,current_code,100,150000,内蒙古自治区,150700,呼伦贝尔市,150781,满洲里市,150700,呼伦贝尔市,prefecture,current_code,
151126,内蒙古自治区,,,1,unresolved,none,0,,,,,,,,,,none,
151162,内蒙古自治区,,,1,unresolved,none,0,,,,,,,,,,none,
152004,内蒙古自治区,,,1,unresolved,none,0,,,,,,,,,,none,
152023,内蒙古自治区,,,1,unresolved,none,0,,,,,,,,,,none,
152025,内蒙古自治区,,,1,unresolved,none,0,,,,,,,,,,none,
152193,内蒙古自治区,呼伦贝尔盟,,1,unresolved,none,0,,,,,,,,,,none,
152228,内蒙古自治区,兴安盟,,1,partial,current_parent_code,60,150000,内蒙古自治区,152200,兴安盟,,,152200,兴安盟,prefecture,current_parent_code,
152231,内蒙古自治区,兴安盟,,1,partial,current_parent_code,60,150000,内蒙古自治区,152200,兴安盟,,,152200,兴安盟,prefecture,current_parent_code,
152328,内蒙古自治区,哲里木盟,,1,unresolved,none,0,,,,,,,,,,none,
152384,内蒙古自治区,哲里木盟,,1,unresolved,none,0,,,,,,,,,,none,
152430,内蒙古自治区,昭乌达盟,敖汉旗,1,historical_mapped,historical_crosswalk,90,150000,内蒙古自治区,150400,赤峰市,150430,敖汉旗,150400,赤峰市,prefecture,unique_exact_name,
152602,内蒙古自治区,乌兰察布盟,丰镇市,1,historical_mapped,historical_crosswalk,90,150000,内蒙古自治区,150900,乌兰察布市,150981,丰镇市,150900,乌兰察布市,prefecture,unique_exact_name,
152638,内蒙古自治区,乌兰察布盟,,1,unresolved,none,0,,,,,,,,,,none,
152687,内蒙古自治区,乌兰察布盟,,1,unresolved,none,0,,,,,,,,,,none,
152752,内蒙古自治区,伊克昭盟,,1,unresolved,none,0,,,,,,,,,,none,
152821,内蒙古自治区,巴彦淖尔盟,临河县,1,ambiguous,historical_crosswalk,100,,,,,,,,,,historical_code_reused,150802
152828,内蒙古自治区,乌兰察布盟,丰镇县,1,historical_mapped,historical_crosswalk,85,150000,内蒙古自治区,150900,乌兰察布市,150981,丰镇市,150900,乌兰察布市,prefecture,unique_canonical_name,
152874,内蒙古自治区,巴彦淖尔盟,,1,unresolved,none,0,,,,,,,,,,none,
152919,内蒙古自治区,阿拉善盟,,1,partial,current_parent_code,60,150000,内蒙古自治区,152900,阿拉善盟,,,152900,阿拉善盟,prefecture,current_parent_code,
153324,内蒙古自治区,,,1,unresolved,none,0,,,,,,,,,,none,
153325,内蒙古自治区,,,1,unresolved,none,0,,,,,,,,,,none,
154023,内蒙古自治区,,,1,unresolved,none,0,,,,,,,,,,none,
157204,内蒙古自治区,,,1,unresolved,none,0,,,,,,,,,,none,
157231,内蒙古自治区,,,1,unresolved,none,0,,,,,,,,,,none,
210107,辽宁省,沈阳市,,1,partial,current_parent_code,60,210000,辽宁省,210100,沈阳市,,,210100,沈阳市,prefecture,current_parent_code,
210115,辽宁省,沈阳市,辽中区,1,current,current_code,100,210000,辽宁省,210100,沈阳市,210115,辽中区,210100,沈阳市,prefecture,current_code,
210125,辽宁省,沈阳市,,1,partial,current_parent_code,60,210000,辽宁省,210100,沈阳市,,,210100,沈阳市,prefecture,current_parent_code,
210126,辽宁省,沈阳市,,1,partial,current_parent_code,60,210000,辽宁省,210100,沈阳市,,,210100,沈阳市,prefecture,current_parent_code,
210128,辽宁省,沈阳市,,1,partial,current_parent_code,60,210000,辽宁省,210100,沈阳市,,,210100,沈阳市,prefecture,current_parent_code,
210166,辽宁省,沈阳市,,1,partial,current_parent_code,60,210000,辽宁省,210100,沈阳市,,,210100,沈阳市,prefecture,current_parent_code,
210184,辽宁省,沈阳市,,1,partial,current_parent_code,60,210000,辽宁省,210100,沈阳市,,,210100,沈阳市,prefecture,current_parent_code,
210200,辽宁省,大连市,,1,current,current_code,100,210000,辽宁省,210200,大连市,,,210200,大连市,prefecture,current_code,
210201,辽宁省,大连市,,1,partial,current_parent_code,60,210000,辽宁省,210200,大连市,,,210200,大连市,prefecture,current_parent_code,
210205,辽宁省,大连市,,1,partial,current_parent_code,60,210000,辽宁省,210200,大连市,,,210200,大连市,prefecture,current_parent_code,
210214,辽宁省,大连市,普兰店区,1,current,current_code,100,210000,辽宁省,210200,大连市,210214,普兰店区,210200,大连市,prefecture,current_code,
210216,辽宁省,大连市,,1,partial,current_parent_code,60,210000,辽宁省,210200,大连市,,,210200,大连市,prefecture,current_parent_code,
210217,辽宁省,大连市,,1,partial,current_parent_code,60,210000,辽宁省,210200,大连市,,,210200,大连市,prefecture,current_parent_code,
210220,辽宁省,大连市,,1,partial,current_parent_code,60,210000,辽宁省,210200,大连市,,,210200,大连市,prefecture,current_parent_code,
210229,辽宁省,大连市,,1,partial,current_parent_code,60,210000,辽宁省,210200,大连市,,,210200,大连市,prefecture,current_parent_code,
210236,辽宁省,大连市,,1,partial,current_parent_code,60,210000,辽宁省,210200,大连市,,,210200,大连市,prefecture,current_parent_code,
210252,辽宁省,大连市,,1,partial,current_parent_code,60,210000,辽宁省,210200,大连市,,,210200,大连市,prefecture,current_parent_code,
210301,辽宁省,鞍山市,,1,partial,current_parent_code,60,210000,辽宁省,210300,鞍山市,,,210300,鞍山市,prefecture,current_parent_code,
210309,辽宁省,鞍山市,,1,partial,current_parent_code,60,210000,辽宁省,210300,鞍山市,,,210300,鞍山市,prefecture,current_parent_code,
210387,辽宁省,鞍山市,,1,partial,current_parent_code,60,210000,辽宁省,210300,鞍山市,,,210300,鞍山市,prefecture,current_parent_code,
210401,辽宁省,抚顺市,,1,partial,current_parent_code,60,210000,辽宁省,210400,抚顺市,,,210400,抚顺市,prefecture,current_parent_code,
210432,辽宁省,抚顺市,,1,partial,current_parent_code,60,210000,辽宁省,210400,抚顺市,,,210400,抚顺市,prefecture,current_parent_code,
210442,辽宁省,抚顺市,,1,partial,current_parent_code,60,210000,辽宁省,210400,抚顺市,,,210400,抚顺市,prefecture,current_parent_code,
210520,辽宁省,本溪市,,1,partial,current_parent_code,60,210000,辽宁省,210500,本溪市,,,210500,本溪市,prefecture,current_parent_code,
210523,辽宁省,本溪市,,1,partial,current_parent_code,60,210000,辽宁省,210500,本溪市,,,210500,本溪市,prefecture,current_parent_code,
210627,辽宁省,丹东市,,1,partial,current_parent_code,60,210000,辽宁省,210600,丹东市,,,210600,丹东市,prefecture,current_parent_code,
210712,辽宁省,锦州市,,1,partial,current_parent_code,60,210000,辽宁省,210700,锦州市,,,210700,锦州市,prefecture,current_parent_code,
210822,辽宁省,营口市,盘山县,1,historical_mapped,historical_crosswalk,90,210000,辽宁省,211100,盘锦市,211122,盘山县,211100,盘锦市,prefecture,unique_exact_name,
210880,辽宁省,营口市,,1,partial,current_parent_code,60,210000,辽宁省,210800,营口市,,,210800,营口市,prefecture,current_parent_code,
210900,辽宁省,阜新市,,1,current,current_code,100,210000,辽宁省,210900,阜新市,,,210900,阜新市,prefecture,current_code,
210924,辽宁省,阜新市,,1,partial,current_parent_code,60,210000,辽宁省,210900,阜新市,,,210900,阜新市,prefecture,current_parent_code,
211000,辽宁省,辽阳市,,1,current,current_code,100,210000,辽宁省,211000,辽阳市,,,211000,辽阳市,prefecture,current_code,
211001,辽宁省,辽阳市,,1,partial,current_parent_code,60,210000,辽宁省,211000,辽阳市,,,211000,辽阳市,prefecture,current_parent_code,
211101,辽宁省,盘锦市,,1,partial,current_parent_code,60,210000,辽宁省,211100,盘锦市,,,211100,盘锦市,prefecture,current_parent_code,
211112,辽宁省,盘锦市,,1,partial,current_parent_code,60,210000,辽宁省,211100,盘锦市,,,211100,盘锦市,prefecture,current_parent_code,
211129,辽宁省,盘锦市,,1,partial,current_parent_code,60,210000,辽宁省,211100,盘锦市,,,211100,盘锦市,prefecture,current_parent_code,
211131,辽宁省,盘锦市,,1,partial,current_parent_code,60,210000,辽宁省,211100,盘锦市,,,211100,盘锦市,prefecture,current_parent_code,
211241,辽宁省,铁岭市,,1,partial,current_parent_code,60,210000,辽宁省,211200,铁岭市,,,211200,铁岭市,prefecture,current_parent_code,
211266,辽宁省,铁岭市,,1,partial,current_parent_code,60,210000,辽宁省,211200,铁岭市,,,211200,铁岭市,prefecture,current_parent_code,
211318,辽宁省,朝阳市,,1,partial,current_parent_code,60,210000,辽宁省,211300,朝阳市,,,211300,朝阳市,prefecture,current_parent_code,
211423,辽宁省,葫芦岛市,,1,partial,current_parent_code,60,210000,辽宁省,211400,葫芦岛市,,,211400,葫芦岛市,prefecture,current_parent_code,
212025,辽宁省,,,1,unresolved,none,0,,,,,,,,,,none,
212319,辽宁省,,,1,unresolved,none,0,,,,,,,,,,none,
212328,辽宁省,,,1,unresolved,none,0,,,,,,,,,,none,
212902,辽宁省,,,1,unresolved,none,0,,,,,,,,,,none,
212928,辽宁省,,,1,unresolved,none,0,,,,,,,,,,none,
213123,辽宁省,,,1,unresolved,none,0,,,,,,,,,,none,
213126,辽宁省,,,1,unresolved,none,0,,,,,,,,,,none,
213128,辽宁省,,,1,unresolved,none,0,,,,,,,,,,none,
213247,辽宁省,,,1,unresolved,none,0,,,,,,,,,,none,
213401,辽宁省,,,1,unresolved,none,0,,,,,,,,,,none,
213424,辽宁省,,,1,unresolved,none,0,,,,,,,,,,none,
213426,辽宁省,,,1,unresolved,none,0,,,,,,,,,,none,
213430,辽宁省,,,1,unresolved,none,0,,,,,,,,,,none,
213622,辽宁省,,,1,unresolved,none,0,,,,,,,,,,none,
213623,辽宁省,,,1,unresolved,none,0,,,,,,,,,,none,
213826,辽宁省,,,1,unresolved,none,0,,,,,,,,,,none,
213901,辽宁省,,,1,unresolved,none,0,,,,,,,,,,none,
216023,辽宁省,,,1,unresolved,none,0,,,,,,,,,,none,
218323,辽宁省,,,1,unresolved,none,0,,,,,,,,,,none,
219357,辽宁省,,,1,unresolved,none,0,,,,,,,,,,none,
220000,吉林省,,,1,current,current_code,100,220000,吉林省,,,,,,,,current_code,
220003,吉林省,,,1,unresolved,none,0,,,,,,,,,,none,
220061,吉林省,,,1,unresolved,none,0,,,,,,,,,,none,
220100,吉林省,长春市,,1,current,current_code,100,220000,吉林省,220100,长春市,,,220100,长春市,prefecture,current_code,
220113,吉林省,长春市,九台区,1,current,current_code,100,220000,吉林省,220100,长春市,220113,九台区,220100,长春市,prefecture,current_code,
220114,吉林省,长春市,,1,partial,current_parent_code,60,220000,吉林省,220100,长春市,,,220100,长春市,prefecture,current_parent_code,
220127,吉林省,长春市,,1,partial,current_parent_code,60,220000,吉林省,220100,长春市,,,220100,长春市,prefecture,current_parent_code,
220150,吉林省,长春市,,1,partial,current_parent_code,60,220000,吉林省,220100,长春市,,,220100,长春市,prefecture,current_parent_code,
220152,吉林省,长春市,,1,partial,current_parent_code,60,220000,吉林省,220100,长春市,,,220100,长春市,prefecture,current_parent_code,
220156,吉林省,长春市,,1,partial,current_parent_code,60,220000,吉林省,220100,长春市,,,220100,长春市,prefecture,current_parent_code,
220157,吉林省,长春市,,1,partial,current_parent_code,60,220000,吉林省,220100,长春市,,,220100,长春市,prefecture,current_parent_code,
220186,吉林省,长春市,,1,partial,current_parent_code,60,220000,吉林省,220100,长春市,,,220100,长春市,prefecture,current_parent_code,
220231,吉林省,吉林市,,1,partial,current_parent_code,60,220000,吉林省,220200,吉林市,,,220200,吉林市,prefecture,current_parent_code,
220286,吉林省,吉林市,,1,partial,current_parent_code,60,220000,吉林省,220200,吉林市,,,220200,吉林市,prefecture,current_parent_code,
220301,吉林省,四平市,铁西区,1,historical_mapped,historical_crosswalk,90,220000,吉林省,220300,四平市,220302,铁西区,220300,四平市,prefecture,unique_exact_name_under_mapped_parent,
220332,吉林省,四平市,,1,partial,current_parent_code,60,220000,吉林省,220300,四平市,,,220300,四平市,prefecture,current_parent_code,
220380,吉林省,四平市,,1,partial,current_parent_code,60,220000,吉林省,220300,四平市,,,220300,四平市,prefecture,current_parent_code,
220400,吉林省,辽源市,,1,current,current_code,100,220000,吉林省,220400,辽源市,,,220400,辽源市,prefecture,current_code,
220500,吉林省,通化市,,1,current,current_code,100,220000,吉林省,220500,通化市,,,220500,通化市,prefecture,current_code,
220501,吉林省,通化市,,1,partial,current_parent_code,60,220000,吉林省,220500,通化市,,,220500,通化市,prefecture,current_parent_code,
220504,吉林省,通化市,,1,partial,current_parent_code,60,220000,吉林省,220500,通化市,,,220500,通化市,prefecture,current_parent_code,
220505,吉林省,通化市,,1,partial,current_parent_code,60,220000,吉林省,220500,通化市,,,220500,通化市,prefecture,current_parent_code,
220508,吉林省,通化市,,1,partial,current_parent_code,60,220000,吉林省,220500,通化市,,,220500,通化市,prefecture,current_parent_code,
220512,吉林省,通化市,,1,partial,current_parent_code,60,220000,吉林省,220500,通化市,,,220500,通化市,prefecture,current_parent_code,
220531,吉林省,通化市,,1,partial,current_parent_code,60,220000,吉林省,220500,通化市,,,220500,通化市,prefecture,current_parent_code,
220551,吉林省,通化市,,1,partial,current_parent_code,60,220000,吉林省,220500,通化市,,,220500,通化市,prefecture,current_parent_code,
220601,吉林省,白山市,,1,partial,current_parent_code,60,220000,吉林省,220600,白山市,,,220600,白山市,prefecture,current_parent_code,
220700,吉林省,松原市,,1,current,current_code,100,220000,吉林省,220700,松原市,,,220700,松原市,prefecture,current_code,
220706,吉林省,松原市,,1,partial,current_parent_code,60,220000,吉林省,220700,松原市,,,220700,松原市,prefecture,current_parent_code,
220726,吉林省,松原市,,1,partial,current_parent_code,60,220000,吉林省,220700,松原市,,,220700,松原市,prefecture,current_parent_code,
220824,吉林省,白城市,,1,partial,current_parent_code,60,220000,吉林省,220800,白城市,,,220800,白城市,prefecture,current_parent_code,
220872,吉林省,白城市,,1,partial,current_parent_code,60,220000,吉林省,220800,白城市,,,220800,白城市,prefecture,current_parent_code,
220922,吉林省,,,1,unresolved,none,0,,,,,,,,,,none,
221003,吉林省,,,1,unresolved,none,0,,,,,,,,,,none,
221005,吉林省,,,1,unresolved,none,0,,,,,,,,,,none,
221046,吉林省,,,1,unresolved,none,0,,,,,,,,,,none,
221104,吉林省,,,1,unresolved,none,0,,,,,,,,,,none,
221402,吉林省,,,1,unresolved,none,0,,,,,,,,,,none,
221746,吉林省,,,1,unresolved,none,0,,,,,,,,,,none,
222001,吉林省,,,1,unresolved,none,0,,,,,,,,,,none,
222101,吉林省,四平地区,四平市,1,partial,historical_crosswalk,90,220000,吉林省,220300,四平市,,,220300,四平市,prefecture,unique_exact_name_under_mapped_parent,
222196,吉林省,四平地区,,1,unresolved,none,0,,,,,,,,,,none,
222202,吉林省,通化地区,浑江市,1,historical_mapped,historical_crosswalk,85,220000,吉林省,220600,白山市,220602,浑江区,220600,白山市,prefecture,unique_canonical_name,
222300,吉林省,白城地区,,1,historical_mapped,historical_crosswalk,85,220000,吉林省,220800,白城市,,,220800,白城市,prefecture,unique_canonical_name_under_mapped_parent,
222416,吉林省,延边朝鲜族自治州,,1,partial,current_parent_code,60,220000,吉林省,222400,延边朝鲜族自治州,,,222400,延边朝鲜族自治州,prefecture,current_parent_code,
222427,吉林省,延边朝鲜族自治州,龙井县,1,historical_mapped,historical_crosswalk,85,220000,吉林省,222400,延边朝鲜族自治州,222405,龙井市,222400,延边朝鲜族自治州,prefecture,unique_canonical_name_under_mapped_parent,
222730,吉林省,,,1,unresolved,none,0,,,,,,,,,,none,
223019,吉林省,,,1,unresolved,none,0,,,,,,,,,,none,
224281,吉林省,,,1,unresolved,none,0,,,,,,,,,,none,
224882,吉林省,,,1,unresolved,none,0,,,,,,,,,,none,
226323,吉林省,,,1,unresolved,none,0,,,,,,,,,,none,
229000,吉林省,吉林省直辖县级行政区划,,1,unresolved,none,0,,,,,,,,,,none,
230040,黑龙江省,,,1,unresolved,none,0,,,,,,,,,,none,
230101,黑龙江省,哈尔滨市,,1,partial,current_parent_code,60,230000,黑龙江省,230100,哈尔滨市,,,230100,哈尔滨市,prefecture,current_parent_code,
230109,黑龙江省,哈尔滨市,松北区,1,current,current_code,100,230000,黑龙江省,230100,哈尔滨市,230109,松北区,230100,哈尔滨市,prefecture,current_code,
230301,黑龙江省,鸡西市,,1,partial,current_parent_code,60,230000,黑龙江省,230300,鸡西市,,,230300,鸡西市,prefecture,current_parent_code,
230324,黑龙江省,鸡西市,,1,partial,current_parent_code,60,230000,黑龙江省,230300,鸡西市,,,230300,鸡西市,prefecture,current_parent_code,
230326,黑龙江省,鸡西市,,1,partial,current_parent_code,60,230000,黑龙江省,230300,鸡西市,,,230300,鸡西市,prefecture,current_parent_code,
230409,黑龙江省,鹤岗市,,1,partial,current_parent_code,60,230000,黑龙江省,230400,鹤岗市,,,230400,鹤岗市,prefecture,current_parent_code,
230427,黑龙江省,鹤岗市,,1,partial,current_parent_code,60,230000,黑龙江省,230400,鹤岗市,,,230400,鹤岗市,prefecture,current_parent_code,
230626,黑龙江省,大庆市,,1,partial,current_parent_code,60,230000,黑龙江省,230600,大庆市,,,230600,大庆市,prefecture,current_parent_code,
230627,黑龙江省,大庆市,,1,partial,current_parent_code,60,230000,黑龙江省,230600,大庆市,,,230600,大庆市,prefecture,current_parent_code,
230629,黑龙江省,大庆市,,1,partial,current_parent_code,60,230000,黑龙江省,230600,大庆市,,,230600,大庆市,prefecture,current_parent_code,
230800,黑龙江省,佳木斯市,,1,current,current_code,100,230000,黑龙江省,230800,佳木斯市,,,230800,佳木斯市,prefecture,current_code,
230801,黑龙江省,佳木斯市,,1,partial,current_parent_code,60,230000,黑龙江省,230800,佳木斯市,,,230800,佳木斯市,prefecture,current_parent_code,
230808,黑龙江省,佳木斯市,,1,partial,current_parent_code,60,230000,黑龙江省,230800,佳木斯市,,,230800,佳木斯市,prefecture,current_parent_code,
230825,黑龙江省,佳木斯市,集贤县,1,historical_mapped,historical_crosswalk,90,230000,黑龙江省,230500,双鸭山市,230521,集贤县,230500,双鸭山市,prefecture,unique_exact_name,
230837,黑龙江省,佳木斯市,,1,partial,current_parent_code,60,230000,黑龙江省,230800,佳木斯市,,,230800,佳木斯市,prefecture,current_parent_code,
230907,黑龙江省,七台河市,,1,partial,current_parent_code,60,230000,黑龙江省,230900,七台河市,,,230900,七台河市,prefecture,current_parent_code,
231014,黑龙江省,牡丹江市,,1,partial,current_parent_code,60,230000,黑龙江省,231000,牡丹江市,,,231000,牡丹江市,prefecture,current_parent_code,
231019,黑龙江省,牡丹江市,,1,partial,current_parent_code,60,230000,黑龙江省,231000,牡丹江市,,,231000,牡丹江市,prefecture,current_parent_code,
231020,黑龙江省,牡丹江市,绥芬河市,1,historical_mapped,historical_crosswalk,90,230000,黑龙江省,231000,牡丹江市,231081,绥芬河市,231000,牡丹江市,prefecture,unique_exact_name_under_mapped_parent,
231100,黑龙江省,黑河市,,1,current,current_code,100,230000,黑龙江省,231100,黑河市,,,231100,黑河市,prefecture,current_code,
231143,黑龙江省,黑河市,,1,partial,current_parent_code,60,230000,黑龙江省,231100,黑河市,,,231100,黑河市,prefecture,current_parent_code,
231201,黑龙江省,绥化市,,1,partial,current_parent_code,60,230000,黑龙江省,231200,绥化市,,,231200,绥化市,prefecture,current_parent_code,
231465,黑龙江省,,,1,unresolved,none,0,,,,,,,,,,none,
232068,黑龙江省,,,1,unresolved,none,0,,,,,,,,,,none,
232082,黑龙江省,,,1,unresolved,none,0,,,,,,,,,,none,
232100,黑龙江省,松花江地区,,1,ambiguous,historical_crosswalk,100,,,,,,,,,,historical_code_reused,
232182,黑龙江省,松花江地区,,1,unresolved,none,0,,,,,,,,,,none,
232221,黑龙江省,嫩江地区,龙江县,1,ambiguous,historical_crosswalk,100,,,,,,,,,,historical_code_reused,230221
232227,黑龙江省,嫩江地区,富裕县,1,ambiguous,historical_crosswalk,100,,,,,,,,,,historical_code_reused,230227
232300,黑龙江省,绥化地区,,1,ambiguous,historical_crosswalk,100,,,,,,,,,,historical_code_reused,231200
232304,黑龙江省,绥化地区,海伦市,1,historical_mapped,historical_crosswalk,90,230000,黑龙江省,231200,绥化市,231283,海伦市,231200,绥化市,prefecture,unique_exact_name,
232323,黑龙江省,嫩江地区,龙江县,1,historical_mapped,historical_crosswalk,90,230000,黑龙江省,230200,齐齐哈尔市,230221,龙江县,230200,齐齐哈尔市,prefecture,unique_exact_name,
232382,黑龙江省,绥化地区,,1,unresolved,none,0,,,,,,,,,,none,
232390,黑龙江省,绥化地区,,1,unresolved,none,0,,,,,,,,,,none,
232422,黑龙江省,合江地区,桦南县,1,ambiguous,historical_crosswalk,100,,,,,,,,,,historical_code_reused,230822
232425,黑龙江省,合江地区,集贤县,1,ambiguous,historical_crosswalk,100,,,,,,,,,,historical_code_reused,230521
232429,黑龙江省,合江地区,绥滨县,1,ambiguous,historical_crosswalk,100,,,,,,,,,,historical_code_reused,230422
232526,黑龙江省,牡丹江地区,鸡东县,1,ambiguous,historical_crosswalk,100,,,,,,,,,,historical_code_reused,230321
232564,黑龙江省,牡丹江地区,,1,unresolved,none,0,,,,,,,,,,none,
232701,黑龙江省,大兴安岭地区,漠河市,1,current,current_code,100,230000,黑龙江省,232700,大兴安岭地区,232701,漠河市,232700,大兴安岭地区,prefecture,current_code,
232727,黑龙江省,大兴安岭地区,,1,partial,current_parent_code,60,230000,黑龙江省,232700,大兴安岭地区,,,232700,大兴安岭地区,prefecture,current_parent_code,
232801,黑龙江省,,,1,unresolved,none,0,,,,,,,,,,none,
232901,黑龙江省,,,1,unresolved,none,0,,,,,,,,,,none,
232923,黑龙江省,,,1,unresolved,none,0,,,,,,,,,,none,
232932,黑龙江省,,,1,unresolved,none,0,,,,,,,,,,none,
233022,黑龙江省,,,1,unresolved,none,0,,,,,,,,,,none,
233085,黑龙江省,,,1,unresolved,none,0,,,,,,,,,,none,
233123,黑龙江省,,,1,unresolved,none,0,,,,,,,,,,none,
233223,黑龙江省,,,1,unresolved,none,0,,,,,,,,,,none,
234123,黑龙江省,,,1,unresolved,none,0,,,,,,,,,,none,
235798,黑龙江省,,,1,unresolved,none,0,,,,,,,,,,none,
239002,黑龙江省,黑龙江省直辖县级行政区划,阿城市,1,ambiguous,historical_crosswalk,100,,,,,,,,,,historical_code_reused,230112
239003,黑龙江省,黑龙江省直辖县级行政区划,同江市,1,historical_mapped,historical_crosswalk,90,230000,黑龙江省,230800,佳木斯市,230881,同江市,230800,佳木斯市,prefecture,unique_exact_name,
239221,黑龙江省,,,1,unresolved,none,0,,,,,,,,,,none,
310005,上海市,,,1,partial,current_parent_code,60,310000,上海市,,,,,310000,上海市,municipality,current_parent_code,
310010,上海市,,,1,partial,current_parent_code,60,310000,上海市,,,,,310000,上海市,municipality,current_parent_code,
310012,上海市,,,1,partial,current_parent_code,60,310000,上海市,,,,,310000,上海市,municipality,current_parent_code,
310015,上海市,,,1,partial,current_parent_code,60,310000,上海市,,,,,310000,上海市,municipality,current_parent_code,
310019,上海市,,,1,partial,current_parent_code,60,310000,上海市,,,,,310000,上海市,municipality,current_parent_code,
310022,上海市,,,1,partial,current_parent_code,60,310000,上海市,,,,,310000,上海市,municipality,current_parent_code,
310126,上海市,上海市,,1,partial,current_parent_code,60,310000,上海市,,,,,310000,上海市,municipality,current_parent_code,
310127,上海市,上海市,,1,partial,current_parent_code,60,310000,上海市,,,,,310000,上海市,municipality,current_parent_code,
310128,上海市,上海市,,1,partial,current_parent_code,60,310000,上海市,,,,,310000,上海市,municipality,current_parent_code,
310130,上海市,上海市,,1,partial,current_parent_code,60,310000,上海市,,,,,310000,上海市,municipality,current_parent_code,
310132,上海市,上海市,,1,partial,current_parent_code,60,310000,上海市,,,,,310000,上海市,municipality,current_parent_code,
310137,上海市,上海市,,1,partial,current_parent_code,60,310000,上海市,,,,,310000,上海市,municipality,current_parent_code,
310139,上海市,上海市,,1,partial,current_parent_code,60,310000,上海市,,,,,310000,上海市,municipality,current_parent_code,
310150,上海市,上海市,,1,partial,current_parent_code,60,310000,上海市,,,,,310000,上海市,municipality,current_parent_code,
310161,上海市,上海市,,1,partial,current_parent_code,60,310000,上海市,,,,,310000,上海市,municipality,current_parent_code,
310168,上海市,上海市,,1,partial,current_parent_code,60,310000,上海市,,,,,310000,上海市,municipality,current_parent_code,
310178,上海市,上海市,,1,partial,current_parent_code,60,310000,上海市,,,,,310000,上海市,municipality,current_parent_code,
310185,上海市,上海市,,1,partial,current_parent_code,60,310000,上海市,,,,,310000,上海市,municipality,current_parent_code,
310189,上海市,上海市,,1,partial,current_parent_code,60,310000,上海市,,,,,310000,上海市,municipality,current_parent_code,
310200,上海市,上海市,,1,partial,current_parent_code,60,310000,上海市,,,,,310000,上海市,municipality,current_parent_code,
310201,上海市,上海市,上海县,1,partial,historical_crosswalk,85,310000,上海市,,,,,310000,上海市,municipality,unique_canonical_name,
310206,上海市,上海市,奉贤县,1,historical_mapped,historical_crosswalk,85,310000,上海市,,,310120,奉贤区,310000,上海市,municipality,unique_canonical_name,
310213,上海市,上海市,,1,partial,current_parent_code,60,310000,上海市,,,,,310000,上海市,municipality,current_parent_code,
310214,上海市,上海市,,1,partial,current_parent_code,60,310000,上海市,,,,,310000,上海市,municipality,current_parent_code,
310216,上海市,上海市,,1,partial,current_parent_code,60,310000,上海市,,,,,310000,上海市,municipality,current_parent_code,
310219,上海市,上海市,,1,partial,current_parent_code,60,310000,上海市,,,,,310000,上海市,municipality,current_parent_code,
310232,上海市,上海市,,1,partial,current_parent_code,60,310000,上海市,,,,,310000,上海市,municipality,current_parent_code,
310241,上海市,上海市,,1,partial,current_parent_code,60,310000,上海市,,,,,310000,上海市,municipality,current_parent_code,
310266,上海市,上海市,,1,partial,current_parent_code,60,310000,上海市,,,,,310000,上海市,municipality,current_parent_code,
310302,上海市,,,1,partial,current_parent_code,60,310000,上海市,,,,,310000,上海市,municipality,current_parent_code,
310304,上海市,,,1,partial,current_parent_code,60,310000,上海市,,,,,310000,上海市,municipality,current_parent_code,
310306,上海市,,,1,partial,current_parent_code,60,310000,上海市,,,,,310000,上海市,municipality,current_parent_code,
310313,上海市,,,1,partial,current_parent_code,60,310000,上海市,,,,,310000,上海市,municipality,current_parent_code,
310320,上海市,,,1,partial,current_parent_code,60,310000,上海市,,,,,310000,上海市,municipality,current_parent_code,
310322,上海市,,,1,partial,current_parent_code,60,310000,上海市,,,,,310000,上海市,municipality,current_parent_code,
310325,上海市,,,1,partial,current_parent_code,60,310000,上海市,,,,,310000,上海市,municipality,current_parent_code,
310328,上海市,,,1,partial,current_parent_code,60,310000,上海市,,,,,310000,上海市,municipality,current_parent_code,
310329,上海市,,,1,partial,current_parent_code,60,310000,上海市,,,,,310000,上海市,municipality,current_parent_code,
310334,上海市,,,1,partial,current_parent_code,60,310000,上海市,,,,,310000,上海市,municipality,current_parent_code,
310336,上海市,,,1,partial,current_parent_code,60,310000,上海市,,,,,310000,上海市,municipality,current_parent_code,
310402,上海市,,,1,partial,current_parent_code,60,310000,上海市,,,,,310000,上海市,municipality,current_parent_code,
310415,上海市,,,1,partial,current_parent_code,60,310000,上海市,,,,,310000,上海市,municipality,current_parent_code,
310422,上海市,,,1,partial,current_parent_code,60,310000,上海市,,,,,310000,上海市,municipality,current_parent_code,
310427,上海市,,,1,partial,current_parent_code,60,310000,上海市,,,,,310000,上海市,municipality,current_parent_code,
310454,上海市,,,1,partial,current_parent_code,60,310000,上海市,,,,,310000,上海市,municipality,current_parent_code,
310503,上海市,,,1,partial,current_parent_code,60,310000,上海市,,,,,310000,上海市,municipality,current_parent_code,
310504,上海市,,,1,partial,current_parent_code,60,310000,上海市,,,,,310000,上海市,municipality,current_parent_code,
310514,上海市,,,1,partial,current_parent_code,60,310000,上海市,,,,,310000,上海市,municipality,current_parent_code,
310555,上海市,,,1,partial,current_parent_code,60,310000,上海市,,,,,310000,上海市,municipality,current_parent_code,
310559,上海市,,,1,partial,current_parent_code,60,310000,上海市,,,,,310000,上海市,municipality,current_parent_code,
310571,上海市,,,1,partial,current_parent_code,60,310000,上海市,,,,,310000,上海市,municipality,current_parent_code,
310618,上海市,,,1,partial,current_parent_code,60,310000,上海市,,,,,310000,上海市,municipality,current_parent_code,
310622,上海市,,,1,partial,current_parent_code,60,310000,上海市,,,,,310000,上海市,municipality,current_parent_code,
310623,上海市,,,1,partial,current_parent_code,60,310000,上海市,,,,,310000,上海市,municipality,current_parent_code,
310626,上海市,,,1,partial,current_parent_code,60,310000,上海市,,,,,310000,上海市,municipality,current_parent_code,
310627,上海市,,,1,partial,current_parent_code,60,310000,上海市,,,,,310000,上海市,municipality,current_parent_code,
310629,上海市,,,1,partial,current_parent_code,60,310000,上海市,,,,,310000,上海市,municipality,current_parent_code,
310703,上海市,,,1,partial,current_parent_code,60,310000,上海市,,,,,310000,上海市,municipality,current_parent_code,
310709,上海市,,,1,partial,current_parent_code,60,310000,上海市,,,,,310000,上海市,municipality,current_parent_code,
310711,上海市,,,1,partial,current_parent_code,60,310000,上海市,,,,,310000,上海市,municipality,current_parent_code,
310713,上海市,,,1,partial,current_parent_code,60,310000,上海市,,,,,310000,上海市,municipality,current_parent_code,
310721,上海市,,,1,partial,current_parent_code,60,310000,上海市,,,,,310000,上海市,municipality,current_parent_code,
310722,上海市,,,1,partial,current_parent_code,60,310000,上海市,,,,,310000,上海市,municipality,current_parent_code,
310727,上海市,,,1,partial,current_parent_code,60,310000,上海市,,,,,310000,上海市,municipality,current_parent_code,
310728,上海市,,,1,partial,current_parent_code,60,310000,上海市,,,,,310000,上海市,municipality,current_parent_code,
310771,上海市,,,1,partial,current_parent_code,60,310000,上海市,,,,,310000,上海市,municipality,current_parent_code,
310822,上海市,,,1,partial,current_parent_code,60,310000,上海市,,,,,310000,上海市,municipality,current_parent_code,
310827,上海市,,,1,partial,current_parent_code,60,310000,上海市,,,,,310000,上海市,municipality,current_parent_code,
310889,上海市,,,1,partial,current_parent_code,60,310000,上海市,,,,,310000,上海市,municipality,current_parent_code,
310910,上海市,,,1,partial,current_parent_code,60,310000,上海市,,,,,310000,上海市,municipality,current_parent_code,
310911,上海市,,,1,partial,current_parent_code,60,310000,上海市,,,,,310000,上海市,municipality,current_parent_code,
311002,上海市,,,1,partial,current_parent_code,60,310000,上海市,,,,,310000,上海市,municipality,current_parent_code,
311021,上海市,,,1,partial,current_parent_code,60,310000,上海市,,,,,310000,上海市,municipality,current_parent_code,
311022,上海市,,,1,partial,current_parent_code,60,310000,上海市,,,,,310000,上海市,municipality,current_parent_code,
311027,上海市,,,1,partial,current_parent_code,60,310000,上海市,,,,,310000,上海市,municipality,current_parent_code,
311045,上海市,,,1,partial,current_parent_code,60,310000,上海市,,,,,310000,上海市,municipality,current_parent_code,
311123,上海市,,,1,partial,current_parent_code,60,310000,上海市,,,,,310000,上海市,municipality,current_parent_code,
311225,上海市,,,1,partial,current_parent_code,60,310000,上海市,,,,,310000,上海市,municipality,current_parent_code,
311321,上海市,,,1,partial,current_parent_code,60,310000,上海市,,,,,310000,上海市,municipality,current_parent_code,
311325,上海市,,,1,partial,current_parent_code,60,310000,上海市,,,,,310000,上海市,municipality,current_parent_code,
312124,上海市,,,1,partial,current_parent_code,60,310000,上海市,,,,,310000,上海市,municipality,current_parent_code,
312130,上海市,,,1,partial,current_parent_code,60,310000,上海市,,,,,310000,上海市,municipality,current_parent_code,
312221,上海市,,,1,partial,current_parent_code,60,310000,上海市,,,,,310000,上海市,municipality,current_parent_code,
312322,上海市,,,1,partial,current_parent_code,60,310000,上海市,,,,,310000,上海市,municipality,current_parent_code,
312601,上海市,,,1,partial,current_parent_code,60,310000,上海市,,,,,310000,上海市,municipality,current_parent_code,
312701,上海市,,,1,partial,current_parent_code,60,310000,上海市,,,,,310000,上海市,municipality,current_parent_code,
312722,上海市,,,1,partial,current_parent_code,60,310000,上海市,,,,,310000,上海市,municipality,current_parent_code,
312821,上海市,,,1,partial,current_parent_code,60,310000,上海市,,,,,310000,上海市,municipality,current_parent_code,
312925,上海市,,,1,partial,current_parent_code,60,310000,上海市,,,,,310000,上海市,municipality,current_parent_code,
312928,上海市,,,1,partial,current_parent_code,60,310000,上海市,,,,,310000,上海市,municipality,current_parent_code,
312929,上海市,,,1,partial,current_parent_code,60,310000,上海市,,,,,310000,上海市,municipality,current_parent_code,
312930,上海市,,,1,partial,current_parent_code,60,310000,上海市,,,,,310000,上海市,municipality,current_parent_code,
313028,上海市,,,1,partial,current_parent_code,60,310000,上海市,,,,,310000,上海市,municipality,current_parent_code,
313101,上海市,,,1,partial,current_parent_code,60,310000,上海市,,,,,310000,上海市,municipality,current_parent_code,
313478,上海市,,,1,partial,current_parent_code,60,310000,上海市,,,,,310000,上海市,municipality,current_parent_code,
317195,上海市,,,1,partial,current_parent_code,60,310000,上海市,,,,,310000,上海市,municipality,current_parent_code,
319102,上海市,,,1,partial,current_parent_code,60,310000,上海市,,,,,310000,上海市,municipality,current_parent_code,
319198,上海市,,,1,partial,current_parent_code,60,310000,上海市,,,,,310000,上海市,municipality,current_parent_code,
320002,江苏省,,,1,unresolved,none,0,,,,,,,,,,none,
320005,江苏省,,,1,unresolved,none,0,,,,,,,,,,none,
320012,江苏省,,,1,unresolved,none,0,,,,,,,,,,none,
320021,江苏省,,,1,unresolved,none,0,,,,,,,,,,none,
320022,江苏省,,,1,unresolved,none,0,,,,,,,,,,none,
320025,江苏省,,,1,unresolved,none,0,,,,,,,,,,none,
320026,江苏省,,,1,unresolved,none,0,,,,,,,,,,none,
320028,江苏省,,,1,unresolved,none,0,,,,,,,,,,none,
320083,江苏省,,,1,unresolved,none,0,,,,,,,,,,none,
320100,江苏省,南京市,,1,current,current_code,100,320000,江苏省,320100,南京市,,,320100,南京市,prefecture,current_code,
320108,江苏省,南京市,,1,partial,current_parent_code,60,320000,江苏省,320100,南京市,,,320100,南京市,prefecture,current_parent_code,
320110,江苏省,南京市,,1,partial,current_parent_code,60,320000,江苏省,320100,南京市,,,320100,南京市,prefecture,current_parent_code,
320129,江苏省,南京市,,1,partial,current_parent_code,60,320000,江苏省,320100,南京市,,,320100,南京市,prefecture,current_parent_code,
320166,江苏省,南京市,,1,partial,current_parent_code,60,320000,江苏省,320100,南京市,,,320100,南京市,prefecture,current_parent_code,
320170,江苏省,南京市,,1,partial,current_parent_code,60,320000,江苏省,320100,南京市,,,320100,南京市,prefecture,current_parent_code,
320174,江苏省,南京市,,1,partial,current_parent_code,60,320000,江苏省,320100,南京市,,,320100,南京市,prefecture,current_parent_code,
320197,江苏省,南京市,,1,partial,current_parent_code,60,320000,江苏省,320100,南京市,,,320100,南京市,prefecture,current_parent_code,
320220,江苏省,无锡市,,1,partial,current_parent_code,60,320000,江苏省,320200,无锡市,,,320200,无锡市,prefecture,current_parent_code,
320231,江苏省,无锡市,,1,partial,current_parent_code,60,320000,江苏省,320200,无锡市,,,320200,无锡市,prefecture,current_parent_code,
320234,江苏省,无锡市,,1,partial,current_parent_code,60,320000,江苏省,320200,无锡市,,,320200,无锡市,prefecture,current_parent_code,
320245,江苏省,无锡市,,1,partial,current_parent_code,60,320000,江苏省,320200,无锡市,,,320200,无锡市,prefecture,current_parent_code,
320257,江苏省,无锡市,,1,partial,current_parent_code,60,320000,江苏省,320200,无锡市,,,320200,无锡市,prefecture,current_parent_code,
320274,江苏省,无锡市,,1,partial,current_parent_code,60,320000,江苏省,320200,无锡市,,,320200,无锡市,prefecture,current_parent_code,
320286,江苏省,无锡市,,1,partial,current_parent_code,60,320000,江苏省,320200,无锡市,,,320200,无锡市,prefecture,current_parent_code,
320300,江苏省,徐州市,,1,current,current_code,100,320000,江苏省,320300,徐州市,,,320300,徐州市,prefecture,current_code,
320308,江苏省,徐州市,,1,partial,current_parent_code,60,320000,江苏省,320300,徐州市,,,320300,徐州市,prefecture,current_parent_code,
320317,江苏省,徐州市,,1,partial,current_parent_code,60,320000,江苏省,320300,徐州市,,,320300,徐州市,prefecture,current_parent_code,
320320,江苏省,徐州市,,1,partial,current_parent_code,60,320000,江苏省,320300,徐州市,,,320300,徐州市,prefecture,current_parent_code,
320327,江苏省,徐州市,,1,partial,current_parent_code,60,320000,江苏省,320300,徐州市,,,320300,徐州市,prefecture,current_parent_code,
320328,江苏省,徐州市,,1,partial,current_parent_code,60,320000,江苏省,320300,徐州市,,,320300,徐州市,prefecture,current_parent_code,
320332,江苏省,徐州市,,1,partial,current_parent_code,60,320000,江苏省,320300,徐州市,,,320300,徐州市,prefecture,current_parent_code,
320346,江苏省,徐州市,,1,partial,current_parent_code,60,320000,江苏省,320300,徐州市,,,320300,徐州市,prefecture,current_parent_code,
320368,江苏省,徐州市,,1,partial,current_parent_code,60,320000,江苏省,320300,徐州市,,,320300,徐州市,prefecture,current_parent_code,
320383,江苏省,徐州市,,1,partial,current_parent_code,60,320000,江苏省,320300,徐州市,,,320300,徐州市,prefecture,current_parent_code,
320408,江苏省,常州市,,1,partial,current_parent_code,60,320000,江苏省,320400,常州市,,,320400,常州市,prefecture,current_parent_code,
320409,江苏省,常州市,,1,partial,current_parent_code,60,320000,江苏省,320400,常州市,,,320400,常州市,prefecture,current_parent_code,
320410,江苏省,常州市,,1,partial,current_parent_code,60,320000,江苏省,320400,常州市,,,320400,常州市,prefecture,current_parent_code,
320417,江苏省,常州市,,1,partial,current_parent_code,60,320000,江苏省,320400,常州市,,,320400,常州市,prefecture,current_parent_code,
320419,江苏省,常州市,,1,partial,current_parent_code,60,320000,江苏省,320400,常州市,,,320400,常州市,prefecture,current_parent_code,
320527,江苏省,苏州市,,1,partial,current_parent_code,60,320000,江苏省,320500,苏州市,,,320500,苏州市,prefecture,current_parent_code,
320572,江苏省,苏州市,,1,partial,current_parent_code,60,320000,江苏省,320500,苏州市,,,320500,苏州市,prefecture,current_parent_code,
320587,江苏省,苏州市,,1,partial,current_parent_code,60,320000,江苏省,320500,苏州市,,,320500,苏州市,prefecture,current_parent_code,
320620,江苏省,南通市,,1,partial,current_parent_code,60,320000,江苏省,320600,南通市,,,320600,南通市,prefecture,current_parent_code,
320627,江苏省,南通市,,1,partial,current_parent_code,60,320000,江苏省,320600,南通市,,,320600,南通市,prefecture,current_parent_code,
320631,江苏省,南通市,,1,partial,current_parent_code,60,320000,江苏省,320600,南通市,,,320600,南通市,prefecture,current_parent_code,
320632,江苏省,南通市,,1,partial,current_parent_code,60,320000,江苏省,320600,南通市,,,320600,南通市,prefecture,current_parent_code,
320635,江苏省,南通市,,1,partial,current_parent_code,60,320000,江苏省,320600,南通市,,,320600,南通市,prefecture,current_parent_code,
320678,江苏省,南通市,,1,partial,current_parent_code,60,320000,江苏省,320600,南通市,,,320600,南通市,prefecture,current_parent_code,
320680,江苏省,南通市,,1,partial,current_parent_code,60,320000,江苏省,320600,南通市,,,320600,南通市,prefecture,current_parent_code,
320686,江苏省,南通市,,1,partial,current_parent_code,60,320000,江苏省,320600,南通市,,,320600,南通市,prefecture,current_parent_code,
320693,江苏省,南通市,,1,partial,current_parent_code,60,320000,江苏省,320600,南通市,,,320600,南通市,prefecture,current_parent_code,
320701,江苏省,连云港市,,1,partial,current_parent_code,60,320000,江苏省,320700,连云港市,,,320700,连云港市,prefecture,current_parent_code,
320710,江苏省,连云港市,,1,partial,current_parent_code,60,320000,江苏省,320700,连云港市,,,320700,连云港市,prefecture,current_parent_code,
320711,江苏省,连云港市,郊区,1,ambiguous,historical_crosswalk,100,,,,,,,,,,cross_province_exact_name_requires_review,
320720,江苏省,连云港市,,1,partial,current_parent_code,60,320000,江苏省,320700,连云港市,,,320700,连云港市,prefecture,current_parent_code,
320726,江苏省,连云港市,,1,partial,current_parent_code,60,320000,江苏省,320700,连云港市,,,320700,连云港市,prefecture,current_parent_code,
320752,江苏省,连云港市,,1,partial,current_parent_code,60,320000,江苏省,320700,连云港市,,,320700,连云港市,prefecture,current_parent_code,
320805,江苏省,淮安市,,1,partial,current_parent_code,60,320000,江苏省,320800,淮安市,,,320800,淮安市,prefecture,current_parent_code,
320809,江苏省,淮安市,,1,partial,current_parent_code,60,320000,江苏省,320800,淮安市,,,320800,淮安市,prefecture,current_parent_code,
320817,江苏省,淮安市,,1,partial,current_parent_code,60,320000,江苏省,320800,淮安市,,,320800,淮安市,prefecture,current_parent_code,
320837,江苏省,淮安市,,1,partial,current_parent_code,60,320000,江苏省,320800,淮安市,,,320800,淮安市,prefecture,current_parent_code,
320847,江苏省,淮安市,,1,partial,current_parent_code,60,320000,江苏省,320800,淮安市,,,320800,淮安市,prefecture,current_parent_code,
320856,江苏省,淮安市,,1,partial,current_parent_code,60,320000,江苏省,320800,淮安市,,,320800,淮安市,prefecture,current_parent_code,
320863,江苏省,淮安市,,1,partial,current_parent_code,60,320000,江苏省,320800,淮安市,,,320800,淮安市,prefecture,current_parent_code,
320904,江苏省,盐城市,大丰区,1,current,current_code,100,320000,江苏省,320900,盐城市,320904,大丰区,320900,盐城市,prefecture,current_code,
320905,江苏省,盐城市,,1,partial,current_parent_code,60,320000,江苏省,320900,盐城市,,,320900,盐城市,prefecture,current_parent_code,
320906,江苏省,盐城市,,1,partial,current_parent_code,60,320000,江苏省,320900,盐城市,,,320900,盐城市,prefecture,current_parent_code,
320914,江苏省,盐城市,,1,partial,current_parent_code,60,320000,江苏省,320900,盐城市,,,320900,盐城市,prefecture,current_parent_code,
320915,江苏省,盐城市,,1,partial,current_parent_code,60,320000,江苏省,320900,盐城市,,,320900,盐城市,prefecture,current_parent_code,
320916,江苏省,盐城市,,1,partial,current_parent_code,60,320000,江苏省,320900,盐城市,,,320900,盐城市,prefecture,current_parent_code,
320917,江苏省,盐城市,,1,partial,current_parent_code,60,320000,江苏省,320900,盐城市,,,320900,盐城市,prefecture,current_parent_code,
320968,江苏省,盐城市,,1,partial,current_parent_code,60,320000,江苏省,320900,盐城市,,,320900,盐城市,prefecture,current_parent_code,
321004,江苏省,扬州市,,1,partial,current_parent_code,60,320000,江苏省,321000,扬州市,,,321000,扬州市,prefecture,current_parent_code,
321005,江苏省,扬州市,,1,partial,current_parent_code,60,320000,江苏省,321000,扬州市,,,321000,扬州市,prefecture,current_parent_code,
321007,江苏省,扬州市,,1,partial,current_parent_code,60,320000,江苏省,321000,扬州市,,,321000,扬州市,prefecture,current_parent_code,
321008,江苏省,扬州市,,1,partial,current_parent_code,60,320000,江苏省,321000,扬州市,,,321000,扬州市,prefecture,current_parent_code,
321013,江苏省,扬州市,,1,partial,current_parent_code,60,320000,江苏省,321000,扬州市,,,321000,扬州市,prefecture,current_parent_code,
321018,江苏省,扬州市,,1,partial,current_parent_code,60,320000,江苏省,321000,扬州市,,,321000,扬州市,prefecture,current_parent_code,
321031,江苏省,扬州市,,1,partial,current_parent_code,60,320000,江苏省,321000,扬州市,,,321000,扬州市,prefecture,current_parent_code,
321050,江苏省,扬州市,,1,partial,current_parent_code,60,320000,江苏省,321000,扬州市,,,321000,扬州市,prefecture,current_parent_code,
321052,江苏省,扬州市,,1,partial,current_parent_code,60,320000,江苏省,321000,扬州市,,,321000,扬州市,prefecture,current_parent_code,
321055,江苏省,扬州市,,1,partial,current_parent_code,60,320000,江苏省,321000,扬州市,,,321000,扬州市,prefecture,current_parent_code,
321056,江苏省,扬州市,,1,partial,current_parent_code,60,320000,江苏省,321000,扬州市,,,321000,扬州市,prefecture,current_parent_code,
321071,江苏省,扬州市,扬州经济技术开发区,1,partial,current_parent_code,60,320000,江苏省,321000,扬州市,,,321000,扬州市,prefecture,current_parent_code,
321075,江苏省,扬州市,,1,partial,current_parent_code,60,320000,江苏省,321000,扬州市,,,321000,扬州市,prefecture,current_parent_code,
321080,江苏省,扬州市,,1,partial,current_parent_code,60,320000,江苏省,321000,扬州市,,,321000,扬州市,prefecture,current_parent_code,
321106,江苏省,镇江市,,1,partial,current_parent_code,60,320000,江苏省,321100,镇江市,,,321100,镇江市,prefecture,current_parent_code,
321107,江苏省,镇江市,,1,partial,current_parent_code,60,320000,江苏省,321100,镇江市,,,321100,镇江市,prefecture,current_parent_code,
321108,江苏省,镇江市,,1,partial,current_parent_code,60,320000,江苏省,321100,镇江市,,,321100,镇江市,prefecture,current_parent_code,
321113,江苏省,镇江市,,1,partial,current_parent_code,60,320000,江苏省,321100,镇江市,,,321100,镇江市,prefecture,current_parent_code,
321114,江苏省,镇江市,,1,partial,current_parent_code,60,320000,江苏省,321100,镇江市,,,321100,镇江市,prefecture,current_parent_code,
321120,江苏省,镇江市,,1,partial,current_parent_code,60,320000,江苏省,321100,镇江市,,,321100,镇江市,prefecture,current_parent_code,
321122,江苏省,镇江市,丹阳县,1,historical_mapped,historical_crosswalk,85,320000,江苏省,321100,镇江市,321181,丹阳市,321100,镇江市,prefecture,unique_canonical_name_under_mapped_parent,
321127,江苏省,镇江市,,1,partial,current_parent_code,60,320000,江苏省,321100,镇江市,,,321100,镇江市,prefecture,current_parent_code,
321128,江苏省,镇江市,,1,partial,current_parent_code,60,320000,江苏省,321100,镇江市,,,321100,镇江市,prefecture,current_parent_code,
321131,江苏省,镇江市,,1,partial,current_parent_code,60,320000,江苏省,321100,镇江市,,,321100,镇江市,prefecture,current_parent_code,
321169,江苏省,镇江市,,1,partial,current_parent_code,60,320000,江苏省,321100,镇江市,,,321100,镇江市,prefecture,current_parent_code,
321179,江苏省,镇江市,,1,partial,current_parent_code,60,320000,江苏省,321100,镇江市,,,321100,镇江市,prefecture,current_parent_code,
321205,江苏省,泰州市,,1,partial,current_parent_code,60,320000,江苏省,321200,泰州市,,,321200,泰州市,prefecture,current_parent_code,
321211,江苏省,泰州市,,1,partial,current_parent_code,60,320000,江苏省,321200,泰州市,,,321200,泰州市,prefecture,current_parent_code,
321221,江苏省,泰州市,,1,partial,current_parent_code,60,320000,江苏省,321200,泰州市,,,321200,泰州市,prefecture,current_parent_code,
321222,江苏省,泰州市,,1,partial,current_parent_code,60,320000,江苏省,321200,泰州市,,,321200,泰州市,prefecture,current_parent_code,
321225,江苏省,泰州市,,1,partial,current_parent_code,60,320000,江苏省,321200,泰州市,,,321200,泰州市,prefecture,current_parent_code,
321240,江苏省,泰州市,,1,partial,current_parent_code,60,320000,江苏省,321200,泰州市,,,321200,泰州市,prefecture,current_parent_code,
321255,江苏省,泰州市,,1,partial,current_parent_code,60,320000,江苏省,321200,泰州市,,,321200,泰州市,prefecture,current_parent_code,
321285,江苏省,泰州市,,1,partial,current_parent_code,60,320000,江苏省,321200,泰州市,,,321200,泰州市,prefecture,current_parent_code,
321289,江苏省,泰州市,,1,partial,current_parent_code,60,320000,江苏省,321200,泰州市,,,321200,泰州市,prefecture,current_parent_code,
321291,江苏省,泰州市,,1,partial,current_parent_code,60,320000,江苏省,321200,泰州市,,,321200,泰州市,prefecture,current_parent_code,
321300,江苏省,宿迁市,,1,current,current_code,100,320000,江苏省,321300,宿迁市,,,321300,宿迁市,prefecture,current_code,
321320,江苏省,宿迁市,,1,partial,current_parent_code,60,320000,江苏省,321300,宿迁市,,,321300,宿迁市,prefecture,current_parent_code,
321381,江苏省,宿迁市,,1,partial,current_parent_code,60,320000,江苏省,321300,宿迁市,,,321300,宿迁市,prefecture,current_parent_code,
321383,江苏省,宿迁市,,1,partial,current_parent_code,60,320000,江苏省,321300,宿迁市,,,321300,宿迁市,prefecture,current_parent_code,
321721,江苏省,,,1,unresolved,none,0,,,,,,,,,,none,
321781,江苏省,,,1,unresolved,none,0,,,,,,,,,,none,
321821,江苏省,,,1,unresolved,none,0,,,,,,,,,,none,
321826,江苏省,,,1,unresolved,none,0,,,,,,,,,,none,
321827,江苏省,,,1,unresolved,none,0,,,,,,,,,,none,
321921,江苏省,,,1,unresolved,none,0,,,,,,,,,,none,
321922,江苏省,,,1,unresolved,none,0,,,,,,,,,,none,
321924,江苏省,,,1,unresolved,none,0,,,,,,,,,,none,
322022,江苏省,,,1,unresolved,none,0,,,,,,,,,,none,
322023,江苏省,,,1,unresolved,none,0,,,,,,,,,,none,
322032,江苏省,,,1,unresolved,none,0,,,,,,,,,,none,
322103,江苏省,徐州地区,,1,unresolved,none,0,,,,,,,,,,none,
322104,江苏省,徐州地区,,1,unresolved,none,0,,,,,,,,,,none,
322114,江苏省,徐州地区,,1,unresolved,none,0,,,,,,,,,,none,
322126,江苏省,徐州地区,新沂县,1,historical_mapped,historical_crosswalk,85,320000,江苏省,320300,徐州市,320381,新沂市,320300,徐州市,prefecture,unique_canonical_name_under_mapped_parent,
322130,江苏省,徐州地区,,1,unresolved,none,0,,,,,,,,,,none,
322223,江苏省,淮阴地区,灌南县,1,historical_mapped,historical_crosswalk,90,320000,江苏省,320700,连云港市,320724,灌南县,320700,连云港市,prefecture,unique_exact_name,
322323,江苏省,盐城地区,阜宁县,1,historical_mapped,historical_crosswalk,90,320000,江苏省,320900,盐城市,320923,阜宁县,320900,盐城市,prefecture,unique_exact_name_under_mapped_parent,
322421,江苏省,扬州地区,兴化县,1,historical_mapped,historical_crosswalk,85,320000,江苏省,321200,泰州市,321281,兴化市,321200,泰州市,prefecture,unique_canonical_name,
322423,江苏省,扬州地区,宝应县,1,historical_mapped,historical_crosswalk,90,320000,江苏省,321000,扬州市,321023,宝应县,321000,扬州市,prefecture,unique_exact_name_under_mapped_parent,
322424,江苏省,扬州地区,靖江县,1,historical_mapped,historical_crosswalk,85,320000,江苏省,321200,泰州市,321282,靖江市,321200,泰州市,prefecture,unique_canonical_name,
322425,江苏省,扬州地区,泰兴县,1,historical_mapped,historical_crosswalk,85,320000,江苏省,321200,泰州市,321283,泰兴市,321200,泰州市,prefecture,unique_canonical_name,
322428,江苏省,扬州地区,泰县,1,partial,historical_crosswalk,70,320000,江苏省,321000,扬州市,,,321000,扬州市,prefecture,mapped_parent_only,
322432,江苏省,扬州地区,,1,unresolved,none,0,,,,,,,,,,none,
322466,江苏省,扬州地区,,1,unresolved,none,0,,,,,,,,,,none,
322523,江苏省,南通地区,如东县,1,historical_mapped,historical_crosswalk,90,320000,江苏省,320600,南通市,320623,如东县,320600,南通市,prefecture,unique_exact_name_under_mapped_parent,
322601,江苏省,镇江地区,镇江市,1,partial,historical_crosswalk,90,320000,江苏省,321100,镇江市,,,321100,镇江市,prefecture,unique_exact_name_under_mapped_parent,
322602,江苏省,镇江地区,,1,unresolved,none,0,,,,,,,,,,none,
322621,江苏省,镇江地区,丹徒县,1,historical_mapped,historical_crosswalk,85,320000,江苏省,321100,镇江市,321112,丹徒区,321100,镇江市,prefecture,unique_canonical_name_under_mapped_parent,
322622,江苏省,镇江地区,武进县,1,historical_mapped,historical_crosswalk,85,320000,江苏省,320400,常州市,320412,武进区,320400,常州市,prefecture,unique_canonical_name,
322625,江苏省,镇江地区,金坛县,1,historical_mapped,historical_crosswalk,85,320000,江苏省,320400,常州市,320413,金坛区,320400,常州市,prefecture,unique_canonical_name,
322626,江苏省,镇江地区,溧水县,1,historical_mapped,historical_crosswalk,85,320000,江苏省,320100,南京市,320117,溧水区,320100,南京市,prefecture,unique_canonical_name,
322627,江苏省,镇江地区,高淳县,1,historical_mapped,historical_crosswalk,85,320000,江苏省,320100,南京市,320118,高淳区,320100,南京市,prefecture,unique_canonical_name,
322923,江苏省,,,1,unresolved,none,0,,,,,,,,,,none,
322927,江苏省,,,1,unresolved,none,0,,,,,,,,,,none,
322981,江苏省,,,1,unresolved,none,0,,,,,,,,,,none,
323222,江苏省,,,1,unresolved,none,0,,,,,,,,,,none,
323350,江苏省,,,1,unresolved,none,0,,,,,,,,,,none,
324012,江苏省,,,1,unresolved,none,0,,,,,,,,,,none,
324125,江苏省,,,1,unresolved,none,0,,,,,,,,,,none,
324223,江苏省,,,1,unresolved,none,0,,,,,,,,,,none,
324368,江苏省,,,1,unresolved,none,0,,,,,,,,,,none,
324600,江苏省,,,1,unresolved,none,0,,,,,,,,,,none,
324901,江苏省,,,1,unresolved,none,0,,,,,,,,,,none,
325323,江苏省,,,1,unresolved,none,0,,,,,,,,,,none,
325623,江苏省,,,1,unresolved,none,0,,,,,,,,,,none,
326074,江苏省,,,1,unresolved,none,0,,,,,,,,,,none,
326102,江苏省,,,1,unresolved,none,0,,,,,,,,,,none,
326421,江苏省,,,1,unresolved,none,0,,,,,,,,,,none,
326521,江苏省,,,1,unresolved,none,0,,,,,,,,,,none,
326582,江苏省,,,1,unresolved,none,0,,,,,,,,,,none,
326919,江苏省,,,1,unresolved,none,0,,,,,,,,,,none,
327885,江苏省,,,1,unresolved,none,0,,,,,,,,,,none,
329004,江苏省,,张家港市,1,historical_mapped,historical_crosswalk,90,320000,江苏省,320500,苏州市,320582,张家港市,320500,苏州市,prefecture,unique_exact_name,
329005,江苏省,,江阴市,1,historical_mapped,historical_crosswalk,90,320000,江苏省,320200,无锡市,320281,江阴市,320200,无锡市,prefecture,unique_exact_name,
329006,江苏省,,宿迁市,1,partial,historical_crosswalk,90,320000,江苏省,321300,宿迁市,,,321300,宿迁市,prefecture,unique_exact_name,
329007,江苏省,,丹阳市,1,historical_mapped,historical_crosswalk,90,320000,江苏省,321100,镇江市,321181,丹阳市,321100,镇江市,prefecture,unique_exact_name,
329008,江苏省,,东台市,1,historical_mapped,historical_crosswalk,90,320000,江苏省,320900,盐城市,320981,东台市,320900,盐城市,prefecture,unique_exact_name,
329009,江苏省,,兴化市,1,historical_mapped,historical_crosswalk,90,320000,江苏省,321200,泰州市,321281,兴化市,321200,泰州市,prefecture,unique_exact_name,
329011,江苏省,,宜兴市,1,historical_mapped,historical_crosswalk,90,320000,江苏省,320200,无锡市,320282,宜兴市,320200,无锡市,prefecture,unique_exact_name,
329523,江苏省,,,1,unresolved,none,0,,,,,,,,,,none,
330101,浙江省,杭州市,,1,partial,current_parent_code,60,330000,浙江省,330100,杭州市,,,330100,杭州市,prefecture,current_parent_code,
330115,浙江省,杭州市,,1,partial,current_parent_code,60,330000,浙江省,330100,杭州市,,,330100,杭州市,prefecture,current_parent_code,
330156,浙江省,杭州市,,1,partial,current_parent_code,60,330000,浙江省,330100,杭州市,,,330100,杭州市,prefecture,current_parent_code,
330164,浙江省,杭州市,,1,partial,current_parent_code,60,330000,浙江省,330100,杭州市,,,330100,杭州市,prefecture,current_parent_code,
330166,浙江省,杭州市,,1,partial,current_parent_code,60,330000,浙江省,330100,杭州市,,,330100,杭州市,prefecture,current_parent_code,
330180,浙江省,杭州市,,1,partial,current_parent_code,60,330000,浙江省,330100,杭州市,,,330100,杭州市,prefecture,current_parent_code,
330210,浙江省,宁波市,,1,partial,current_parent_code,60,330000,浙江省,330200,宁波市,,,330200,宁波市,prefecture,current_parent_code,
330213,浙江省,宁波市,奉化区,1,current,current_code,100,330000,浙江省,330200,宁波市,330213,奉化区,330200,宁波市,prefecture,current_code,
330228,浙江省,宁波市,,1,partial,current_parent_code,60,330000,浙江省,330200,宁波市,,,330200,宁波市,prefecture,current_parent_code,
330252,浙江省,宁波市,,1,partial,current_parent_code,60,330000,浙江省,330200,宁波市,,,330200,宁波市,prefecture,current_parent_code,
330260,浙江省,宁波市,,1,partial,current_parent_code,60,330000,浙江省,330200,宁波市,,,330200,宁波市,prefecture,current_parent_code,
330274,浙江省,宁波市,,1,partial,current_parent_code,60,330000,浙江省,330200,宁波市,,,330200,宁波市,prefecture,current_parent_code,
330285,浙江省,宁波市,,1,partial,current_parent_code,60,330000,浙江省,330200,宁波市,,,330200,宁波市,prefecture,current_parent_code,
330307,浙江省,温州市,,1,partial,current_parent_code,60,330000,浙江省,330300,温州市,,,330300,温州市,prefecture,current_parent_code,
330384,浙江省,温州市,,1,partial,current_parent_code,60,330000,浙江省,330300,温州市,,,330300,温州市,prefecture,current_parent_code,
330401,浙江省,嘉兴市,,1,partial,current_parent_code,60,330000,浙江省,330400,嘉兴市,,,330400,嘉兴市,prefecture,current_parent_code,
330427,浙江省,嘉兴市,,1,partial,current_parent_code,60,330000,浙江省,330400,嘉兴市,,,330400,嘉兴市,prefecture,current_parent_code,
330455,浙江省,嘉兴市,,1,partial,current_parent_code,60,330000,浙江省,330400,嘉兴市,,,330400,嘉兴市,prefecture,current_parent_code,
330500,浙江省,湖州市,,1,current,current_code,100,330000,浙江省,330500,湖州市,,,330500,湖州市,prefecture,current_code,
330513,浙江省,湖州市,,1,partial,current_parent_code,60,330000,浙江省,330500,湖州市,,,330500,湖州市,prefecture,current_parent_code,
330519,浙江省,湖州市,,1,partial,current_parent_code,60,330000,浙江省,330500,湖州市,,,330500,湖州市,prefecture,current_parent_code,
330526,浙江省,湖州市,,1,partial,current_parent_code,60,330000,浙江省,330500,湖州市,,,330500,湖州市,prefecture,current_parent_code,
330527,浙江省,湖州市,,1,partial,current_parent_code,60,330000,浙江省,330500,湖州市,,,330500,湖州市,prefecture,current_parent_code,
330603,浙江省,绍兴市,柯桥区,1,current,current_code,100,330000,浙江省,330600,绍兴市,330603,柯桥区,330600,绍兴市,prefecture,current_code,
330606,浙江省,绍兴市,,1,partial,current_parent_code,60,330000,浙江省,330600,绍兴市,,,330600,绍兴市,prefecture,current_parent_code,
330607,浙江省,绍兴市,,1,partial,current_parent_code,60,330000,浙江省,330600,绍兴市,,,330600,绍兴市,prefecture,current_parent_code,
330620,浙江省,绍兴市,,1,partial,current_parent_code,60,330000,浙江省,330600,绍兴市,,,330600,绍兴市,prefecture,current_parent_code,
330628,浙江省,绍兴市,,1,partial,current_parent_code,60,330000,浙江省,330600,绍兴市,,,330600,绍兴市,prefecture,current_parent_code,
330631,浙江省,绍兴市,,1,partial,current_parent_code,60,330000,浙江省,330600,绍兴市,,,330600,绍兴市,prefecture,current_parent_code,
330675,浙江省,绍兴市,,1,partial,current_parent_code,60,330000,浙江省,330600,绍兴市,,,330600,绍兴市,prefecture,current_parent_code,
330701,浙江省,金华市,兰溪市,1,historical_mapped,historical_crosswalk,90,330000,浙江省,330700,金华市,330781,兰溪市,330700,金华市,prefecture,unique_exact_name_under_mapped_parent,
330705,浙江省,金华市,,1,partial,current_parent_code,60,330000,浙江省,330700,金华市,,,330700,金华市,prefecture,current_parent_code,
330710,浙江省,金华市,,1,partial,current_parent_code,60,330000,浙江省,330700,金华市,,,330700,金华市,prefecture,current_parent_code,
330716,浙江省,金华市,,1,partial,current_parent_code,60,330000,浙江省,330700,金华市,,,330700,金华市,prefecture,current_parent_code,
330729,浙江省,金华市,,1,partial,current_parent_code,60,330000,浙江省,330700,金华市,,,330700,金华市,prefecture,current_parent_code,
330780,浙江省,金华市,,1,partial,current_parent_code,60,330000,浙江省,330700,金华市,,,330700,金华市,prefecture,current_parent_code,
330801,浙江省,衢州市,,1,partial,current_parent_code,60,330000,浙江省,330800,衢州市,,,330800,衢州市,prefecture,current_parent_code,
330813,浙江省,衢州市,,1,partial,current_parent_code,60,330000,浙江省,330800,衢州市,,,330800,衢州市,prefecture,current_parent_code,
330827,浙江省,衢州市,,1,partial,current_parent_code,60,330000,浙江省,330800,衢州市,,,330800,衢州市,prefecture,current_parent_code,
330828,浙江省,衢州市,,1,partial,current_parent_code,60,330000,浙江省,330800,衢州市,,,330800,衢州市,prefecture,current_parent_code,
330829,浙江省,衢州市,,1,partial,current_parent_code,60,330000,浙江省,330800,衢州市,,,330800,衢州市,prefecture,current_parent_code,
330875,浙江省,衢州市,,1,partial,current_parent_code,60,330000,浙江省,330800,衢州市,,,330800,衢州市,prefecture,current_parent_code,
330900,浙江省,舟山市,,1,current,current_code,100,330000,浙江省,330900,舟山市,,,330900,舟山市,prefecture,current_code,
330919,浙江省,舟山市,,1,partial,current_parent_code,60,330000,浙江省,330900,舟山市,,,330900,舟山市,prefecture,current_parent_code,
330923,浙江省,舟山市,,1,partial,current_parent_code,60,330000,浙江省,330900,舟山市,,,330900,舟山市,prefecture,current_parent_code,
330925,浙江省,舟山市,,1,partial,current_parent_code,60,330000,浙江省,330900,舟山市,,,330900,舟山市,prefecture,current_parent_code,
330926,浙江省,舟山市,,1,partial,current_parent_code,60,330000,浙江省,330900,舟山市,,,330900,舟山市,prefecture,current_parent_code,
330960,浙江省,舟山市,,1,partial,current_parent_code,60,330000,浙江省,330900,舟山市,,,330900,舟山市,prefecture,current_parent_code,
330985,浙江省,舟山市,,1,partial,current_parent_code,60,330000,浙江省,330900,舟山市,,,330900,舟山市,prefecture,current_parent_code,
331010,浙江省,台州市,,1,partial,current_parent_code,60,330000,浙江省,331000,台州市,,,331000,台州市,prefecture,current_parent_code,
331211,浙江省,椒江市,,1,unresolved,none,0,,,,,,,,,,none,
331223,浙江省,椒江市,,1,unresolved,none,0,,,,,,,,,,none,
331972,浙江省,,,1,unresolved,none,0,,,,,,,,,,none,
332011,浙江省,,,1,unresolved,none,0,,,,,,,,,,none,
332024,浙江省,,,1,unresolved,none,0,,,,,,,,,,none,
332072,浙江省,,,1,unresolved,none,0,,,,,,,,,,none,
332132,浙江省,嘉兴地区,,1,unresolved,none,0,,,,,,,,,,none,
332246,浙江省,宁波地区,,1,unresolved,none,0,,,,,,,,,,none,
332302,浙江省,绍兴地区,,1,unresolved,none,0,,,,,,,,,,none,
332327,浙江省,绍兴地区,,1,unresolved,none,0,,,,,,,,,,none,
332421,浙江省,金华地区,兰溪县,1,ambiguous,historical_crosswalk,100,,,,,,,,,,historical_code_reused,330781
332500,浙江省,丽水地区,,1,ambiguous,historical_crosswalk,100,,,,,,,,,,historical_code_reused,331100
332505,浙江省,丽水地区,,1,unresolved,none,0,,,,,,,,,,none,
332516,浙江省,丽水地区,,1,unresolved,none,0,,,,,,,,,,none,
332519,浙江省,丽水地区,,1,unresolved,none,0,,,,,,,,,,none,
332534,浙江省,丽水地区,,1,unresolved,none,0,,,,,,,,,,none,
332537,浙江省,丽水地区,,1,unresolved,none,0,,,,,,,,,,none,
332546,浙江省,丽水地区,,1,unresolved,none,0,,,,,,,,,,none,
332566,浙江省,丽水地区,,1,unresolved,none,0,,,,,,,,,,none,
332600,浙江省,台州地区,,1,ambiguous,historical_crosswalk,100,,,,,,,,,,historical_code_reused,331000
332605,浙江省,台州地区,,1,unresolved,none,0,,,,,,,,,,none,
332615,浙江省,台州地区,,1,unresolved,none,0,,,,,,,,,,none,
332825,浙江省,舟山地区,,1,unresolved,none,0,,,,,,,,,,none,
332827,浙江省,舟山地区,,1,unresolved,none,0,,,,,,,,,,none,
332903,浙江省,,,1,unresolved,none,0,,,,,,,,,,none,
332925,浙江省,,,1,unresolved,none,0,,,,,,,,,,none,
333023,浙江省,,,1,unresolved,none,0,,,,,,,,,,none,
333221,浙江省,,,1,unresolved,none,0,,,,,,,,,,none,
333501,浙江省,,,1,unresolved,none,0,,,,,,,,,,none,
334025,浙江省,,,1,unresolved,none,0,,,,,,,,,,none,
334122,浙江省,,,1,unresolved,none,0,,,,,,,,,,none,
336024,浙江省,,,1,unresolved,none,0,,,,,,,,,,none,
336081,浙江省,,,1,unresolved,none,0,,,,,,,,,,none,
336622,浙江省,,,1,unresolved,none,0,,,,,,,,,,none,
337025,浙江省,,,1,unresolved,none,0,,,,,,,,,,none,
337082,浙江省,,,1,unresolved,none,0,,,,,,,,,,none,
339001,浙江省,浙江省直辖县级行政区划,余姚市,1,historical_mapped,historical_crosswalk,90,330000,浙江省,330200,宁波市,330281,余姚市,330200,宁波市,prefecture,unique_exact_name,
339007,浙江省,浙江省直辖县级行政区划,义乌市,1,historical_mapped,historical_crosswalk,90,330000,浙江省,330700,金华市,330782,义乌市,330700,金华市,prefecture,unique_exact_name,
339009,浙江省,浙江省直辖县级行政区划,慈溪市,1,historical_mapped,historical_crosswalk,90,330000,浙江省,330200,宁波市,330282,慈溪市,330200,宁波市,prefecture,unique_exact_name,
339722,浙江省,,,1,unresolved,none,0,,,,,,,,,,none,
340113,安徽省,合肥市,,1,partial,current_parent_code,60,340000,安徽省,340100,合肥市,,,340100,合肥市,prefecture,current_parent_code,
340120,安徽省,合肥市,,1,partial,current_parent_code,60,340000,安徽省,340100,合肥市,,,340100,合肥市,prefecture,current_parent_code,
340226,安徽省,芜湖市,,1,partial,current_parent_code,60,340000,安徽省,340200,芜湖市,,,340200,芜湖市,prefecture,current_parent_code,
340238,安徽省,芜湖市,,1,partial,current_parent_code,60,340000,安徽省,340200,芜湖市,,,340200,芜湖市,prefecture,current_parent_code,
340242,安徽省,芜湖市,,1,partial,current_parent_code,60,340000,安徽省,340200,芜湖市,,,340200,芜湖市,prefecture,current_parent_code,
340250,安徽省,芜湖市,,1,partial,current_parent_code,60,340000,安徽省,340200,芜湖市,,,340200,芜湖市,prefecture,current_parent_code,
340252,安徽省,芜湖市,,1,partial,current_parent_code,60,340000,安徽省,340200,芜湖市,,,340200,芜湖市,prefecture,current_parent_code,
340329,安徽省,蚌埠市,,1,partial,current_parent_code,60,340000,安徽省,340300,蚌埠市,,,340300,蚌埠市,prefecture,current_parent_code,
340401,安徽省,淮南市,,1,partial,current_parent_code,60,340000,安徽省,340400,淮南市,,,340400,淮南市,prefecture,current_parent_code,
340411,安徽省,淮南市,,1,partial,current_parent_code,60,340000,安徽省,340400,淮南市,,,340400,淮南市,prefecture,current_parent_code,
340506,安徽省,马鞍山市,博望区,1,current,current_code,100,340000,安徽省,340500,马鞍山市,340506,博望区,340500,马鞍山市,prefecture,current_code,
340531,安徽省,马鞍山市,,1,partial,current_parent_code,60,340000,安徽省,340500,马鞍山市,,,340500,马鞍山市,prefecture,current_parent_code,
340601,安徽省,淮北市,,1,partial,current_parent_code,60,340000,安徽省,340600,淮北市,,,340600,淮北市,prefecture,current_parent_code,
340607,安徽省,淮北市,,1,partial,current_parent_code,60,340000,安徽省,340600,淮北市,,,340600,淮北市,prefecture,current_parent_code,
340630,安徽省,淮北市,,1,partial,current_parent_code,60,340000,安徽省,340600,淮北市,,,340600,淮北市,prefecture,current_parent_code,
340720,安徽省,铜陵市,,1,partial,current_parent_code,60,340000,安徽省,340700,铜陵市,,,340700,铜陵市,prefecture,current_parent_code,
340744,安徽省,铜陵市,,1,partial,current_parent_code,60,340000,安徽省,340700,铜陵市,,,340700,铜陵市,prefecture,current_parent_code,
340807,安徽省,安庆市,,1,partial,current_parent_code,60,340000,安徽省,340800,安庆市,,,340800,安庆市,prefecture,current_parent_code,
340813,安徽省,安庆市,,1,partial,current_parent_code,60,340000,安徽省,340800,安庆市,,,340800,安庆市,prefecture,current_parent_code,
340829,安徽省,安庆市,,1,partial,current_parent_code,60,340000,安徽省,340800,安庆市,,,340800,安庆市,prefecture,current_parent_code,
340900,安徽省,,,1,unresolved,none,0,,,,,,,,,,none,
341027,安徽省,黄山市,,1,partial,current_parent_code,60,340000,安徽省,341000,黄山市,,,341000,黄山市,prefecture,current_parent_code,
341082,安徽省,黄山市,,1,partial,current_parent_code,60,340000,安徽省,341000,黄山市,,,341000,黄山市,prefecture,current_parent_code,
341085,安徽省,黄山市,,1,partial,current_parent_code,60,340000,安徽省,341000,黄山市,,,341000,黄山市,prefecture,current_parent_code,
341128,安徽省,滁州市,,1,partial,current_parent_code,60,340000,安徽省,341100,滁州市,,,341100,滁州市,prefecture,current_parent_code,
341129,安徽省,滁州市,,1,partial,current_parent_code,60,340000,安徽省,341100,滁州市,,,341100,滁州市,prefecture,current_parent_code,
341175,安徽省,滁州市,,1,partial,current_parent_code,60,340000,安徽省,341100,滁州市,,,341100,滁州市,prefecture,current_parent_code,
341200,安徽省,阜阳市,,1,current,current_code,100,340000,安徽省,341200,阜阳市,,,341200,阜阳市,prefecture,current_code,
341232,安徽省,阜阳市,,1,partial,current_parent_code,60,340000,安徽省,341200,阜阳市,,,341200,阜阳市,prefecture,current_parent_code,
341267,安徽省,阜阳市,,1,partial,current_parent_code,60,340000,安徽省,341200,阜阳市,,,341200,阜阳市,prefecture,current_parent_code,
341271,安徽省,阜阳市,阜阳合肥现代产业园区,1,partial,current_parent_code,60,340000,安徽省,341200,阜阳市,,,341200,阜阳市,prefecture,current_parent_code,
341272,安徽省,阜阳市,阜阳经济技术开发区,1,partial,current_parent_code,60,340000,安徽省,341200,阜阳市,,,341200,阜阳市,prefecture,current_parent_code,
341283,安徽省,阜阳市,,1,partial,current_parent_code,60,340000,安徽省,341200,阜阳市,,,341200,阜阳市,prefecture,current_parent_code,
341313,安徽省,宿州市,,1,partial,current_parent_code,60,340000,安徽省,341300,宿州市,,,341300,宿州市,prefecture,current_parent_code,
341323,安徽省,宿州市,灵璧县,1,current,current_code,100,340000,安徽省,341300,宿州市,341323,灵璧县,341300,宿州市,prefecture,current_code,
341400,安徽省,巢湖市,,1,ambiguous,historical_crosswalk,100,,,,,,,,,,unique_exact_name,340181
341421,安徽省,巢湖市,庐江县,1,historical_mapped,historical_crosswalk,90,340000,安徽省,340100,合肥市,340124,庐江县,340100,合肥市,prefecture,unique_exact_name,
341601,安徽省,亳州市,,1,partial,current_parent_code,60,340000,安徽省,341600,亳州市,,,341600,亳州市,prefecture,current_parent_code,
341872,安徽省,宣城市,,1,partial,current_parent_code,60,340000,安徽省,341800,宣城市,,,341800,宣城市,prefecture,current_parent_code,
342001,安徽省,,,1,unresolved,none,0,,,,,,,,,,none,
342061,安徽省,,,1,unresolved,none,0,,,,,,,,,,none,
342104,安徽省,阜阳地区,,1,unresolved,none,0,,,,,,,,,,none,
342105,安徽省,阜阳地区,,1,unresolved,none,0,,,,,,,,,,none,
342113,安徽省,阜阳地区,,1,unresolved,none,0,,,,,,,,,,none,
342137,安徽省,阜阳地区,,1,unresolved,none,0,,,,,,,,,,none,
342141,安徽省,阜阳地区,,1,unresolved,none,0,,,,,,,,,,none,
342166,安徽省,阜阳地区,,1,unresolved,none,0,,,,,,,,,,none,
342170,安徽省,阜阳地区,,1,unresolved,none,0,,,,,,,,,,none,
342180,安徽省,阜阳地区,,1,unresolved,none,0,,,,,,,,,,none,
342207,安徽省,宿县地区,,1,unresolved,none,0,,,,,,,,,,none,
342208,安徽省,宿县地区,,1,unresolved,none,0,,,,,,,,,,none,
342219,安徽省,宿县地区,,1,unresolved,none,0,,,,,,,,,,none,
342220,安徽省,宿县地区,,1,unresolved,none,0,,,,,,,,,,none,
342307,安徽省,滁县地区,,1,unresolved,none,0,,,,,,,,,,none,
342312,安徽省,滁县地区,,1,unresolved,none,0,,,,,,,,,,none,
342319,安徽省,滁县地区,,1,unresolved,none,0,,,,,,,,,,none,
342402,安徽省,六安地区,,1,unresolved,none,0,,,,,,,,,,none,
342424,安徽省,六安地区,肥西县,1,historical_mapped,historical_crosswalk,90,340000,安徽省,340100,合肥市,340123,肥西县,340100,合肥市,prefecture,unique_exact_name,
342432,安徽省,六安地区,,1,unresolved,none,0,,,,,,,,,,none,
342471,安徽省,六安地区,,1,unresolved,none,0,,,,,,,,,,none,
342476,安徽省,六安地区,,1,unresolved,none,0,,,,,,,,,,none,
342519,安徽省,宣城地区,,1,unresolved,none,0,,,,,,,,,,none,
342528,安徽省,宣城地区,青阳县,1,historical_mapped,historical_crosswalk,90,340000,安徽省,341700,池州市,341723,青阳县,341700,池州市,prefecture,unique_exact_name,
342624,安徽省,巢湖地区,巢县,1,unresolved,historical_crosswalk,0,,,,,,,,,,no_supported_successor,
342632,安徽省,巢湖地区,,1,unresolved,none,0,,,,,,,,,,none,
342633,安徽省,巢湖地区,,1,unresolved,none,0,,,,,,,,,,none,
342662,安徽省,巢湖地区,,1,unresolved,none,0,,,,,,,,,,none,
342907,安徽省,池州地区,,1,unresolved,none,0,,,,,,,,,,none,
342924,安徽省,池州地区,,1,unresolved,none,0,,,,,,,,,,none,
343221,安徽省,,,1,unresolved,none,0,,,,,,,,,,none,
343230,安徽省,,,1,unresolved,none,0,,,,,,,,,,none,
343252,安徽省,,,1,unresolved,none,0,,,,,,,,,,none,
343426,安徽省,,,1,unresolved,none,0,,,,,,,,,,none,
344003,安徽省,,,1,unresolved,none,0,,,,,,,,,,none,
345503,安徽省,,,1,unresolved,none,0,,,,,,,,,,none,
347622,安徽省,,,1,unresolved,none,0,,,,,,,,,,none,
350001,福建省,,,1,unresolved,none,0,,,,,,,,,,none,
350023,福建省,,,1,unresolved,none,0,,,,,,,,,,none,
350101,福建省,福州市,,1,partial,current_parent_code,60,350000,福建省,350100,福州市,,,350100,福州市,prefecture,current_parent_code,
350106,福建省,福州市,,1,partial,current_parent_code,60,350000,福建省,350100,福州市,,,350100,福州市,prefecture,current_parent_code,
350120,福建省,福州市,,1,partial,current_parent_code,60,350000,福建省,350100,福州市,,,350100,福州市,prefecture,current_parent_code,
350222,福建省,厦门市,,1,partial,current_parent_code,60,350000,福建省,350200,厦门市,,,350200,厦门市,prefecture,current_parent_code,
350245,福建省,厦门市,,1,partial,current_parent_code,60,350000,福建省,350200,厦门市,,,350200,厦门市,prefecture,current_parent_code,
350312,福建省,莆田市,,1,partial,current_parent_code,60,350000,福建省,350300,莆田市,,,350300,莆田市,prefecture,current_parent_code,
350325,福建省,莆田市,,1,partial,current_parent_code,60,350000,福建省,350300,莆田市,,,350300,莆田市,prefecture,current_parent_code,
350382,福建省,莆田市,,1,partial,current_parent_code,60,350000,福建省,350300,莆田市,,,350300,莆田市,prefecture,current_parent_code,
350506,福建省,泉州市,,1,partial,current_parent_code,60,350000,福建省,350500,泉州市,,,350500,泉州市,prefecture,current_parent_code,
350511,福建省,泉州市,,1,partial,current_parent_code,60,350000,福建省,350500,泉州市,,,350500,泉州市,prefecture,current_parent_code,
350520,福建省,泉州市,,1,partial,current_parent_code,60,350000,福建省,350500,泉州市,,,350500,泉州市,prefecture,current_parent_code,
350586,福建省,泉州市,,1,partial,current_parent_code,60,350000,福建省,350500,泉州市,,,350500,泉州市,prefecture,current_parent_code,
350606,福建省,漳州市,,1,partial,current_parent_code,60,350000,福建省,350600,漳州市,,,350600,漳州市,prefecture,current_parent_code,
350719,福建省,南平市,,1,partial,current_parent_code,60,350000,福建省,350700,南平市,,,350700,南平市,prefecture,current_parent_code,
350837,福建省,龙岩市,,1,partial,current_parent_code,60,350000,福建省,350800,龙岩市,,,350800,龙岩市,prefecture,current_parent_code,
351622,福建省,,,1,unresolved,none,0,,,,,,,,,,none,
352168,福建省,南平地区,,1,unresolved,none,0,,,,,,,,,,none,
352223,福建省,宁德地区,罗源县,1,ambiguous,historical_crosswalk,100,,,,,,,,,,historical_code_reused,350123
352323,福建省,莆田地区,长乐县,1,ambiguous,historical_crosswalk,100,,,,,,,,,,historical_code_reused,350112
352422,福建省,晋江地区,晋江县,1,ambiguous,historical_crosswalk,100,,,,,,,,,,historical_code_reused,350582
352501,福建省,龙溪地区,漳州市,1,ambiguous,historical_crosswalk,100,,,,,,,,,,historical_code_reused,350600
352522,福建省,龙溪地区,云霄县,1,ambiguous,historical_crosswalk,100,,,,,,,,,,historical_code_reused,350622
352621,福建省,龙溪地区,龙海县,1,historical_mapped,historical_crosswalk,85,350000,福建省,350600,漳州市,350604,龙海区,350600,漳州市,prefecture,unique_canonical_name,
352727,福建省,三明地区,沙县,1,ambiguous,historical_crosswalk,100,,,,,,,,,,historical_code_reused,350405
352823,福建省,三明地区,清流县,1,historical_mapped,historical_crosswalk,90,350000,福建省,350400,三明市,350423,清流县,350400,三明市,prefecture,unique_exact_name_under_mapped_parent,
353403,福建省,,,1,unresolved,none,0,,,,,,,,,,none,
354110,福建省,,,1,unresolved,none,0,,,,,,,,,,none,
355831,福建省,,,1,unresolved,none,0,,,,,,,,,,none,
356478,福建省,,,1,unresolved,none,0,,,,,,,,,,none,
358601,福建省,,,1,unresolved,none,0,,,,,,,,,,none,
360106,江西省,南昌市,,1,partial,current_parent_code,60,360000,江西省,360100,南昌市,,,360100,南昌市,prefecture,current_parent_code,
360110,江西省,南昌市,,1,partial,current_parent_code,60,360000,江西省,360100,南昌市,,,360100,南昌市,prefecture,current_parent_code,
360131,江西省,南昌市,,1,partial,current_parent_code,60,360000,江西省,360100,南昌市,,,360100,南昌市,prefecture,current_parent_code,
360201,江西省,景德镇市,,1,partial,current_parent_code,60,360000,江西省,360200,景德镇市,,,360200,景德镇市,prefecture,current_parent_code,
360253,江西省,景德镇市,,1,partial,current_parent_code,60,360000,江西省,360200,景德镇市,,,360200,景德镇市,prefecture,current_parent_code,
360400,江西省,九江市,,1,current,current_code,100,360000,江西省,360400,九江市,,,360400,九江市,prefecture,current_code,
360404,江西省,九江市,柴桑区,1,current,current_code,100,360000,江西省,360400,九江市,360404,柴桑区,360400,九江市,prefecture,current_code,
360405,江西省,九江市,,1,partial,current_parent_code,60,360000,江西省,360400,九江市,,,360400,九江市,prefecture,current_parent_code,
360431,江西省,九江市,,1,partial,current_parent_code,60,360000,江西省,360400,九江市,,,360400,九江市,prefecture,current_parent_code,
360475,江西省,九江市,,1,partial,current_parent_code,60,360000,江西省,360400,九江市,,,360400,九江市,prefecture,current_parent_code,
360522,江西省,新余市,,1,partial,current_parent_code,60,360000,江西省,360500,新余市,,,360500,新余市,prefecture,current_parent_code,
360527,江西省,新余市,,1,partial,current_parent_code,60,360000,江西省,360500,新余市,,,360500,新余市,prefecture,current_parent_code,
360528,江西省,新余市,,1,partial,current_parent_code,60,360000,江西省,360500,新余市,,,360500,新余市,prefecture,current_parent_code,
360600,江西省,鹰潭市,,1,current,current_code,100,360000,江西省,360600,鹰潭市,,,360600,鹰潭市,prefecture,current_code,
360601,江西省,鹰潭市,,1,partial,current_parent_code,60,360000,江西省,360600,鹰潭市,,,360600,鹰潭市,prefecture,current_parent_code,
360606,江西省,鹰潭市,,1,partial,current_parent_code,60,360000,江西省,360600,鹰潭市,,,360600,鹰潭市,prefecture,current_parent_code,
361122,江西省,上饶市,广丰县,1,historical_mapped,historical_crosswalk,85,360000,江西省,361100,上饶市,361103,广丰区,361100,上饶市,prefecture,unique_canonical_name_under_mapped_parent,
361215,江西省,,,1,unresolved,none,0,,,,,,,,,,none,
362002,江西省,,,1,unresolved,none,0,,,,,,,,,,none,
362010,江西省,,,1,unresolved,none,0,,,,,,,,,,none,
362023,江西省,,,1,unresolved,none,0,,,,,,,,,,none,
362041,江西省,,,1,unresolved,none,0,,,,,,,,,,none,
362104,江西省,赣州地区,,1,unresolved,none,0,,,,,,,,,,none,
362106,江西省,赣州地区,,1,unresolved,none,0,,,,,,,,,,none,
362200,江西省,宜春地区,,1,ambiguous,historical_crosswalk,100,,,,,,,,,,historical_code_reused,360900
362206,江西省,宜春地区,,1,unresolved,none,0,,,,,,,,,,none,
362207,江西省,宜春地区,,1,unresolved,none,0,,,,,,,,,,none,
362213,江西省,宜春地区,,1,unresolved,none,0,,,,,,,,,,none,
362220,江西省,宜春地区,,1,unresolved,none,0,,,,,,,,,,none,
362303,江西省,上饶地区,,1,unresolved,none,0,,,,,,,,,,none,
362308,江西省,上饶地区,,1,unresolved,none,0,,,,,,,,,,none,
362310,江西省,上饶地区,,1,unresolved,none,0,,,,,,,,,,none,
362332,江西省,上饶地区,乐平县,1,ambiguous,historical_crosswalk,100,,,,,,,,,,historical_code_reused,360281
362335,江西省,上饶地区,,1,unresolved,none,0,,,,,,,,,,none,
362336,江西省,上饶地区,,1,unresolved,none,0,,,,,,,,,,none,
362419,江西省,吉安地区,,1,unresolved,none,0,,,,,,,,,,none,
362457,江西省,吉安地区,,1,unresolved,none,0,,,,,,,,,,none,
362511,江西省,抚州地区,,1,unresolved,none,0,,,,,,,,,,none,
362534,江西省,抚州地区,,1,unresolved,none,0,,,,,,,,,,none,
362602,江西省,九江地区,,1,unresolved,none,0,,,,,,,,,,none,
362623,江西省,九江地区,武宁县,1,ambiguous,historical_crosswalk,100,,,,,,,,,,historical_code_reused,360423
362625,江西省,九江地区,永修县,1,ambiguous,historical_crosswalk,100,,,,,,,,,,historical_code_reused,360425
362627,江西省,九江地区,星子县,1,ambiguous,historical_crosswalk,100,,,,,,,,,,historical_code_reused,
362630,江西省,九江地区,彭泽县,1,ambiguous,historical_crosswalk,100,,,,,,,,,,historical_code_reused,360430
362729,江西省,,,1,unresolved,none,0,,,,,,,,,,none,
363121,江西省,,,1,unresolved,none,0,,,,,,,,,,none,
369011,江西省,,,1,unresolved,none,0,,,,,,,,,,none,
369426,江西省,,,1,unresolved,none,0,,,,,,,,,,none,
370000,山东省,,,1,current,current_code,100,370000,山东省,,,,,,,,current_code,
370107,山东省,济南市,,1,partial,current_parent_code,60,370000,山东省,370100,济南市,,,370100,济南市,prefecture,current_parent_code,
370113,山东省,济南市,长清区,1,current,current_code,100,370000,山东省,370100,济南市,370113,长清区,370100,济南市,prefecture,current_code,
370132,山东省,济南市,,1,partial,current_parent_code,60,370000,山东省,370100,济南市,,,370100,济南市,prefecture,current_parent_code,
370183,山东省,济南市,,1,partial,current_parent_code,60,370000,山东省,370100,济南市,,,370100,济南市,prefecture,current_parent_code,
370228,山东省,青岛市,,1,partial,current_parent_code,60,370000,山东省,370200,青岛市,,,370200,青岛市,prefecture,current_parent_code,
370233,山东省,青岛市,,1,partial,current_parent_code,60,370000,山东省,370200,青岛市,,,370200,青岛市,prefecture,current_parent_code,
370264,山东省,青岛市,,1,partial,current_parent_code,60,370000,山东省,370200,青岛市,,,370200,青岛市,prefecture,current_parent_code,
370311,山东省,淄博市,,1,partial,current_parent_code,60,370000,山东省,370300,淄博市,,,370300,淄博市,prefecture,current_parent_code,
370415,山东省,枣庄市,,1,partial,current_parent_code,60,370000,山东省,370400,枣庄市,,,370400,枣庄市,prefecture,current_parent_code,
370423,山东省,枣庄市,,1,partial,current_parent_code,60,370000,山东省,370400,枣庄市,,,370400,枣庄市,prefecture,current_parent_code,
370489,山东省,枣庄市,,1,partial,current_parent_code,60,370000,山东省,370400,枣庄市,,,370400,枣庄市,prefecture,current_parent_code,
370525,山东省,东营市,,1,partial,current_parent_code,60,370000,山东省,370500,东营市,,,370500,东营市,prefecture,current_parent_code,
370526,山东省,东营市,,1,partial,current_parent_code,60,370000,山东省,370500,东营市,,,370500,东营市,prefecture,current_parent_code,
370792,山东省,潍坊市,,1,partial,current_parent_code,60,370000,山东省,370700,潍坊市,,,370700,潍坊市,prefecture,current_parent_code,
370801,山东省,济宁市,,1,partial,current_parent_code,60,370000,山东省,370800,济宁市,,,370800,济宁市,prefecture,current_parent_code,
370803,山东省,济宁市,,1,partial,current_parent_code,60,370000,山东省,370800,济宁市,,,370800,济宁市,prefecture,current_parent_code,
370821,山东省,济宁市,,1,partial,current_parent_code,60,370000,山东省,370800,济宁市,,,370800,济宁市,prefecture,current_parent_code,
370824,山东省,济宁市,,1,partial,current_parent_code,60,370000,山东省,370800,济宁市,,,370800,济宁市,prefecture,current_parent_code,
370851,山东省,济宁市,,1,partial,current_parent_code,60,370000,山东省,370800,济宁市,,,370800,济宁市,prefecture,current_parent_code,
370901,山东省,泰安市,威海市,1,partial,historical_crosswalk,90,370000,山东省,371000,威海市,,,371000,威海市,prefecture,unique_exact_name,
371066,山东省,威海市,,1,partial,current_parent_code,60,370000,山东省,371000,威海市,,,371000,威海市,prefecture,current_parent_code,
371192,山东省,日照市,,1,partial,current_parent_code,60,370000,山东省,371100,日照市,,,371100,日照市,prefecture,current_parent_code,
371221,山东省,莱芜市,,1,unresolved,none,0,,,,,,,,,,none,
371624,山东省,滨州市,沾化县,1,historical_mapped,historical_crosswalk,85,370000,山东省,371600,滨州市,371603,沾化区,371600,滨州市,prefecture,unique_canonical_name_under_mapped_parent,
371626,山东省,滨州市,邹平县,1,historical_mapped,historical_crosswalk,85,370000,山东省,371600,滨州市,371681,邹平市,371600,滨州市,prefecture,unique_canonical_name_under_mapped_parent,
371702,山东省,菏泽市,牡丹区,1,current,current_code,100,370000,山东省,371700,菏泽市,371702,牡丹区,371700,菏泽市,prefecture,current_code,
372022,山东省,,,1,unresolved,none,0,,,,,,,,,,none,
372102,山东省,烟台地区,威海市,1,partial,historical_crosswalk,90,370000,山东省,371000,威海市,,,371000,威海市,prefecture,unique_exact_name,
372123,山东省,烟台地区,黄县,1,partial,historical_crosswalk,70,370000,山东省,370600,烟台市,,,370600,烟台市,prefecture,mapped_parent_only,
372202,山东省,潍坊地区,,1,unresolved,none,0,,,,,,,,,,none,
372222,山东省,潍坊地区,安丘县,1,historical_mapped,historical_crosswalk,85,370000,山东省,370700,潍坊市,370784,安丘市,370700,潍坊市,prefecture,unique_canonical_name,
372226,山东省,潍坊地区,昌邑县,1,historical_mapped,historical_crosswalk,85,370000,山东省,370700,潍坊市,370786,昌邑市,370700,潍坊市,prefecture,unique_canonical_name,
372227,山东省,潍坊地区,高密县,1,historical_mapped,historical_crosswalk,85,370000,山东省,370700,潍坊市,370785,高密市,370700,潍坊市,prefecture,unique_canonical_name,
372261,山东省,潍坊地区,,1,unresolved,none,0,,,,,,,,,,none,
372327,山东省,惠民地区,广饶县,1,historical_mapped,historical_crosswalk,90,370000,山东省,370500,东营市,370523,广饶县,370500,东营市,prefecture,unique_exact_name,
372492,山东省,德州地区,,1,unresolved,none,0,,,,,,,,,,none,
372500,山东省,聊城地区,,1,historical_mapped,historical_crosswalk,85,370000,山东省,371500,聊城市,,,371500,聊城市,prefecture,unique_canonical_name_under_mapped_parent,
372622,山东省,泰安地区,新泰县,1,ambiguous,historical_crosswalk,100,,,,,,,,,,historical_code_reused,370982
372721,山东省,济宁地区,济宁县,1,partial,historical_crosswalk,85,370000,山东省,370800,济宁市,,,370800,济宁市,prefecture,unique_canonical_name_under_mapped_parent,
372723,山东省,济宁地区,曲阜县,1,historical_mapped,historical_crosswalk,85,370000,山东省,370800,济宁市,370881,曲阜市,370800,济宁市,prefecture,unique_canonical_name_under_mapped_parent,
372731,山东省,济宁地区,,1,unresolved,none,0,,,,,,,,,,none,
372821,山东省,临沂地区,临沂县,1,partial,historical_crosswalk,85,370000,山东省,371300,临沂市,,,371300,临沂市,prefecture,unique_canonical_name_under_mapped_parent,
372847,山东省,临沂地区,,1,unresolved,none,0,,,,,,,,,,none,
372877,山东省,临沂地区,,1,unresolved,none,0,,,,,,,,,,none,
372911,山东省,菏泽地区,,1,unresolved,none,0,,,,,,,,,,none,
374322,山东省,,,1,unresolved,none,0,,,,,,,,,,none,
376633,山东省,,,1,unresolved,none,0,,,,,,,,,,none,
379001,山东省,山东省直辖县级行政区划,青州市,1,historical_mapped,historical_crosswalk,90,370000,山东省,370700,潍坊市,370781,青州市,370700,潍坊市,prefecture,unique_exact_name,
410132,河南省,郑州市,,1,partial,current_parent_code,60,410000,河南省,410100,郑州市,,,410100,郑州市,prefecture,current_parent_code,
410201,河南省,开封市,,1,partial,current_parent_code,60,410000,河南省,410200,开封市,,,410200,开封市,prefecture,current_parent_code,
410220,河南省,开封市,,1,partial,current_parent_code,60,410000,河南省,410200,开封市,,,410200,开封市,prefecture,current_parent_code,
410228,河南省,开封市,,1,partial,current_parent_code,60,410000,河南省,410200,开封市,,,410200,开封市,prefecture,current_parent_code,
410231,河南省,开封市,,1,partial,current_parent_code,60,410000,河南省,410200,开封市,,,410200,开封市,prefecture,current_parent_code,
410232,河南省,开封市,,1,partial,current_parent_code,60,410000,河南省,410200,开封市,,,410200,开封市,prefecture,current_parent_code,
410275,河南省,开封市,,1,partial,current_parent_code,60,410000,河南省,410200,开封市,,,410200,开封市,prefecture,current_parent_code,
410276,河南省,开封市,,1,partial,current_parent_code,60,410000,河南省,410200,开封市,,,410200,开封市,prefecture,current_parent_code,
410281,河南省,开封市,,1,partial,current_parent_code,60,410000,河南省,410200,开封市,,,410200,开封市,prefecture,current_parent_code,
410300,河南省,洛阳市,,1,current,current_code,100,410000,河南省,410300,洛阳市,,,410300,洛阳市,prefecture,current_code,
410301,河南省,洛阳市,,1,partial,current_parent_code,60,410000,河南省,410300,洛阳市,,,410300,洛阳市,prefecture,current_parent_code,
410307,河南省,洛阳市,偃师区,1,current,current_code,100,410000,河南省,410300,洛阳市,410307,偃师区,410300,洛阳市,prefecture,current_code,
410310,河南省,洛阳市,,1,partial,current_parent_code,60,410000,河南省,410300,洛阳市,,,410300,洛阳市,prefecture,current_parent_code,
410313,河南省,洛阳市,,1,partial,current_parent_code,60,410000,河南省,410300,洛阳市,,,410300,洛阳市,prefecture,current_parent_code,
410320,河南省,洛阳市,,1,partial,current_parent_code,60,410000,河南省,410300,洛阳市,,,410300,洛阳市,prefecture,current_parent_code,
410382,河南省,洛阳市,,1,partial,current_parent_code,60,410000,河南省,410300,洛阳市,,,410300,洛阳市,prefecture,current_parent_code,
410405,河南省,平顶山市,,1,partial,current_parent_code,60,410000,河南省,410400,平顶山市,,,410400,平顶山市,prefecture,current_parent_code,
410431,河南省,平顶山市,,1,partial,current_parent_code,60,410000,河南省,410400,平顶山市,,,410400,平顶山市,prefecture,current_parent_code,
410450,河南省,平顶山市,,1,partial,current_parent_code,60,410000,河南省,410400,平顶山市,,,410400,平顶山市,prefecture,current_parent_code,
410480,河南省,平顶山市,,1,partial,current_parent_code,60,410000,河南省,410400,平顶山市,,,410400,平顶山市,prefecture,current_parent_code,
410483,河南省,平顶山市,,1,partial,current_parent_code,60,410000,河南省,410400,平顶山市,,,410400,平顶山市,prefecture,current_parent_code,
410500,河南省,安阳市,,1,current,current_code,100,410000,河南省,410500,安阳市,,,410500,安阳市,prefecture,current_code,
410520,河南省,安阳市,,1,partial,current_parent_code,60,410000,河南省,410500,安阳市,,,410500,安阳市,prefecture,current_parent_code,
410524,河南省,安阳市,淇县,1,historical_mapped,historical_crosswalk,90,410000,河南省,410600,鹤壁市,410622,淇县,410600,鹤壁市,prefecture,unique_exact_name,
410525,河南省,安阳市,浚县,1,historical_mapped,historical_crosswalk,90,410000,河南省,410600,鹤壁市,410621,浚县,410600,鹤壁市,prefecture,unique_exact_name,
410538,河南省,安阳市,,1,partial,current_parent_code,60,410000,河南省,410500,安阳市,,,410500,安阳市,prefecture,current_parent_code,
410624,河南省,鹤壁市,,1,partial,current_parent_code,60,410000,河南省,410600,鹤壁市,,,410600,鹤壁市,prefecture,current_parent_code,
410626,河南省,鹤壁市,,1,partial,current_parent_code,60,410000,河南省,410600,鹤壁市,,,410600,鹤壁市,prefecture,current_parent_code,
410700,河南省,新乡市,,1,current,current_code,100,410000,河南省,410700,新乡市,,,410700,新乡市,prefecture,current_code,
410705,河南省,新乡市,,1,partial,current_parent_code,60,410000,河南省,410700,新乡市,,,410700,新乡市,prefecture,current_parent_code,
410729,河南省,新乡市,,1,partial,current_parent_code,60,410000,河南省,410700,新乡市,,,410700,新乡市,prefecture,current_parent_code,
410738,河南省,新乡市,,1,partial,current_parent_code,60,410000,河南省,410700,新乡市,,,410700,新乡市,prefecture,current_parent_code,
410761,河南省,新乡市,,1,partial,current_parent_code,60,410000,河南省,410700,新乡市,,,410700,新乡市,prefecture,current_parent_code,
410831,河南省,焦作市,,1,partial,current_parent_code,60,410000,河南省,410800,焦作市,,,410800,焦作市,prefecture,current_parent_code,
410900,河南省,濮阳市,,1,current,current_code,100,410000,河南省,410900,濮阳市,,,410900,濮阳市,prefecture,current_code,
410903,河南省,濮阳市,,1,partial,current_parent_code,60,410000,河南省,410900,濮阳市,,,410900,濮阳市,prefecture,current_parent_code,
410921,河南省,濮阳市,滑县,1,historical_mapped,historical_crosswalk,90,410000,河南省,410500,安阳市,410526,滑县,410500,安阳市,prefecture,unique_exact_name,
410982,河南省,濮阳市,,1,partial,current_parent_code,60,410000,河南省,410900,濮阳市,,,410900,濮阳市,prefecture,current_parent_code,
411000,河南省,许昌市,,1,current,current_code,100,410000,河南省,411000,许昌市,,,411000,许昌市,prefecture,current_code,
411021,河南省,许昌市,禹县,1,partial,historical_crosswalk,70,410000,河南省,411000,许昌市,,,411000,许昌市,prefecture,mapped_parent_only,
411062,河南省,许昌市,,1,partial,current_parent_code,60,410000,河南省,411000,许昌市,,,411000,许昌市,prefecture,current_parent_code,
411101,河南省,漯河市,,1,partial,current_parent_code,60,410000,河南省,411100,漯河市,,,411100,漯河市,prefecture,current_parent_code,
411124,河南省,漯河市,,1,partial,current_parent_code,60,410000,河南省,411100,漯河市,,,411100,漯河市,prefecture,current_parent_code,
411125,河南省,漯河市,,1,partial,current_parent_code,60,410000,河南省,411100,漯河市,,,411100,漯河市,prefecture,current_parent_code,
411129,河南省,漯河市,,1,partial,current_parent_code,60,410000,河南省,411100,漯河市,,,411100,漯河市,prefecture,current_parent_code,
411181,河南省,漯河市,,1,partial,current_parent_code,60,410000,河南省,411100,漯河市,,,411100,漯河市,prefecture,current_parent_code,
411259,河南省,三门峡市,,1,partial,current_parent_code,60,410000,河南省,411200,三门峡市,,,411200,三门峡市,prefecture,current_parent_code,
411306,河南省,南阳市,,1,partial,current_parent_code,60,410000,河南省,411300,南阳市,,,411300,南阳市,prefecture,current_parent_code,
411311,河南省,南阳市,,1,partial,current_parent_code,60,410000,河南省,411300,南阳市,,,411300,南阳市,prefecture,current_parent_code,
411313,河南省,南阳市,,1,partial,current_parent_code,60,410000,河南省,411300,南阳市,,,411300,南阳市,prefecture,current_parent_code,
411435,河南省,商丘市,,1,partial,current_parent_code,60,410000,河南省,411400,商丘市,,,411400,商丘市,prefecture,current_parent_code,
411681,河南省,周口市,项城市,1,current,current_code,100,410000,河南省,411600,周口市,411681,项城市,411600,周口市,prefecture,current_code,
411682,河南省,周口市,,1,partial,current_parent_code,60,410000,河南省,411600,周口市,,,411600,周口市,prefecture,current_parent_code,
411802,河南省,,,1,unresolved,none,0,,,,,,,,,,none,
411921,河南省,,,1,unresolved,none,0,,,,,,,,,,none,
412024,河南省,,,1,unresolved,none,0,,,,,,,,,,none,
412025,河南省,,,1,unresolved,none,0,,,,,,,,,,none,
412026,河南省,,,1,unresolved,none,0,,,,,,,,,,none,
412027,河南省,,,1,unresolved,none,0,,,,,,,,,,none,
412058,河南省,,,1,unresolved,none,0,,,,,,,,,,none,
412102,河南省,安阳地区,文峰区,1,historical_mapped,historical_crosswalk,90,410000,河南省,410500,安阳市,410502,文峰区,410500,安阳市,prefecture,unique_exact_name_under_mapped_parent,
412126,河南省,安阳地区,濮阳县,1,historical_mapped,historical_crosswalk,90,410000,河南省,410900,濮阳市,410928,濮阳县,410900,濮阳市,prefecture,unique_exact_name,
412224,河南省,新乡地区,孟县,1,partial,historical_crosswalk,70,410000,河南省,410700,新乡市,,,410700,新乡市,prefecture,mapped_parent_only,
412312,河南省,商丘地区,,1,unresolved,none,0,,,,,,,,,,none,
412414,河南省,开封地区,,1,unresolved,none,0,,,,,,,,,,none,
412422,河南省,开封地区,通许县,1,historical_mapped,historical_crosswalk,90,410000,河南省,410200,开封市,410222,通许县,410200,开封市,prefecture,unique_exact_name_under_mapped_parent,
412424,河南省,开封地区,开封县,1,partial,historical_crosswalk,85,410000,河南省,410200,开封市,,,410200,开封市,prefecture,unique_canonical_name_under_mapped_parent,
412482,河南省,开封地区,,1,unresolved,none,0,,,,,,,,,,none,
412525,河南省,洛阳地区,陕县,1,partial,historical_crosswalk,70,410000,河南省,410300,洛阳市,,,410300,洛阳市,prefecture,mapped_parent_only,
412529,河南省,洛阳地区,嵩县,1,historical_mapped,historical_crosswalk,90,410000,河南省,410300,洛阳市,410325,嵩县,410300,洛阳市,prefecture,unique_exact_name_under_mapped_parent,
412712,河南省,周口地区,,1,unresolved,none,0,,,,,,,,,,none,
412717,河南省,周口地区,,1,unresolved,none,0,,,,,,,,,,none,
412803,河南省,驻马店地区,,1,unresolved,none,0,,,,,,,,,,none,
412818,河南省,驻马店地区,,1,unresolved,none,0,,,,,,,,,,none,
412859,河南省,驻马店地区,,1,unresolved,none,0,,,,,,,,,,none,
412874,河南省,驻马店地区,,1,unresolved,none,0,,,,,,,,,,none,
412900,河南省,南阳地区,,1,historical_mapped,historical_crosswalk,85,410000,河南省,411300,南阳市,,,411300,南阳市,prefecture,unique_canonical_name_under_mapped_parent,
412915,河南省,南阳地区,,1,unresolved,none,0,,,,,,,,,,none,
412916,河南省,南阳地区,,1,unresolved,none,0,,,,,,,,,,none,
412919,河南省,南阳地区,,1,unresolved,none,0,,,,,,,,,,none,
412938,河南省,南阳地区,,1,unresolved,none,0,,,,,,,,,,none,
413019,河南省,信阳地区,,1,unresolved,none,0,,,,,,,,,,none,
413076,河南省,信阳地区,,1,unresolved,none,0,,,,,,,,,,none,
413087,河南省,信阳地区,,1,unresolved,none,0,,,,,,,,,,none,
413203,河南省,,,1,unresolved,none,0,,,,,,,,,,none,
413208,河南省,,,1,unresolved,none,0,,,,,,,,,,none,
413401,河南省,,,1,unresolved,none,0,,,,,,,,,,none,
413824,河南省,,,1,unresolved,none,0,,,,,,,,,,none,
413924,河南省,,,1,unresolved,none,0,,,,,,,,,,none,
415196,河南省,,,1,unresolved,none,0,,,,,,,,,,none,
417466,河南省,,,1,unresolved,none,0,,,,,,,,,,none,
419007,河南省,省直辖县级行政区划,沁阳市,1,historical_mapped,historical_crosswalk,90,410000,河南省,410800,焦作市,410882,沁阳市,410800,焦作市,prefecture,unique_exact_name,
419196,河南省,,,1,unresolved,none,0,,,,,,,,,,none,
420000,湖北省,,,1,current,current_code,100,420000,湖北省,,,,,,,,current_code,
420011,湖北省,,,1,unresolved,none,0,,,,,,,,,,none,
420096,湖北省,,,1,unresolved,none,0,,,,,,,,,,none,
420108,湖北省,武汉市,,1,partial,current_parent_code,60,420000,湖北省,420100,武汉市,,,420100,武汉市,prefecture,current_parent_code,
420118,湖北省,武汉市,,1,partial,current_parent_code,60,420000,湖北省,420100,武汉市,,,420100,武汉市,prefecture,current_parent_code,
420126,湖北省,武汉市,,1,partial,current_parent_code,60,420000,湖北省,420100,武汉市,,,420100,武汉市,prefecture,current_parent_code,
420146,湖北省,武汉市,,1,partial,current_parent_code,60,420000,湖北省,420100,武汉市,,,420100,武汉市,prefecture,current_parent_code,
420166,湖北省,武汉市,,1,partial,current_parent_code,60,420000,湖北省,420100,武汉市,,,420100,武汉市,prefecture,current_parent_code,
420206,湖北省,黄石市,,1,partial,current_parent_code,60,420000,湖北省,420200,黄石市,,,420200,黄石市,prefecture,current_parent_code,
420207,湖北省,黄石市,,1,partial,current_parent_code,60,420000,湖北省,420200,黄石市,,,420200,黄石市,prefecture,current_parent_code,
420219,湖北省,黄石市,,1,partial,current_parent_code,60,420000,湖北省,420200,黄石市,,,420200,黄石市,prefecture,current_parent_code,
420224,湖北省,黄石市,,1,partial,current_parent_code,60,420000,湖北省,420200,黄石市,,,420200,黄石市,prefecture,current_parent_code,
420231,湖北省,黄石市,,1,partial,current_parent_code,60,420000,湖北省,420200,黄石市,,,420200,黄石市,prefecture,current_parent_code,
420282,湖北省,黄石市,,1,partial,current_parent_code,60,420000,湖北省,420200,黄石市,,,420200,黄石市,prefecture,current_parent_code,
420301,湖北省,十堰市,,1,partial,current_parent_code,60,420000,湖北省,420300,十堰市,,,420300,十堰市,prefecture,current_parent_code,
420308,湖北省,十堰市,,1,partial,current_parent_code,60,420000,湖北省,420300,十堰市,,,420300,十堰市,prefecture,current_parent_code,
420330,湖北省,十堰市,,1,partial,current_parent_code,60,420000,湖北省,420300,十堰市,,,420300,十堰市,prefecture,current_parent_code,
420403,湖北省,沙市市,,1,unresolved,none,0,,,,,,,,,,none,
420406,湖北省,沙市市,,1,unresolved,none,0,,,,,,,,,,none,
420407,湖北省,沙市市,,1,unresolved,none,0,,,,,,,,,,none,
420421,湖北省,沙市市,,1,unresolved,none,0,,,,,,,,,,none,
420427,湖北省,沙市市,,1,unresolved,none,0,,,,,,,,,,none,
420429,湖北省,沙市市,,1,unresolved,none,0,,,,,,,,,,none,
420507,湖北省,宜昌市,,1,partial,current_parent_code,60,420000,湖北省,420500,宜昌市,,,420500,宜昌市,prefecture,current_parent_code,
420522,湖北省,宜昌市,,1,partial,current_parent_code,60,420000,湖北省,420500,宜昌市,,,420500,宜昌市,prefecture,current_parent_code,
420609,湖北省,襄阳市,,1,partial,current_parent_code,60,420000,湖北省,420600,襄阳市,,,420600,襄阳市,prefecture,current_parent_code,
420614,湖北省,襄阳市,,1,partial,current_parent_code,60,420000,湖北省,420600,襄阳市,,,420600,襄阳市,prefecture,current_parent_code,
420628,湖北省,襄阳市,,1,partial,current_parent_code,60,420000,湖北省,420600,襄阳市,,,420600,襄阳市,prefecture,current_parent_code,
420721,湖北省,鄂州市,,1,partial,current_parent_code,60,420000,湖北省,420700,鄂州市,,,420700,鄂州市,prefecture,current_parent_code,
420723,湖北省,鄂州市,,1,partial,current_parent_code,60,420000,湖北省,420700,鄂州市,,,420700,鄂州市,prefecture,current_parent_code,
420808,湖北省,荆门市,,1,partial,current_parent_code,60,420000,湖北省,420800,荆门市,,,420800,荆门市,prefecture,current_parent_code,
420828,湖北省,荆门市,,1,partial,current_parent_code,60,420000,湖北省,420800,荆门市,,,420800,荆门市,prefecture,current_parent_code,
420898,湖北省,荆门市,,1,partial,current_parent_code,60,420000,湖北省,420800,荆门市,,,420800,荆门市,prefecture,current_parent_code,
420904,湖北省,孝感市,,1,partial,current_parent_code,60,420000,湖北省,420900,孝感市,,,420900,孝感市,prefecture,current_parent_code,
420981,湖北省,孝感市,应城市,1,current,current_code,100,420000,湖北省,420900,孝感市,420981,应城市,420900,孝感市,prefecture,current_code,
421012,湖北省,荆州市,,1,partial,current_parent_code,60,420000,湖北省,421000,荆州市,,,421000,荆州市,prefecture,current_parent_code,
421016,湖北省,荆州市,,1,partial,current_parent_code,60,420000,湖北省,421000,荆州市,,,421000,荆州市,prefecture,current_parent_code,
421188,湖北省,黄冈市,,1,partial,current_parent_code,60,420000,湖北省,421100,黄冈市,,,421100,黄冈市,prefecture,current_parent_code,
422102,湖北省,黄冈地区,武穴市,1,historical_mapped,historical_crosswalk,90,420000,湖北省,421100,黄冈市,421182,武穴市,421100,黄冈市,prefecture,unique_exact_name_under_mapped_parent,
422106,湖北省,黄冈地区,,1,unresolved,none,0,,,,,,,,,,none,
422111,湖北省,黄冈地区,,1,unresolved,none,0,,,,,,,,,,none,
422114,湖北省,黄冈地区,,1,unresolved,none,0,,,,,,,,,,none,
422133,湖北省,黄冈地区,,1,unresolved,none,0,,,,,,,,,,none,
422188,湖北省,黄冈地区,,1,unresolved,none,0,,,,,,,,,,none,
422212,湖北省,孝感地区,,1,unresolved,none,0,,,,,,,,,,none,
422320,湖北省,咸宁地区,,1,unresolved,none,0,,,,,,,,,,none,
422330,湖北省,咸宁地区,,1,unresolved,none,0,,,,,,,,,,none,
422362,湖北省,咸宁地区,,1,unresolved,none,0,,,,,,,,,,none,
422402,湖北省,荆州地区,石首市,1,historical_mapped,historical_crosswalk,90,420000,湖北省,421000,荆州市,421081,石首市,421000,荆州市,prefecture,unique_exact_name_under_mapped_parent,
422405,湖北省,荆州地区,潜江市,1,historical_mapped,historical_crosswalk,90,420000,湖北省,,,429005,潜江市,429005,潜江市,province_direct_county,unique_exact_name,
422409,湖北省,荆州地区,,1,unresolved,none,0,,,,,,,,,,none,
422436,湖北省,荆州地区,,1,unresolved,none,0,,,,,,,,,,none,
422704,湖北省,宜昌地区,,1,unresolved,none,0,,,,,,,,,,none,
422730,湖北省,宜昌地区,,1,unresolved,none,0,,,,,,,,,,none,
422800,湖北省,恩施土家族苗族自治州,,1,current,current_code,100,420000,湖北省,422800,恩施土家族苗族自治州,,,422800,恩施土家族苗族自治州,prefecture,current_code,
423622,湖北省,,,1,unresolved,none,0,,,,,,,,,,none,
423701,湖北省,,,1,unresolved,none,0,,,,,,,,,,none,
423901,湖北省,,,1,unresolved,none,0,,,,,,,,,,none,
427004,湖北省,,,1,unresolved,none,0,,,,,,,,,,none,
427933,湖北省,,,1,unresolved,none,0,,,,,,,,,,none,
429009,湖北省,省直辖县级行政区划,应城市,1,historical_mapped,historical_crosswalk,90,420000,湖北省,420900,孝感市,420981,应城市,420900,孝感市,prefecture,unique_exact_name,
429024,湖北省,省直辖县级行政区划,,1,unresolved,none,0,,,,,,,,,,none,
430021,湖南省,,,1,unresolved,none,0,,,,,,,,,,none,
430100,湖南省,长沙市,,1,current,current_code,100,430000,湖南省,430100,长沙市,,,430100,长沙市,prefecture,current_code,
430109,湖南省,长沙市,,1,partial,current_parent_code,60,430000,湖南省,430100,长沙市,,,430100,长沙市,prefecture,current_parent_code,
430125,湖南省,长沙市,,1,partial,current_parent_code,60,430000,湖南省,430100,长沙市,,,430100,长沙市,prefecture,current_parent_code,
430128,湖南省,长沙市,,1,partial,current_parent_code,60,430000,湖南省,430100,长沙市,,,430100,长沙市,prefecture,current_parent_code,
430136,湖南省,长沙市,,1,partial,current_parent_code,60,430000,湖南省,430100,长沙市,,,430100,长沙市,prefecture,current_parent_code,
430200,湖南省,株洲市,,1,current,current_code,100,430000,湖南省,430200,株洲市,,,430200,株洲市,prefecture,current_code,
430207,湖南省,株洲市,,1,partial,current_parent_code,60,430000,湖南省,430200,株洲市,,,430200,株洲市,prefecture,current_parent_code,
430212,湖南省,株洲市,渌口区,1,current,current_code,100,430000,湖南省,430200,株洲市,430212,渌口区,430200,株洲市,prefecture,current_code,
430220,湖南省,株洲市,,1,partial,current_parent_code,60,430000,湖南省,430200,株洲市,,,430200,株洲市,prefecture,current_parent_code,
430231,湖南省,株洲市,,1,partial,current_parent_code,60,430000,湖南省,430200,株洲市,,,430200,株洲市,prefecture,current_parent_code,
430242,湖南省,株洲市,,1,partial,current_parent_code,60,430000,湖南省,430200,株洲市,,,430200,株洲市,prefecture,current_parent_code,
430247,湖南省,株洲市,,1,partial,current_parent_code,60,430000,湖南省,430200,株洲市,,,430200,株洲市,prefecture,current_parent_code,
430325,湖南省,湘潭市,,1,partial,current_parent_code,60,430000,湖南省,430300,湘潭市,,,430300,湘潭市,prefecture,current_parent_code,
430400,湖南省,衡阳市,,1,current,current_code,100,430000,湖南省,430400,衡阳市,,,430400,衡阳市,prefecture,current_code,
430409,湖南省,衡阳市,,1,partial,current_parent_code,60,430000,湖南省,430400,衡阳市,,,430400,衡阳市,prefecture,current_parent_code,
430428,湖南省,衡阳市,,1,partial,current_parent_code,60,430000,湖南省,430400,衡阳市,,,430400,衡阳市,prefecture,current_parent_code,
430429,湖南省,衡阳市,,1,partial,current_parent_code,60,430000,湖南省,430400,衡阳市,,,430400,衡阳市,prefecture,current_parent_code,
430430,湖南省,衡阳市,,1,partial,current_parent_code,60,430000,湖南省,430400,衡阳市,,,430400,衡阳市,prefecture,current_parent_code,
430498,湖南省,衡阳市,,1,partial,current_parent_code,60,430000,湖南省,430400,衡阳市,,,430400,衡阳市,prefecture,current_parent_code,
430532,湖南省,邵阳市,,1,partial,current_parent_code,60,430000,湖南省,430500,邵阳市,,,430500,邵阳市,prefecture,current_parent_code,
430600,湖南省,岳阳市,,1,current,current_code,100,430000,湖南省,430600,岳阳市,,,430600,岳阳市,prefecture,current_code,
430619,湖南省,岳阳市,,1,partial,current_parent_code,60,430000,湖南省,430600,岳阳市,,,430600,岳阳市,prefecture,current_parent_code,
430700,湖南省,常德市,,1,current,current_code,100,430000,湖南省,430700,常德市,,,430700,常德市,prefecture,current_code,
430701,湖南省,常德市,,1,partial,current_parent_code,60,430000,湖南省,430700,常德市,,,430700,常德市,prefecture,current_parent_code,
430728,湖南省,常德市,,1,partial,current_parent_code,60,430000,湖南省,430700,常德市,,,430700,常德市,prefecture,current_parent_code,
430800,湖南省,张家界市,,1,current,current_code,100,430000,湖南省,430800,张家界市,,,430800,张家界市,prefecture,current_code,
430836,湖南省,张家界市,,1,partial,current_parent_code,60,430000,湖南省,430800,张家界市,,,430800,张家界市,prefecture,current_parent_code,
430920,湖南省,益阳市,,1,partial,current_parent_code,60,430000,湖南省,430900,益阳市,,,430900,益阳市,prefecture,current_parent_code,
430924,湖南省,益阳市,,1,partial,current_parent_code,60,430000,湖南省,430900,益阳市,,,430900,益阳市,prefecture,current_parent_code,
430931,湖南省,益阳市,,1,partial,current_parent_code,60,430000,湖南省,430900,益阳市,,,430900,益阳市,prefecture,current_parent_code,
431008,湖南省,郴州市,,1,partial,current_parent_code,60,430000,湖南省,431000,郴州市,,,431000,郴州市,prefecture,current_parent_code,
431020,湖南省,郴州市,,1,partial,current_parent_code,60,430000,湖南省,431000,郴州市,,,431000,郴州市,prefecture,current_parent_code,
431111,湖南省,永州市,,1,partial,current_parent_code,60,430000,湖南省,431100,永州市,,,431100,永州市,prefecture,current_parent_code,
431801,湖南省,,,1,unresolved,none,0,,,,,,,,,,none,
431802,湖南省,,,1,unresolved,none,0,,,,,,,,,,none,
432024,湖南省,,,1,unresolved,none,0,,,,,,,,,,none,
432129,湖南省,湘潭地区,,1,unresolved,none,0,,,,,,,,,,none,
432232,湖南省,岳阳地区,,1,unresolved,none,0,,,,,,,,,,none,
432287,湖南省,岳阳地区,,1,unresolved,none,0,,,,,,,,,,none,
432315,湖南省,益阳地区,,1,unresolved,none,0,,,,,,,,,,none,
432324,湖南省,益阳地区,宁乡县,1,historical_mapped,historical_crosswalk,85,430000,湖南省,430100,长沙市,430182,宁乡市,430100,长沙市,prefecture,unique_canonical_name,
432327,湖南省,益阳地区,,1,unresolved,none,0,,,,,,,,,,none,
432328,湖南省,益阳地区,,1,unresolved,none,0,,,,,,,,,,none,
432335,湖南省,益阳地区,,1,unresolved,none,0,,,,,,,,,,none,
432351,湖南省,益阳地区,,1,unresolved,none,0,,,,,,,,,,none,
432375,湖南省,益阳地区,,1,unresolved,none,0,,,,,,,,,,none,
432411,湖南省,常德地区,,1,unresolved,none,0,,,,,,,,,,none,
432419,湖南省,常德地区,,1,unresolved,none,0,,,,,,,,,,none,
432429,湖南省,常德地区,,1,unresolved,none,0,,,,,,,,,,none,
432431,湖南省,常德地区,,1,unresolved,none,0,,,,,,,,,,none,
432507,湖南省,娄底地区,,1,unresolved,none,0,,,,,,,,,,none,
432521,湖南省,娄底地区,涟源县,1,historical_mapped,historical_crosswalk,85,430000,湖南省,431300,娄底市,431382,涟源市,431300,娄底市,prefecture,unique_canonical_name,
432523,湖南省,娄底地区,邵东县,1,historical_mapped,historical_crosswalk,85,430000,湖南省,430500,邵阳市,430582,邵东市,430500,邵阳市,prefecture,unique_canonical_name,
432525,湖南省,娄底地区,新邵县,1,historical_mapped,historical_crosswalk,90,430000,湖南省,430500,邵阳市,430522,新邵县,430500,邵阳市,prefecture,unique_exact_name,
432526,湖南省,娄底地区,,1,unresolved,none,0,,,,,,,,,,none,
432562,湖南省,娄底地区,,1,unresolved,none,0,,,,,,,,,,none,
432578,湖南省,娄底地区,,1,unresolved,none,0,,,,,,,,,,none,
432602,湖南省,邵阳地区,,1,unresolved,none,0,,,,,,,,,,none,
432810,湖南省,郴州地区,,1,unresolved,none,0,,,,,,,,,,none,
432825,湖南省,郴州地区,资兴县,1,historical_mapped,historical_crosswalk,85,430000,湖南省,431000,郴州市,431081,资兴市,431000,郴州市,prefecture,unique_canonical_name_under_mapped_parent,
432841,湖南省,郴州地区,,1,unresolved,none,0,,,,,,,,,,none,
433000,湖南省,怀化地区,,1,ambiguous,historical_crosswalk,100,,,,,,,,,,historical_code_reused,431200
433003,湖南省,怀化地区,,1,unresolved,none,0,,,,,,,,,,none,
433007,湖南省,怀化地区,,1,unresolved,none,0,,,,,,,,,,none,
433015,湖南省,怀化地区,,1,unresolved,none,0,,,,,,,,,,none,
433016,湖南省,怀化地区,,1,unresolved,none,0,,,,,,,,,,none,
433072,湖南省,怀化地区,,1,unresolved,none,0,,,,,,,,,,none,
433221,湖南省,,,1,unresolved,none,0,,,,,,,,,,none,
433227,湖南省,,,1,unresolved,none,0,,,,,,,,,,none,
433230,湖南省,,,1,unresolved,none,0,,,,,,,,,,none,
433625,湖南省,,,1,unresolved,none,0,,,,,,,,,,none,
434023,湖南省,,,1,unresolved,none,0,,,,,,,,,,none,
434081,湖南省,,,1,unresolved,none,0,,,,,,,,,,none,
435026,湖南省,,,1,unresolved,none,0,,,,,,,,,,none,
435050,湖南省,,,1,unresolved,none,0,,,,,,,,,,none,
439001,湖南省,湖南省直辖县级行政区划,醴陵市,1,historical_mapped,historical_crosswalk,90,430000,湖南省,430200,株洲市,430281,醴陵市,430200,株洲市,prefecture,unique_exact_name,
439021,湖南省,湖南省直辖县级行政区划,,1,unresolved,none,0,,,,,,,,,,none,
440100,广东省,广州市,,1,current,current_code,100,440000,广东省,440100,广州市,,,440100,广州市,prefecture,current_code,
440117,广东省,广州市,从化区,1,current,current_code,100,440000,广东省,440100,广州市,440117,从化区,440100,广州市,prefecture,current_code,
440145,广东省,广州市,,1,partial,current_parent_code,60,440000,广东省,440100,广州市,,,440100,广州市,prefecture,current_parent_code,
440165,广东省,广州市,,1,partial,current_parent_code,60,440000,广东省,440100,广州市,,,440100,广州市,prefecture,current_parent_code,
440166,广东省,广州市,,1,partial,current_parent_code,60,440000,广东省,440100,广州市,,,440100,广州市,prefecture,current_parent_code,
440207,广东省,韶关市,,1,partial,current_parent_code,60,440000,广东省,440200,韶关市,,,440200,韶关市,prefecture,current_parent_code,
440208,广东省,韶关市,,1,partial,current_parent_code,60,440000,广东省,440200,韶关市,,,440200,韶关市,prefecture,current_parent_code,
440264,广东省,韶关市,,1,partial,current_parent_code,60,440000,广东省,440200,韶关市,,,440200,韶关市,prefecture,current_parent_code,
440404,广东省,珠海市,金湾区,1,current,current_code,100,440000,广东省,440400,珠海市,440404,金湾区,440400,珠海市,prefecture,current_code,
440422,广东省,珠海市,,1,partial,current_parent_code,60,440000,广东省,440400,珠海市,,,440400,珠海市,prefecture,current_parent_code,
440515,广东省,汕头市,澄海区,1,current,current_code,100,440000,广东省,440500,汕头市,440515,澄海区,440500,汕头市,prefecture,current_code,
440542,广东省,汕头市,,1,partial,current_parent_code,60,440000,广东省,440500,汕头市,,,440500,汕头市,prefecture,current_parent_code,
440606,广东省,佛山市,顺德区,1,current,current_code,100,440000,广东省,440600,佛山市,440606,顺德区,440600,佛山市,prefecture,current_code,
440607,广东省,佛山市,三水区,1,current,current_code,100,440000,广东省,440600,佛山市,440607,三水区,440600,佛山市,prefecture,current_code,
440613,广东省,佛山市,,1,partial,current_parent_code,60,440000,广东省,440600,佛山市,,,440600,佛山市,prefecture,current_parent_code,
440626,广东省,佛山市,,1,partial,current_parent_code,60,440000,广东省,440600,佛山市,,,440600,佛山市,prefecture,current_parent_code,
440705,广东省,江门市,新会区,1,current,current_code,100,440000,广东省,440700,江门市,440705,新会区,440700,江门市,prefecture,current_code,
440904,广东省,茂名市,电白区,1,current,current_code,100,440000,广东省,440900,茂名市,440904,电白区,440900,茂名市,prefecture,current_code,
440906,广东省,茂名市,,1,partial,current_parent_code,60,440000,广东省,440900,茂名市,,,440900,茂名市,prefecture,current_parent_code,
441024,广东省,海口市,,1,unresolved,none,0,,,,,,,,,,none,
441318,广东省,惠州市,,1,partial,current_parent_code,60,440000,广东省,441300,惠州市,,,441300,惠州市,prefecture,current_parent_code,
441328,广东省,惠州市,,1,partial,current_parent_code,60,440000,广东省,441300,惠州市,,,441300,惠州市,prefecture,current_parent_code,
441428,广东省,梅州市,,1,partial,current_parent_code,60,440000,广东省,441400,梅州市,,,441400,梅州市,prefecture,current_parent_code,
441429,广东省,梅州市,,1,partial,current_parent_code,60,440000,广东省,441400,梅州市,,,441400,梅州市,prefecture,current_parent_code,
441500,广东省,汕尾市,,1,current,current_code,100,440000,广东省,441500,汕尾市,,,441500,汕尾市,prefecture,current_code,
441520,广东省,汕尾市,,1,partial,current_parent_code,60,440000,广东省,441500,汕尾市,,,441500,汕尾市,prefecture,current_parent_code,
441554,广东省,汕尾市,,1,partial,current_parent_code,60,440000,广东省,441500,汕尾市,,,441500,汕尾市,prefecture,current_parent_code,
441626,广东省,河源市,,1,partial,current_parent_code,60,440000,广东省,441600,河源市,,,441600,河源市,prefecture,current_parent_code,
441709,广东省,阳江市,,1,partial,current_parent_code,60,440000,广东省,441700,阳江市,,,441700,阳江市,prefecture,current_parent_code,
441787,广东省,阳江市,,1,partial,current_parent_code,60,440000,广东省,441700,阳江市,,,441700,阳江市,prefecture,current_parent_code,
441792,广东省,阳江市,,1,partial,current_parent_code,60,440000,广东省,441700,阳江市,,,441700,阳江市,prefecture,current_parent_code,
441812,广东省,清远市,,1,partial,current_parent_code,60,440000,广东省,441800,清远市,,,441800,清远市,prefecture,current_parent_code,
442101,广东省,海南行政区,海口市,1,ambiguous,historical_crosswalk,100,,,,,,,,,,cross_province_exact_name_requires_review,
442122,广东省,海南行政区,文昌县,1,ambiguous,historical_crosswalk,100,,,,,,,,,,cross_province_canonical_name_requires_review,
442128,广东省,海南行政区,临高县,1,ambiguous,historical_crosswalk,100,,,,,,,,,,cross_province_exact_name_requires_review,
442224,广东省,海南黎族苗族自治州,琼中县,1,partial,historical_crosswalk,70,440000,广东省,,,,,,,,mapped_parent_only,
442228,广东省,海南黎族苗族自治州,昌江县,1,ambiguous,historical_crosswalk,100,,,,,,,,,,cross_province_canonical_name_requires_review,
442423,广东省,梅县地区,丰顺县,1,historical_mapped,historical_crosswalk,90,440000,广东省,441400,梅州市,441423,丰顺县,441400,梅州市,prefecture,unique_exact_name,
442442,广东省,梅县地区,,1,unresolved,none,0,,,,,,,,,,none,
442502,广东省,惠阳地区,东莞市,1,partial,historical_crosswalk,90,440000,广东省,441900,东莞市,,,441900,东莞市,prefecture,unique_exact_name,
442922,广东省,湛江地区,阳春县,1,historical_mapped,historical_crosswalk,85,440000,广东省,441700,阳江市,441781,阳春市,441700,阳江市,prefecture,unique_canonical_name,
445015,广东省,,,1,unresolved,none,0,,,,,,,,,,none,
445211,广东省,揭阳市,,1,partial,current_parent_code,60,440000,广东省,445200,揭阳市,,,445200,揭阳市,prefecture,current_parent_code,
445267,广东省,揭阳市,,1,partial,current_parent_code,60,440000,广东省,445200,揭阳市,,,445200,揭阳市,prefecture,current_parent_code,
450108,广西壮族自治区,南宁市,良庆区,1,current,current_code,100,450000,广西壮族自治区,450100,南宁市,450108,良庆区,450100,南宁市,prefecture,current_code,
450127,广西壮族自治区,南宁市,横县,1,ambiguous,historical_crosswalk,100,,,,,,,,,,historical_code_reused,
450181,广西壮族自治区,南宁市,横州市,1,current,current_code,100,450000,广西壮族自治区,450100,南宁市,450181,横州市,450100,南宁市,prefecture,current_code,
450223,广西壮族自治区,柳州市,鹿寨县,1,current,current_code,100,450000,广西壮族自治区,450200,柳州市,450223,鹿寨县,450200,柳州市,prefecture,current_code,
450700,广西壮族自治区,钦州市,,1,current,current_code,100,450000,广西壮族自治区,450700,钦州市,,,450700,钦州市,prefecture,current_code,
450726,广西壮族自治区,钦州市,,1,partial,current_parent_code,60,450000,广西壮族自治区,450700,钦州市,,,450700,钦州市,prefecture,current_parent_code,
450727,广西壮族自治区,钦州市,,1,partial,current_parent_code,60,450000,广西壮族自治区,450700,钦州市,,,450700,钦州市,prefecture,current_parent_code,
450800,广西壮族自治区,贵港市,,1,current,current_code,100,450000,广西壮族自治区,450800,贵港市,,,450800,贵港市,prefecture,current_code,
450804,广西壮族自治区,贵港市,覃塘区,1,current,current_code,100,450000,广西壮族自治区,450800,贵港市,450804,覃塘区,450800,贵港市,prefecture,current_code,
451021,广西壮族自治区,百色市,田阳县,1,historical_mapped,historical_crosswalk,85,450000,广西壮族自治区,451000,百色市,451003,田阳区,451000,百色市,prefecture,unique_canonical_name_under_mapped_parent,
451023,广西壮族自治区,百色市,平果县,1,historical_mapped,historical_crosswalk,85,450000,广西壮族自治区,451000,百色市,451082,平果市,451000,百色市,prefecture,unique_canonical_name_under_mapped_parent,
451027,广西壮族自治区,百色市,凌云县,1,current,current_code,100,450000,广西壮族自治区,451000,百色市,451027,凌云县,451000,百色市,prefecture,current_code,
451202,广西壮族自治区,河池市,金城江区,1,current,current_code,100,450000,广西壮族自治区,451200,河池市,451202,金城江区,451200,河池市,prefecture,current_code,
451222,广西壮族自治区,河池市,天峨县,1,current,current_code,100,450000,广西壮族自治区,451200,河池市,451222,天峨县,451200,河池市,prefecture,current_code,
451223,广西壮族自治区,河池市,凤山县,1,current,current_code,100,450000,广西壮族自治区,451200,河池市,451223,凤山县,451200,河池市,prefecture,current_code,
451225,广西壮族自治区,河池市,罗城仫佬族自治县,1,current,current_code,100,450000,广西壮族自治区,451200,河池市,451225,罗城仫佬族自治县,451200,河池市,prefecture,current_code,
451322,广西壮族自治区,来宾市,象州县,1,current,current_code,100,450000,广西壮族自治区,451300,来宾市,451322,象州县,451300,来宾市,prefecture,current_code,
452112,广西壮族自治区,南宁地区,,1,unresolved,none,0,,,,,,,,,,none,
452196,广西壮族自治区,南宁地区,,1,unresolved,none,0,,,,,,,,,,none,
452222,广西壮族自治区,柳州地区,柳城县,1,historical_mapped,historical_crosswalk,90,450000,广西壮族自治区,450200,柳州市,450222,柳城县,450200,柳州市,prefecture,unique_exact_name_under_mapped_parent,
452782,广西壮族自治区,河池地区,,1,unresolved,none,0,,,,,,,,,,none,
453048,广西壮族自治区,,,1,unresolved,none,0,,,,,,,,,,none,
453328,广西壮族自治区,,,1,unresolved,none,0,,,,,,,,,,none,
460009,海南省,海南省直辖县级行政区划,,1,unresolved,none,0,,,,,,,,,,none,
460017,海南省,海南省直辖县级行政区划,,1,unresolved,none,0,,,,,,,,,,none,
460037,海南省,海南省直辖县级行政区划,,1,unresolved,none,0,,,,,,,,,,none,
460038,海南省,海南省直辖县级行政区划,,1,unresolved,none,0,,,,,,,,,,none,
460106,海南省,海口市,龙华区,1,current,current_code,100,460000,海南省,460100,海口市,460106,龙华区,460100,海口市,prefecture,current_code,
460222,海南省,三亚市,,1,partial,current_parent_code,60,460000,海南省,460200,三亚市,,,460200,三亚市,prefecture,current_parent_code,
461036,海南省,,,1,unresolved,none,0,,,,,,,,,,none,
461202,海南省,,,1,unresolved,none,0,,,,,,,,,,none,
462528,海南省,,,1,unresolved,none,0,,,,,,,,,,none,
464441,海南省,,,1,unresolved,none,0,,,,,,,,,,none,
465177,海南省,,,1,unresolved,none,0,,,,,,,,,,none,
466654,海南省,,,1,unresolved,none,0,,,,,,,,,,none,
469007,海南省,省直辖县级行政区划,东方市,1,current,current_code,100,460000,海南省,,,469007,东方市,469007,东方市,province_direct_county,current_code,
469021,海南省,省直辖县级行政区划,定安县,1,current,current_code,100,460000,海南省,,,469021,定安县,469021,定安县,province_direct_county,current_code,
469029,海南省,省直辖县级行政区划,保亭黎族苗族自治县,1,current,current_code,100,460000,海南省,,,469029,保亭黎族苗族自治县,469029,保亭黎族苗族自治县,province_direct_county,current_code,
469030,海南省,省直辖县级行政区划,琼中黎族苗族自治县,1,current,current_code,100,460000,海南省,,,469030,琼中黎族苗族自治县,469030,琼中黎族苗族自治县,province_direct_county,current_code,
500023,重庆市,重庆市,,1,partial,current_parent_code,60,500000,重庆市,,,,,500000,重庆市,municipality,current_parent_code,
500116,重庆市,重庆市,江津区,1,current,current_code,100,500000,重庆市,,,500116,江津区,500000,重庆市,municipality,current_code,
500131,重庆市,重庆市,,1,partial,current_parent_code,60,500000,重庆市,,,,,500000,重庆市,municipality,current_parent_code,
500255,重庆市,重庆市,,1,partial,current_parent_code,60,500000,重庆市,,,,,500000,重庆市,municipality,current_parent_code,
500338,重庆市,涪陵市,,1,partial,current_parent_code,60,500000,重庆市,,,,,500000,重庆市,municipality,current_parent_code,
500824,重庆市,,,1,partial,current_parent_code,60,500000,重庆市,,,,,500000,重庆市,municipality,current_parent_code,
500881,重庆市,,,1,partial,current_parent_code,60,500000,重庆市,,,,,500000,重庆市,municipality,current_parent_code,
501411,重庆市,,,1,partial,current_parent_code,60,500000,重庆市,,,,,500000,重庆市,municipality,current_parent_code,
501922,重庆市,,,1,partial,current_parent_code,60,500000,重庆市,,,,,500000,重庆市,municipality,current_parent_code,
502925,重庆市,,,1,partial,current_parent_code,60,500000,重庆市,,,,,500000,重庆市,municipality,current_parent_code,
503001,重庆市,,,1,partial,current_parent_code,60,500000,重庆市,,,,,500000,重庆市,municipality,current_parent_code,
503425,重庆市,,,1,partial,current_parent_code,60,500000,重庆市,,,,,500000,重庆市,municipality,current_parent_code,
510003,四川省,,,1,unresolved,none,0,,,,,,,,,,none,
510006,四川省,,,1,unresolved,none,0,,,,,,,,,,none,
510012,四川省,,,1,unresolved,none,0,,,,,,,,,,none,
510022,四川省,,,1,unresolved,none,0,,,,,,,,,,none,
510025,四川省,,,1,unresolved,none,0,,,,,,,,,,none,
510142,四川省,成都市,,1,partial,current_parent_code,60,510000,四川省,510100,成都市,,,510100,成都市,prefecture,current_parent_code,
510155,四川省,成都市,,1,partial,current_parent_code,60,510000,四川省,510100,成都市,,,510100,成都市,prefecture,current_parent_code,
510159,四川省,成都市,,1,partial,current_parent_code,60,510000,四川省,510100,成都市,,,510100,成都市,prefecture,current_parent_code,
510162,四川省,成都市,,1,partial,current_parent_code,60,510000,四川省,510100,成都市,,,510100,成都市,prefecture,current_parent_code,
510180,四川省,成都市,,1,partial,current_parent_code,60,510000,四川省,510100,成都市,,,510100,成都市,prefecture,current_parent_code,
510185,四川省,成都市,简阳市,1,current,current_code,100,510000,四川省,510100,成都市,510185,简阳市,510100,成都市,prefecture,current_code,
510190,四川省,成都市,,1,partial,current_parent_code,60,510000,四川省,510100,成都市,,,510100,成都市,prefecture,current_parent_code,
510204,四川省,重庆市,,1,unresolved,none,0,,,,,,,,,,none,
510205,四川省,重庆市,,1,unresolved,none,0,,,,,,,,,,none,
510206,四川省,重庆市,,1,unresolved,none,0,,,,,,,,,,none,
510207,四川省,重庆市,,1,unresolved,none,0,,,,,,,,,,none,
510208,四川省,重庆市,,1,unresolved,none,0,,,,,,,,,,none,
510237,四川省,重庆市,,1,unresolved,none,0,,,,,,,,,,none,
510240,四川省,重庆市,,1,unresolved,none,0,,,,,,,,,,none,
510246,四川省,重庆市,,1,unresolved,none,0,,,,,,,,,,none,
510251,四川省,重庆市,,1,unresolved,none,0,,,,,,,,,,none,
510252,四川省,重庆市,,1,unresolved,none,0,,,,,,,,,,none,
510254,四川省,重庆市,,1,unresolved,none,0,,,,,,,,,,none,
510256,四川省,重庆市,,1,unresolved,none,0,,,,,,,,,,none,
510276,四川省,重庆市,,1,unresolved,none,0,,,,,,,,,,none,
510290,四川省,重庆市,,1,unresolved,none,0,,,,,,,,,,none,
510293,四川省,重庆市,,1,unresolved,none,0,,,,,,,,,,none,
510307,四川省,自贡市,,1,partial,current_parent_code,60,510000,四川省,510300,自贡市,,,510300,自贡市,prefecture,current_parent_code,
510312,四川省,自贡市,,1,partial,current_parent_code,60,510000,四川省,510300,自贡市,,,510300,自贡市,prefecture,current_parent_code,
510324,四川省,自贡市,,1,partial,current_parent_code,60,510000,四川省,510300,自贡市,,,510300,自贡市,prefecture,current_parent_code,
510325,四川省,自贡市,,1,partial,current_parent_code,60,510000,四川省,510300,自贡市,,,510300,自贡市,prefecture,current_parent_code,
510327,四川省,自贡市,,1,partial,current_parent_code,60,510000,四川省,510300,自贡市,,,510300,自贡市,prefecture,current_parent_code,
510328,四川省,自贡市,,1,partial,current_parent_code,60,510000,四川省,510300,自贡市,,,510300,自贡市,prefecture,current_parent_code,
510331,四川省,自贡市,,1,partial,current_parent_code,60,510000,四川省,510300,自贡市,,,510300,自贡市,prefecture,current_parent_code,
510332,四川省,自贡市,,1,partial,current_parent_code,60,510000,四川省,510300,自贡市,,,510300,自贡市,prefecture,current_parent_code,
510344,四川省,自贡市,,1,partial,current_parent_code,60,510000,四川省,510300,自贡市,,,510300,自贡市,prefecture,current_parent_code,
510382,四川省,自贡市,,1,partial,current_parent_code,60,510000,四川省,510300,自贡市,,,510300,自贡市,prefecture,current_parent_code,
510404,四川省,攀枝花市,,1,partial,current_parent_code,60,510000,四川省,510400,攀枝花市,,,510400,攀枝花市,prefecture,current_parent_code,
510426,四川省,攀枝花市,,1,partial,current_parent_code,60,510000,四川省,510400,攀枝花市,,,510400,攀枝花市,prefecture,current_parent_code,
510431,四川省,攀枝花市,,1,partial,current_parent_code,60,510000,四川省,510400,攀枝花市,,,510400,攀枝花市,prefecture,current_parent_code,
510452,四川省,攀枝花市,,1,partial,current_parent_code,60,510000,四川省,510400,攀枝花市,,,510400,攀枝花市,prefecture,current_parent_code,
510471,四川省,攀枝花市,,1,partial,current_parent_code,60,510000,四川省,510400,攀枝花市,,,510400,攀枝花市,prefecture,current_parent_code,
510482,四川省,攀枝花市,,1,partial,current_parent_code,60,510000,四川省,510400,攀枝花市,,,510400,攀枝花市,prefecture,current_parent_code,
510527,四川省,泸州市,,1,partial,current_parent_code,60,510000,四川省,510500,泸州市,,,510500,泸州市,prefecture,current_parent_code,
510531,四川省,泸州市,,1,partial,current_parent_code,60,510000,四川省,510500,泸州市,,,510500,泸州市,prefecture,current_parent_code,
510532,四川省,泸州市,,1,partial,current_parent_code,60,510000,四川省,510500,泸州市,,,510500,泸州市,prefecture,current_parent_code,
510534,四川省,泸州市,,1,partial,current_parent_code,60,510000,四川省,510500,泸州市,,,510500,泸州市,prefecture,current_parent_code,
510535,四川省,泸州市,,1,partial,current_parent_code,60,510000,四川省,510500,泸州市,,,510500,泸州市,prefecture,current_parent_code,
510604,四川省,德阳市,罗江区,1,current,current_code,100,510000,四川省,510600,德阳市,510604,罗江区,510600,德阳市,prefecture,current_code,
510611,四川省,德阳市,,1,partial,current_parent_code,60,510000,四川省,510600,德阳市,,,510600,德阳市,prefecture,current_parent_code,
510617,四川省,德阳市,,1,partial,current_parent_code,60,510000,四川省,510600,德阳市,,,510600,德阳市,prefecture,current_parent_code,
510629,四川省,德阳市,,1,partial,current_parent_code,60,510000,四川省,510600,德阳市,,,510600,德阳市,prefecture,current_parent_code,
510633,四川省,德阳市,,1,partial,current_parent_code,60,510000,四川省,510600,德阳市,,,510600,德阳市,prefecture,current_parent_code,
510651,四川省,德阳市,,1,partial,current_parent_code,60,510000,四川省,510600,德阳市,,,510600,德阳市,prefecture,current_parent_code,
510669,四川省,德阳市,,1,partial,current_parent_code,60,510000,四川省,510600,德阳市,,,510600,德阳市,prefecture,current_parent_code,
510707,四川省,绵阳市,,1,partial,current_parent_code,60,510000,四川省,510700,绵阳市,,,510700,绵阳市,prefecture,current_parent_code,
510735,四川省,绵阳市,,1,partial,current_parent_code,60,510000,四川省,510700,绵阳市,,,510700,绵阳市,prefecture,current_parent_code,
510800,四川省,广元市,,1,current,current_code,100,510000,四川省,510800,广元市,,,510800,广元市,prefecture,current_code,
510801,四川省,广元市,,1,partial,current_parent_code,60,510000,四川省,510800,广元市,,,510800,广元市,prefecture,current_parent_code,
510803,四川省,广元市,,1,partial,current_parent_code,60,510000,四川省,510800,广元市,,,510800,广元市,prefecture,current_parent_code,
510804,四川省,广元市,,1,partial,current_parent_code,60,510000,四川省,510800,广元市,,,510800,广元市,prefecture,current_parent_code,
510807,四川省,广元市,,1,partial,current_parent_code,60,510000,四川省,510800,广元市,,,510800,广元市,prefecture,current_parent_code,
510808,四川省,广元市,,1,partial,current_parent_code,60,510000,四川省,510800,广元市,,,510800,广元市,prefecture,current_parent_code,
510810,四川省,广元市,,1,partial,current_parent_code,60,510000,四川省,510800,广元市,,,510800,广元市,prefecture,current_parent_code,
510908,四川省,遂宁市,,1,partial,current_parent_code,60,510000,四川省,510900,遂宁市,,,510900,遂宁市,prefecture,current_parent_code,
510909,四川省,遂宁市,,1,partial,current_parent_code,60,510000,四川省,510900,遂宁市,,,510900,遂宁市,prefecture,current_parent_code,
510912,四川省,遂宁市,,1,partial,current_parent_code,60,510000,四川省,510900,遂宁市,,,510900,遂宁市,prefecture,current_parent_code,
510920,四川省,遂宁市,,1,partial,current_parent_code,60,510000,四川省,510900,遂宁市,,,510900,遂宁市,prefecture,current_parent_code,
510982,四川省,遂宁市,,1,partial,current_parent_code,60,510000,四川省,510900,遂宁市,,,510900,遂宁市,prefecture,current_parent_code,
511006,四川省,内江市,,1,partial,current_parent_code,60,510000,四川省,511000,内江市,,,511000,内江市,prefecture,current_parent_code,
511014,四川省,内江市,,1,partial,current_parent_code,60,510000,四川省,511000,内江市,,,511000,内江市,prefecture,current_parent_code,
511018,四川省,内江市,,1,partial,current_parent_code,60,510000,四川省,511000,内江市,,,511000,内江市,prefecture,current_parent_code,
511032,四川省,内江市,,1,partial,current_parent_code,60,510000,四川省,511000,内江市,,,511000,内江市,prefecture,current_parent_code,
511060,四川省,内江市,,1,partial,current_parent_code,60,510000,四川省,511000,内江市,,,511000,内江市,prefecture,current_parent_code,
511062,四川省,内江市,,1,partial,current_parent_code,60,510000,四川省,511000,内江市,,,511000,内江市,prefecture,current_parent_code,
511076,四川省,内江市,,1,partial,current_parent_code,60,510000,四川省,511000,内江市,,,511000,内江市,prefecture,current_parent_code,
511078,四川省,内江市,,1,partial,current_parent_code,60,510000,四川省,511000,内江市,,,511000,内江市,prefecture,current_parent_code,
511100,四川省,乐山市,,1,current,current_code,100,510000,四川省,511100,乐山市,,,511100,乐山市,prefecture,current_code,
511103,四川省,乐山市,,1,partial,current_parent_code,60,510000,四川省,511100,乐山市,,,511100,乐山市,prefecture,current_parent_code,
511105,四川省,乐山市,,1,partial,current_parent_code,60,510000,四川省,511100,乐山市,,,511100,乐山市,prefecture,current_parent_code,
511107,四川省,乐山市,,1,partial,current_parent_code,60,510000,四川省,511100,乐山市,,,511100,乐山市,prefecture,current_parent_code,
511110,四川省,乐山市,,1,partial,current_parent_code,60,510000,四川省,511100,乐山市,,,511100,乐山市,prefecture,current_parent_code,
511116,四川省,乐山市,,1,partial,current_parent_code,60,510000,四川省,511100,乐山市,,,511100,乐山市,prefecture,current_parent_code,
511136,四川省,乐山市,,1,partial,current_parent_code,60,510000,四川省,511100,乐山市,,,511100,乐山市,prefecture,current_parent_code,
511137,四川省,乐山市,,1,partial,current_parent_code,60,510000,四川省,511100,乐山市,,,511100,乐山市,prefecture,current_parent_code,
511138,四川省,乐山市,,1,partial,current_parent_code,60,510000,四川省,511100,乐山市,,,511100,乐山市,prefecture,current_parent_code,
511174,四川省,乐山市,,1,partial,current_parent_code,60,510000,四川省,511100,乐山市,,,511100,乐山市,prefecture,current_parent_code,
511207,四川省,万县市,,1,unresolved,none,0,,,,,,,,,,none,
511216,四川省,万县市,,1,unresolved,none,0,,,,,,,,,,none,
511232,四川省,万县市,,1,unresolved,none,0,,,,,,,,,,none,
511235,四川省,万县市,,1,unresolved,none,0,,,,,,,,,,none,
511244,四川省,万县市,,1,unresolved,none,0,,,,,,,,,,none,
511263,四川省,万县市,,1,unresolved,none,0,,,,,,,,,,none,
511276,四川省,万县市,,1,unresolved,none,0,,,,,,,,,,none,
511293,四川省,万县市,,1,unresolved,none,0,,,,,,,,,,none,
511306,四川省,南充市,,1,partial,current_parent_code,60,510000,四川省,511300,南充市,,,511300,南充市,prefecture,current_parent_code,
511311,四川省,南充市,,1,partial,current_parent_code,60,510000,四川省,511300,南充市,,,511300,南充市,prefecture,current_parent_code,
511341,四川省,南充市,,1,partial,current_parent_code,60,510000,四川省,511300,南充市,,,511300,南充市,prefecture,current_parent_code,
511391,四川省,南充市,,1,partial,current_parent_code,60,510000,四川省,511300,南充市,,,511300,南充市,prefecture,current_parent_code,
511422,四川省,眉山市,彭山县,1,historical_mapped,historical_crosswalk,85,510000,四川省,511400,眉山市,511403,彭山区,511400,眉山市,prefecture,unique_canonical_name_under_mapped_parent,
511500,四川省,宜宾市,,1,current,current_code,100,510000,四川省,511500,宜宾市,,,511500,宜宾市,prefecture,current_code,
511512,四川省,宜宾市,,1,partial,current_parent_code,60,510000,四川省,511500,宜宾市,,,511500,宜宾市,prefecture,current_parent_code,
511519,四川省,宜宾市,,1,partial,current_parent_code,60,510000,四川省,511500,宜宾市,,,511500,宜宾市,prefecture,current_parent_code,
511600,四川省,广安市,,1,current,current_code,100,510000,四川省,511600,广安市,,,511600,广安市,prefecture,current_code,
511611,四川省,广安市,,1,partial,current_parent_code,60,510000,四川省,511600,广安市,,,511600,广安市,prefecture,current_parent_code,
511721,四川省,达州市,达县,1,partial,historical_crosswalk,70,510000,四川省,511700,达州市,,,511700,达州市,prefecture,mapped_parent_only,
511725,四川省,达州市,渠县,1,current,current_code,100,510000,四川省,511700,达州市,511725,渠县,511700,达州市,prefecture,current_code,
511781,四川省,达州市,万源市,1,current,current_code,100,510000,四川省,511700,达州市,511781,万源市,511700,达州市,prefecture,current_code,
511826,四川省,雅安市,芦山县,1,current,current_code,100,510000,四川省,511800,雅安市,511826,芦山县,511800,雅安市,prefecture,current_code,
511831,四川省,雅安市,,1,partial,current_parent_code,60,510000,四川省,511800,雅安市,,,511800,雅安市,prefecture,current_parent_code,
511956,四川省,巴中市,,1,partial,current_parent_code,60,510000,四川省,511900,巴中市,,,511900,巴中市,prefecture,current_parent_code,
512022,四川省,资阳市,乐至县,1,current,current_code,100,510000,四川省,512000,资阳市,512022,乐至县,512000,资阳市,prefecture,current_code,
512023,四川省,资阳市,,1,partial,current_parent_code,60,510000,四川省,512000,资阳市,,,512000,资阳市,prefecture,current_parent_code,
512027,四川省,资阳市,,1,partial,current_parent_code,60,510000,四川省,512000,资阳市,,,512000,资阳市,prefecture,current_parent_code,
512030,四川省,资阳市,,1,partial,current_parent_code,60,510000,四川省,512000,资阳市,,,512000,资阳市,prefecture,current_parent_code,
512081,四川省,资阳市,简阳市,1,historical_mapped,historical_crosswalk,90,510000,四川省,510100,成都市,510185,简阳市,510100,成都市,prefecture,unique_exact_name,
512125,四川省,永川地区,永川县,1,ambiguous,historical_crosswalk,100,,,,,,,,,,historical_code_reused,
512126,四川省,永川地区,大足县,1,ambiguous,historical_crosswalk,100,,,,,,,,,,historical_code_reused,
512127,四川省,永川地区,荣昌县,1,ambiguous,historical_crosswalk,100,,,,,,,,,,historical_code_reused,
512152,四川省,永川地区,,1,unresolved,none,0,,,,,,,,,,none,
512200,四川省,万县地区,,1,ambiguous,historical_crosswalk,100,,,,,,,,,,historical_code_reused,
512212,四川省,万县地区,,1,unresolved,none,0,,,,,,,,,,none,
512217,四川省,万县地区,,1,unresolved,none,0,,,,,,,,,,none,
512231,四川省,绵阳地区,遂宁县,1,partial,historical_crosswalk,85,510000,四川省,510900,遂宁市,,,510900,遂宁市,prefecture,unique_canonical_name,
512302,四川省,涪陵地区,南川市,1,ambiguous,historical_crosswalk,100,,,,,,,,,,cross_province_canonical_name_requires_review,
512303,四川省,涪陵地区,,1,unresolved,none,0,,,,,,,,,,none,
512307,四川省,涪陵地区,,1,unresolved,none,0,,,,,,,,,,none,
512311,四川省,涪陵地区,,1,unresolved,none,0,,,,,,,,,,none,
512332,四川省,涪陵地区,,1,unresolved,none,0,,,,,,,,,,none,
512335,四川省,涪陵地区,,1,unresolved,none,0,,,,,,,,,,none,
512346,四川省,涪陵地区,,1,unresolved,none,0,,,,,,,,,,none,
512421,四川省,内江地区,内江县,1,ambiguous,historical_crosswalk,100,,,,,,,,,,historical_code_reused,511000
512425,四川省,内江地区,威远县,1,ambiguous,historical_crosswalk,100,,,,,,,,,,historical_code_reused,511024
512426,四川省,内江地区,隆昌县,1,ambiguous,historical_crosswalk,100,,,,,,,,,,historical_code_reused,511083
512427,四川省,内江地区,安岳县,1,ambiguous,historical_crosswalk,100,,,,,,,,,,historical_code_reused,512021
512428,四川省,内江地区,乐至县,1,ambiguous,historical_crosswalk,100,,,,,,,,,,historical_code_reused,512022
512513,四川省,宜宾地区,,1,unresolved,none,0,,,,,,,,,,none,
512518,四川省,宜宾地区,,1,unresolved,none,0,,,,,,,,,,none,
512524,四川省,宜宾地区,纳溪县,1,ambiguous,historical_crosswalk,100,,,,,,,,,,historical_code_reused,510503
512539,四川省,宜宾地区,,1,unresolved,none,0,,,,,,,,,,none,
512553,四川省,宜宾地区,,1,unresolved,none,0,,,,,,,,,,none,
512565,四川省,宜宾地区,,1,unresolved,none,0,,,,,,,,,,none,
512601,四川省,乐山地区,乐山市,1,partial,historical_crosswalk,90,510000,四川省,511100,乐山市,,,511100,乐山市,prefecture,unique_exact_name,
512614,四川省,乐山地区,,1,unresolved,none,0,,,,,,,,,,none,
512701,四川省,温江地区,,1,unresolved,none,0,,,,,,,,,,none,
512723,四川省,温江地区,新都县,1,ambiguous,historical_crosswalk,100,,,,,,,,,,historical_code_reused,510114
512724,四川省,温江地区,广汉县,1,ambiguous,historical_crosswalk,100,,,,,,,,,,historical_code_reused,510681
512726,四川省,温江地区,彭县,1,ambiguous,historical_crosswalk,100,,,,,,,,,,historical_code_reused,
512727,四川省,温江地区,灌县,1,ambiguous,historical_crosswalk,100,,,,,,,,,,historical_code_reused,
512730,四川省,温江地区,邛崃县,1,ambiguous,historical_crosswalk,100,,,,,,,,,,historical_code_reused,510183
512811,四川省,绵阳地区,,1,unresolved,none,0,,,,,,,,,,none,
512812,四川省,绵阳地区,,1,unresolved,none,0,,,,,,,,,,none,
512823,四川省,绵阳地区,安县,1,ambiguous,historical_crosswalk,100,,,,,,,,,,historical_code_reused,
512826,四川省,绵阳地区,剑阁县,1,ambiguous,historical_crosswalk,100,,,,,,,,,,historical_code_reused,510823
512827,四川省,绵阳地区,广元县,1,ambiguous,historical_crosswalk,100,,,,,,,,,,historical_code_reused,510800
512834,四川省,绵阳地区,中江县,1,historical_mapped,historical_crosswalk,90,510000,四川省,510600,德阳市,510623,中江县,510600,德阳市,prefecture,unique_exact_name,
512900,四川省,南充地区,,1,historical_mapped,historical_crosswalk,85,510000,四川省,511300,南充市,,,511300,南充市,prefecture,unique_canonical_name_under_mapped_parent,
512904,四川省,南充地区,,1,unresolved,none,0,,,,,,,,,,none,
512908,四川省,南充地区,,1,unresolved,none,0,,,,,,,,,,none,
512912,四川省,南充地区,,1,unresolved,none,0,,,,,,,,,,none,
512915,四川省,南充地区,,1,unresolved,none,0,,,,,,,,,,none,
512919,四川省,南充地区,,1,unresolved,none,0,,,,,,,,,,none,
512931,四川省,南充地区,苍溪县,1,ambiguous,historical_crosswalk,100,,,,,,,,,,historical_code_reused,510824
512932,四川省,南充地区,华云工农区,1,partial,historical_crosswalk,70,510000,四川省,511300,南充市,,,511300,南充市,prefecture,mapped_parent_only,
512936,四川省,南充地区,,1,unresolved,none,0,,,,,,,,,,none,
512947,四川省,南充地区,,1,unresolved,none,0,,,,,,,,,,none,
512955,四川省,南充地区,,1,unresolved,none,0,,,,,,,,,,none,
512967,四川省,南充地区,,1,unresolved,none,0,,,,,,,,,,none,
513000,四川省,达川地区,,1,ambiguous,historical_crosswalk,100,,,,,,,,,,historical_code_reused,511703
513007,四川省,达川地区,,1,unresolved,none,0,,,,,,,,,,none,
513012,四川省,达川地区,,1,unresolved,none,0,,,,,,,,,,none,
513016,四川省,达川地区,,1,unresolved,none,0,,,,,,,,,,none,
513017,四川省,达川地区,,1,unresolved,none,0,,,,,,,,,,none,
513057,四川省,达川地区,,1,unresolved,none,0,,,,,,,,,,none,
513078,四川省,达川地区,,1,unresolved,none,0,,,,,,,,,,none,
513085,四川省,达川地区,,1,unresolved,none,0,,,,,,,,,,none,
513100,四川省,雅安地区,,1,historical_mapped,historical_crosswalk,85,510000,四川省,511800,雅安市,,,511800,雅安市,prefecture,unique_canonical_name_under_mapped_parent,
513110,四川省,雅安地区,,1,unresolved,none,0,,,,,,,,,,none,
513112,四川省,雅安地区,,1,unresolved,none,0,,,,,,,,,,none,
513131,四川省,雅安地区,,1,unresolved,none,0,,,,,,,,,,none,
513137,四川省,雅安地区,,1,unresolved,none,0,,,,,,,,,,none,
513201,四川省,阿坝藏族羌族自治州,马尔康市,1,current,current_code,100,510000,四川省,513200,阿坝藏族羌族自治州,513201,马尔康市,513200,阿坝藏族羌族自治州,prefecture,current_code,
513213,四川省,阿坝藏族羌族自治州,,1,partial,current_parent_code,60,510000,四川省,513200,阿坝藏族羌族自治州,,,513200,阿坝藏族羌族自治州,prefecture,current_parent_code,
513214,四川省,阿坝藏族羌族自治州,,1,partial,current_parent_code,60,510000,四川省,513200,阿坝藏族羌族自治州,,,513200,阿坝藏族羌族自治州,prefecture,current_parent_code,
513217,四川省,阿坝藏族羌族自治州,,1,partial,current_parent_code,60,510000,四川省,513200,阿坝藏族羌族自治州,,,513200,阿坝藏族羌族自治州,prefecture,current_parent_code,
513251,四川省,阿坝藏族羌族自治州,,1,partial,current_parent_code,60,510000,四川省,513200,阿坝藏族羌族自治州,,,513200,阿坝藏族羌族自治州,prefecture,current_parent_code,
513266,四川省,阿坝藏族羌族自治州,,1,partial,current_parent_code,60,510000,四川省,513200,阿坝藏族羌族自治州,,,513200,阿坝藏族羌族自治州,prefecture,current_parent_code,
513273,四川省,阿坝藏族羌族自治州,,1,partial,current_parent_code,60,510000,四川省,513200,阿坝藏族羌族自治州,,,513200,阿坝藏族羌族自治州,prefecture,current_parent_code,
513276,四川省,阿坝藏族羌族自治州,,1,partial,current_parent_code,60,510000,四川省,513200,阿坝藏族羌族自治州,,,513200,阿坝藏族羌族自治州,prefecture,current_parent_code,
513283,四川省,阿坝藏族羌族自治州,,1,partial,current_parent_code,60,510000,四川省,513200,阿坝藏族羌族自治州,,,513200,阿坝藏族羌族自治州,prefecture,current_parent_code,
513287,四川省,阿坝藏族羌族自治州,,1,partial,current_parent_code,60,510000,四川省,513200,阿坝藏族羌族自治州,,,513200,阿坝藏族羌族自治州,prefecture,current_parent_code,
513302,四川省,甘孜藏族自治州,,1,partial,current_parent_code,60,510000,四川省,513300,甘孜藏族自治州,,,513300,甘孜藏族自治州,prefecture,current_parent_code,
513303,四川省,甘孜藏族自治州,,1,partial,current_parent_code,60,510000,四川省,513300,甘孜藏族自治州,,,513300,甘孜藏族自治州,prefecture,current_parent_code,
513306,四川省,甘孜藏族自治州,,1,partial,current_parent_code,60,510000,四川省,513300,甘孜藏族自治州,,,513300,甘孜藏族自治州,prefecture,current_parent_code,
513339,四川省,甘孜藏族自治州,,1,partial,current_parent_code,60,510000,四川省,513300,甘孜藏族自治州,,,513300,甘孜藏族自治州,prefecture,current_parent_code,
513402,四川省,凉山彝族自治州,会理市,1,current,current_code,100,510000,四川省,513400,凉山彝族自治州,513402,会理市,513400,凉山彝族自治州,prefecture,current_code,
513406,四川省,凉山彝族自治州,,1,partial,current_parent_code,60,510000,四川省,513400,凉山彝族自治州,,,513400,凉山彝族自治州,prefecture,current_parent_code,
513417,四川省,凉山彝族自治州,,1,partial,current_parent_code,60,510000,四川省,513400,凉山彝族自治州,,,513400,凉山彝族自治州,prefecture,current_parent_code,
513467,四川省,凉山彝族自治州,,1,partial,current_parent_code,60,510000,四川省,513400,凉山彝族自治州,,,513400,凉山彝族自治州,prefecture,current_parent_code,
513530,四川省,黔江地区,,1,unresolved,none,0,,,,,,,,,,none,
513532,四川省,黔江地区,,1,unresolved,none,0,,,,,,,,,,none,
513610,四川省,广安地区,,1,unresolved,none,0,,,,,,,,,,none,
513626,四川省,广安地区,,1,unresolved,none,0,,,,,,,,,,none,
513704,四川省,巴中地区,,1,unresolved,none,0,,,,,,,,,,none,
513714,四川省,巴中地区,,1,unresolved,none,0,,,,,,,,,,none,
513725,四川省,巴中地区,,1,unresolved,none,0,,,,,,,,,,none,
513905,四川省,资阳地区,,1,unresolved,none,0,,,,,,,,,,none,
513909,四川省,资阳地区,,1,unresolved,none,0,,,,,,,,,,none,
513924,四川省,资阳地区,,1,unresolved,none,0,,,,,,,,,,none,
513991,四川省,资阳地区,,1,unresolved,none,0,,,,,,,,,,none,
514021,四川省,,,1,unresolved,none,0,,,,,,,,,,none,
514027,四川省,,,1,unresolved,none,0,,,,,,,,,,none,
514206,四川省,,,1,unresolved,none,0,,,,,,,,,,none,
515125,四川省,,,1,unresolved,none,0,,,,,,,,,,none,
515233,四川省,,,1,unresolved,none,0,,,,,,,,,,none,
515523,四川省,,,1,unresolved,none,0,,,,,,,,,,none,
516027,四川省,,,1,unresolved,none,0,,,,,,,,,,none,
516124,四川省,,,1,unresolved,none,0,,,,,,,,,,none,
516437,四川省,,,1,unresolved,none,0,,,,,,,,,,none,
516781,四川省,,,1,unresolved,none,0,,,,,,,,,,none,
516823,四川省,,,1,unresolved,none,0,,,,,,,,,,none,
517002,四川省,涪陵市,枳城区,1,unresolved,historical_crosswalk,0,,,,,,,,,,no_supported_successor,
517302,四川省,,,1,unresolved,none,0,,,,,,,,,,none,
518102,四川省,,,1,unresolved,none,0,,,,,,,,,,none,
518122,四川省,,,1,unresolved,none,0,,,,,,,,,,none,
518424,四川省,,,1,unresolved,none,0,,,,,,,,,,none,
518425,四川省,,,1,unresolved,none,0,,,,,,,,,,none,
518426,四川省,,,1,unresolved,none,0,,,,,,,,,,none,
518722,四川省,,,1,unresolved,none,0,,,,,,,,,,none,
518864,四川省,,,1,unresolved,none,0,,,,,,,,,,none,
518901,四川省,,,1,unresolved,none,0,,,,,,,,,,none,
518902,四川省,,,1,unresolved,none,0,,,,,,,,,,none,
519013,四川省,四川省直辖县级行政区划,崇州市,1,historical_mapped,historical_crosswalk,90,510000,四川省,510100,成都市,510184,崇州市,510100,成都市,prefecture,unique_exact_name,
519535,四川省,,,1,unresolved,none,0,,,,,,,,,,none,
520001,贵州省,,,1,unresolved,none,0,,,,,,,,,,none,
520100,贵州省,贵阳市,,1,current,current_code,100,520000,贵州省,520100,贵阳市,,,520100,贵阳市,prefecture,current_code,
520119,贵州省,贵阳市,,1,partial,current_parent_code,60,520000,贵州省,520100,贵阳市,,,520100,贵阳市,prefecture,current_parent_code,
520130,贵州省,贵阳市,,1,partial,current_parent_code,60,520000,贵州省,520100,贵阳市,,,520100,贵阳市,prefecture,current_parent_code,
520200,贵州省,六盘水市,,1,current,current_code,100,520000,贵州省,520200,六盘水市,,,520200,六盘水市,prefecture,current_code,
520204,贵州省,六盘水市,水城区,1,current,current_code,100,520000,贵州省,520200,六盘水市,520204,水城区,520200,六盘水市,prefecture,current_code,
520223,贵州省,六盘水市,,1,partial,current_parent_code,60,520000,贵州省,520200,六盘水市,,,520200,六盘水市,prefecture,current_parent_code,
520226,贵州省,六盘水市,,1,partial,current_parent_code,60,520000,贵州省,520200,六盘水市,,,520200,六盘水市,prefecture,current_parent_code,
520302,贵州省,遵义市,红花岗区,1,current,current_code,100,520000,贵州省,520300,遵义市,520302,红花岗区,520300,遵义市,prefecture,current_code,
520329,贵州省,遵义市,余庆县,1,current,current_code,100,520000,贵州省,520300,遵义市,520329,余庆县,520300,遵义市,prefecture,current_code,
520426,贵州省,安顺市,,1,partial,current_parent_code,60,520000,贵州省,520400,安顺市,,,520400,安顺市,prefecture,current_parent_code,
520521,贵州省,毕节市,大方县,1,current,current_code,100,520000,贵州省,520500,毕节市,520521,大方县,520500,毕节市,prefecture,current_code,
521010,贵州省,,,1,unresolved,none,0,,,,,,,,,,none,
521011,贵州省,,,1,unresolved,none,0,,,,,,,,,,none,
521118,贵州省,,,1,unresolved,none,0,,,,,,,,,,none,
521225,贵州省,,,1,unresolved,none,0,,,,,,,,,,none,
521902,贵州省,,,1,unresolved,none,0,,,,,,,,,,none,
521927,贵州省,,,1,unresolved,none,0,,,,,,,,,,none,
522017,贵州省,,,1,unresolved,none,0,,,,,,,,,,none,
522026,贵州省,,,1,unresolved,none,0,,,,,,,,,,none,
522102,贵州省,遵义地区,赤水市,1,historical_mapped,historical_crosswalk,90,520000,贵州省,520300,遵义市,520381,赤水市,520300,遵义市,prefecture,unique_exact_name_under_mapped_parent,
522161,贵州省,遵义地区,,1,unresolved,none,0,,,,,,,,,,none,
522202,贵州省,铜仁地区,,1,unresolved,none,0,,,,,,,,,,none,
522311,贵州省,黔西南布依族苗族自治州,,1,partial,current_parent_code,60,520000,贵州省,522300,黔西南布依族苗族自治州,,,522300,黔西南布依族苗族自治州,prefecture,current_parent_code,
522407,贵州省,毕节地区,,1,unresolved,none,0,,,,,,,,,,none,
522431,贵州省,毕节地区,,1,unresolved,none,0,,,,,,,,,,none,
522507,贵州省,安顺地区,,1,unresolved,none,0,,,,,,,,,,none,
522607,贵州省,黔东南苗族侗族自治州,,1,partial,current_parent_code,60,520000,贵州省,522600,黔东南苗族侗族自治州,,,522600,黔东南苗族侗族自治州,prefecture,current_parent_code,
522654,贵州省,黔东南苗族侗族自治州,,1,partial,current_parent_code,60,520000,贵州省,522600,黔东南苗族侗族自治州,,,522600,黔东南苗族侗族自治州,prefecture,current_parent_code,
522711,贵州省,黔南布依族苗族自治州,,1,partial,current_parent_code,60,520000,贵州省,522700,黔南布依族苗族自治州,,,522700,黔南布依族苗族自治州,prefecture,current_parent_code,
523124,贵州省,,,1,unresolved,none,0,,,,,,,,,,none,
523423,贵州省,,,1,unresolved,none,0,,,,,,,,,,none,
523526,贵州省,,,1,unresolved,none,0,,,,,,,,,,none,
523701,贵州省,,,1,unresolved,none,0,,,,,,,,,,none,
523901,贵州省,,,1,unresolved,none,0,,,,,,,,,,none,
526923,贵州省,,,1,unresolved,none,0,,,,,,,,,,none,
529211,贵州省,,,1,unresolved,none,0,,,,,,,,,,none,
530104,云南省,昆明市,,1,partial,current_parent_code,60,530000,云南省,530100,昆明市,,,530100,昆明市,prefecture,current_parent_code,
530822,云南省,普洱市,墨江哈尼族自治县,1,current,current_code,100,530000,云南省,530800,普洱市,530822,墨江哈尼族自治县,530800,普洱市,prefecture,current_code,
530828,云南省,普洱市,澜沧拉祜族自治县,1,current,current_code,100,530000,云南省,530800,普洱市,530828,澜沧拉祜族自治县,530800,普洱市,prefecture,current_code,
530926,云南省,临沧市,耿马傣族佤族自治县,1,current,current_code,100,530000,云南省,530900,临沧市,530926,耿马傣族佤族自治县,530900,临沧市,prefecture,current_code,
531722,云南省,,,1,unresolved,none,0,,,,,,,,,,none,
531965,云南省,,,1,unresolved,none,0,,,,,,,,,,none,
532221,云南省,曲靖地区,曲靖县,1,partial,historical_crosswalk,85,530000,云南省,530300,曲靖市,,,530300,曲靖市,prefecture,unique_canonical_name_under_mapped_parent,
532316,云南省,楚雄彝族自治州,,1,partial,current_parent_code,60,530000,云南省,532300,楚雄彝族自治州,,,532300,楚雄彝族自治州,prefecture,current_parent_code,
535222,云南省,,,1,unresolved,none,0,,,,,,,,,,none,
535503,云南省,,,1,unresolved,none,0,,,,,,,,,,none,
535505,云南省,,,1,unresolved,none,0,,,,,,,,,,none,
536929,云南省,,,1,unresolved,none,0,,,,,,,,,,none,
540101,西藏自治区,拉萨市,,1,partial,current_parent_code,60,540000,西藏自治区,540100,拉萨市,,,540100,拉萨市,prefecture,current_parent_code,
540111,西藏自治区,拉萨市,,1,partial,current_parent_code,60,540000,西藏自治区,540100,拉萨市,,,540100,拉萨市,prefecture,current_parent_code,
541000,西藏自治区,,,1,unresolved,none,0,,,,,,,,,,none,
541102,西藏自治区,,,1,unresolved,none,0,,,,,,,,,,none,
541426,西藏自治区,,,1,unresolved,none,0,,,,,,,,,,none,
542120,西藏自治区,昌都地区,,1,unresolved,none,0,,,,,,,,,,none,
542126,西藏自治区,昌都地区,察雅县,1,historical_mapped,historical_crosswalk,90,540000,西藏自治区,540300,昌都市,540325,察雅县,540300,昌都市,prefecture,unique_exact_name_under_mapped_parent,
542132,西藏自治区,昌都地区,洛隆县,1,historical_mapped,historical_crosswalk,90,540000,西藏自治区,540300,昌都市,540329,洛隆县,540300,昌都市,prefecture,unique_exact_name_under_mapped_parent,
542230,西藏自治区,山南地区,朗县,1,historical_mapped,historical_crosswalk,90,540000,西藏自治区,540400,林芝市,540426,朗县,540400,林芝市,prefecture,unique_exact_name,
542324,西藏自治区,日喀则地区,定日县,1,historical_mapped,historical_crosswalk,90,540000,西藏自治区,540200,日喀则市,540223,定日县,540200,日喀则市,prefecture,unique_exact_name_under_mapped_parent,
542328,西藏自治区,日喀则地区,谢通门县,1,historical_mapped,historical_crosswalk,90,540000,西藏自治区,540200,日喀则市,540227,谢通门县,540200,日喀则市,prefecture,unique_exact_name_under_mapped_parent,
542336,西藏自治区,日喀则地区,聂拉木县,1,historical_mapped,historical_crosswalk,90,540000,西藏自治区,540200,日喀则市,540235,聂拉木县,540200,日喀则市,prefecture,unique_exact_name_under_mapped_parent,
542338,西藏自治区,日喀则地区,岗巴县,1,historical_mapped,historical_crosswalk,90,540000,西藏自治区,540200,日喀则市,540237,岗巴县,540200,日喀则市,prefecture,unique_exact_name_under_mapped_parent,
542343,西藏自治区,日喀则地区,,1,unresolved,none,0,,,,,,,,,,none,
542422,西藏自治区,那曲地区,嘉黎县,1,historical_mapped,historical_crosswalk,90,540000,西藏自治区,540600,那曲市,540621,嘉黎县,540600,那曲市,prefecture,unique_exact_name_under_mapped_parent,
542521,西藏自治区,阿里地区,普兰县,1,current,current_code,100,540000,西藏自治区,542500,阿里地区,542521,普兰县,542500,阿里地区,prefecture,current_code,
542522,西藏自治区,阿里地区,札达县,1,current,current_code,100,540000,西藏自治区,542500,阿里地区,542522,札达县,542500,阿里地区,prefecture,current_code,
542526,西藏自治区,阿里地区,改则县,1,current,current_code,100,540000,西藏自治区,542500,阿里地区,542526,改则县,542500,阿里地区,prefecture,current_code,
542624,西藏自治区,林芝地区,墨脱县,1,historical_mapped,historical_crosswalk,90,540000,西藏自治区,540400,林芝市,540423,墨脱县,540400,林芝市,prefecture,unique_exact_name_under_mapped_parent,
610032,陕西省,,,1,unresolved,none,0,,,,,,,,,,none,
610043,陕西省,,,1,unresolved,none,0,,,,,,,,,,none,
610106,陕西省,西安市,,1,partial,current_parent_code,60,610000,陕西省,610100,西安市,,,610100,西安市,prefecture,current_parent_code,
610110,陕西省,西安市,,1,partial,current_parent_code,60,610000,陕西省,610100,西安市,,,610100,西安市,prefecture,current_parent_code,
610128,陕西省,西安市,,1,partial,current_parent_code,60,610000,陕西省,610100,西安市,,,610100,西安市,prefecture,current_parent_code,
610133,陕西省,西安市,,1,partial,current_parent_code,60,610000,陕西省,610100,西安市,,,610100,西安市,prefecture,current_parent_code,
610137,陕西省,西安市,,1,partial,current_parent_code,60,610000,陕西省,610100,西安市,,,610100,西安市,prefecture,current_parent_code,
610155,陕西省,西安市,,1,partial,current_parent_code,60,610000,陕西省,610100,西安市,,,610100,西安市,prefecture,current_parent_code,
610212,陕西省,铜川市,,1,partial,current_parent_code,60,610000,陕西省,610200,铜川市,,,610200,铜川市,prefecture,current_parent_code,
610224,陕西省,铜川市,,1,partial,current_parent_code,60,610000,陕西省,610200,铜川市,,,610200,铜川市,prefecture,current_parent_code,
610232,陕西省,铜川市,,1,partial,current_parent_code,60,610000,陕西省,610200,铜川市,,,610200,铜川市,prefecture,current_parent_code,
610245,陕西省,铜川市,,1,partial,current_parent_code,60,610000,陕西省,610200,铜川市,,,610200,铜川市,prefecture,current_parent_code,
610251,陕西省,铜川市,,1,partial,current_parent_code,60,610000,陕西省,610200,铜川市,,,610200,铜川市,prefecture,current_parent_code,
610256,陕西省,铜川市,,1,partial,current_parent_code,60,610000,陕西省,610200,铜川市,,,610200,铜川市,prefecture,current_parent_code,
610270,陕西省,铜川市,,1,partial,current_parent_code,60,610000,陕西省,610200,铜川市,,,610200,铜川市,prefecture,current_parent_code,
610281,陕西省,铜川市,,1,partial,current_parent_code,60,610000,陕西省,610200,铜川市,,,610200,铜川市,prefecture,current_parent_code,
610301,陕西省,宝鸡市,,1,partial,current_parent_code,60,610000,陕西省,610300,宝鸡市,,,610300,宝鸡市,prefecture,current_parent_code,
610319,陕西省,宝鸡市,,1,partial,current_parent_code,60,610000,陕西省,610300,宝鸡市,,,610300,宝鸡市,prefecture,current_parent_code,
610383,陕西省,宝鸡市,,1,partial,current_parent_code,60,610000,陕西省,610300,宝鸡市,,,610300,宝鸡市,prefecture,current_parent_code,
610406,陕西省,咸阳市,,1,partial,current_parent_code,60,610000,陕西省,610400,咸阳市,,,610400,咸阳市,prefecture,current_parent_code,
610432,陕西省,咸阳市,,1,partial,current_parent_code,60,610000,陕西省,610400,咸阳市,,,610400,咸阳市,prefecture,current_parent_code,
610461,陕西省,咸阳市,,1,partial,current_parent_code,60,610000,陕西省,610400,咸阳市,,,610400,咸阳市,prefecture,current_parent_code,
610491,陕西省,咸阳市,,1,partial,current_parent_code,60,610000,陕西省,610400,咸阳市,,,610400,咸阳市,prefecture,current_parent_code,
610500,陕西省,渭南市,,1,current,current_code,100,610000,陕西省,610500,渭南市,,,610500,渭南市,prefecture,current_code,
610520,陕西省,渭南市,,1,partial,current_parent_code,60,610000,陕西省,610500,渭南市,,,610500,渭南市,prefecture,current_parent_code,
610604,陕西省,延安市,,1,partial,current_parent_code,60,610000,陕西省,610600,延安市,,,610600,延安市,prefecture,current_parent_code,
610613,陕西省,延安市,,1,partial,current_parent_code,60,610000,陕西省,610600,延安市,,,610600,延安市,prefecture,current_parent_code,
610721,陕西省,汉中市,南郑县,1,historical_mapped,historical_crosswalk,85,610000,陕西省,610700,汉中市,610703,南郑区,610700,汉中市,prefecture,unique_canonical_name_under_mapped_parent,
610723,陕西省,汉中市,洋县,1,current,current_code,100,610000,陕西省,610700,汉中市,610723,洋县,610700,汉中市,prefecture,current_code,
610724,陕西省,汉中市,西乡县,1,current,current_code,100,610000,陕西省,610700,汉中市,610724,西乡县,610700,汉中市,prefecture,current_code,
610802,陕西省,榆林市,榆阳区,1,current,current_code,100,610000,陕西省,610800,榆林市,610802,榆阳区,610800,榆林市,prefecture,current_code,
610821,陕西省,榆林市,神木县,1,historical_mapped,historical_crosswalk,85,610000,陕西省,610800,榆林市,610881,神木市,610800,榆林市,prefecture,unique_canonical_name_under_mapped_parent,
610823,陕西省,榆林市,横山县,1,historical_mapped,historical_crosswalk,85,610000,陕西省,610800,榆林市,610803,横山区,610800,榆林市,prefecture,unique_canonical_name_under_mapped_parent,
610824,陕西省,榆林市,靖边县,1,current,current_code,100,610000,陕西省,610800,榆林市,610824,靖边县,610800,榆林市,prefecture,current_code,
610881,陕西省,榆林市,神木市,1,current,current_code,100,610000,陕西省,610800,榆林市,610881,神木市,610800,榆林市,prefecture,current_code,
610921,陕西省,安康市,汉阴县,1,current,current_code,100,610000,陕西省,610900,安康市,610921,汉阴县,610900,安康市,prefecture,current_code,
610923,陕西省,安康市,宁陕县,1,current,current_code,100,610000,陕西省,610900,安康市,610923,宁陕县,610900,安康市,prefecture,current_code,
610926,陕西省,安康市,平利县,1,current,current_code,100,610000,陕西省,610900,安康市,610926,平利县,610900,安康市,prefecture,current_code,
610928,陕西省,安康市,旬阳县,1,ambiguous,historical_crosswalk,100,,,,,,,,,,historical_code_reused,
611010,陕西省,商洛市,,1,partial,current_parent_code,60,610000,陕西省,611000,商洛市,,,611000,商洛市,prefecture,current_parent_code,
611023,陕西省,商洛市,商南县,1,current,current_code,100,610000,陕西省,611000,商洛市,611023,商南县,611000,商洛市,prefecture,current_code,
611122,陕西省,,,1,unresolved,none,0,,,,,,,,,,none,
611321,陕西省,,,1,unresolved,none,0,,,,,,,,,,none,
611450,陕西省,,,1,unresolved,none,0,,,,,,,,,,none,
611524,陕西省,,,1,unresolved,none,0,,,,,,,,,,none,
612107,陕西省,渭南地区,,1,unresolved,none,0,,,,,,,,,,none,
612110,陕西省,渭南地区,,1,unresolved,none,0,,,,,,,,,,none,
612121,陕西省,渭南地区,蓝田县,1,historical_mapped,historical_crosswalk,90,610000,陕西省,610100,西安市,610122,蓝田县,610100,西安市,prefecture,unique_exact_name,
612122,陕西省,渭南地区,临潼县,1,historical_mapped,historical_crosswalk,85,610000,陕西省,610100,西安市,610115,临潼区,610100,西安市,prefecture,unique_canonical_name,
612201,陕西省,咸阳地区,咸阳市,1,partial,historical_crosswalk,90,610000,陕西省,610400,咸阳市,,,610400,咸阳市,prefecture,unique_exact_name_under_mapped_parent,
612216,陕西省,咸阳地区,,1,unresolved,none,0,,,,,,,,,,none,
612221,陕西省,咸阳地区,兴平县,1,historical_mapped,historical_crosswalk,85,610000,陕西省,610400,咸阳市,610481,兴平市,610400,咸阳市,prefecture,unique_canonical_name_under_mapped_parent,
612222,陕西省,咸阳地区,周至县,1,historical_mapped,historical_crosswalk,90,610000,陕西省,610100,西安市,610124,周至县,610100,西安市,prefecture,unique_exact_name,
612224,陕西省,咸阳地区,三原县,1,historical_mapped,historical_crosswalk,90,610000,陕西省,610400,咸阳市,610422,三原县,610400,咸阳市,prefecture,unique_exact_name_under_mapped_parent,
612227,陕西省,咸阳地区,乾县,1,historical_mapped,historical_crosswalk,90,610000,陕西省,610400,咸阳市,610424,乾县,610400,咸阳市,prefecture,unique_exact_name_under_mapped_parent,
612279,陕西省,咸阳地区,,1,unresolved,none,0,,,,,,,,,,none,
612304,陕西省,汉中地区,,1,unresolved,none,0,,,,,,,,,,none,
612310,陕西省,汉中地区,,1,unresolved,none,0,,,,,,,,,,none,
612333,陕西省,汉中地区,,1,unresolved,none,0,,,,,,,,,,none,
612403,陕西省,安康地区,,1,unresolved,none,0,,,,,,,,,,none,
612407,陕西省,安康地区,,1,unresolved,none,0,,,,,,,,,,none,
612413,陕西省,安康地区,,1,unresolved,none,0,,,,,,,,,,none,
612419,陕西省,安康地区,,1,unresolved,none,0,,,,,,,,,,none,
612478,陕西省,安康地区,,1,unresolved,none,0,,,,,,,,,,none,
612529,陕西省,商洛地区,,1,unresolved,none,0,,,,,,,,,,none,
612713,陕西省,榆林地区,,1,unresolved,none,0,,,,,,,,,,none,
612781,陕西省,榆林地区,,1,unresolved,none,0,,,,,,,,,,none,
612901,陕西省,,,1,unresolved,none,0,,,,,,,,,,none,
612926,陕西省,,,1,unresolved,none,0,,,,,,,,,,none,
613307,陕西省,,,1,unresolved,none,0,,,,,,,,,,none,
613327,陕西省,,,1,unresolved,none,0,,,,,,,,,,none,
613631,陕西省,,,1,unresolved,none,0,,,,,,,,,,none,
616113,陕西省,,,1,unresolved,none,0,,,,,,,,,,none,
616323,陕西省,,,1,unresolved,none,0,,,,,,,,,,none,
618125,陕西省,,,1,unresolved,none,0,,,,,,,,,,none,
619321,陕西省,,,1,unresolved,none,0,,,,,,,,,,none,
619431,陕西省,,,1,unresolved,none,0,,,,,,,,,,none,
619527,陕西省,,,1,unresolved,none,0,,,,,,,,,,none,
619581,陕西省,,,1,unresolved,none,0,,,,,,,,,,none,
619692,陕西省,,,1,unresolved,none,0,,,,,,,,,,none,
620110,甘肃省,兰州市,,1,partial,current_parent_code,60,620000,甘肃省,620100,兰州市,,,620100,兰州市,prefecture,current_parent_code,
620204,甘肃省,嘉峪关市,,1,partial,current_parent_code,60,620000,甘肃省,620200,嘉峪关市,,,620200,嘉峪关市,prefecture,current_parent_code,
620301,甘肃省,金昌市,,1,partial,current_parent_code,60,620000,甘肃省,620300,金昌市,,,620300,金昌市,prefecture,current_parent_code,
620323,甘肃省,金昌市,,1,partial,current_parent_code,60,620000,甘肃省,620300,金昌市,,,620300,金昌市,prefecture,current_parent_code,
620400,甘肃省,白银市,,1,current,current_code,100,620000,甘肃省,620400,白银市,,,620400,白银市,prefecture,current_code,
620404,甘肃省,白银市,,1,partial,current_parent_code,60,620000,甘肃省,620400,白银市,,,620400,白银市,prefecture,current_parent_code,
620405,甘肃省,白银市,,1,partial,current_parent_code,60,620000,甘肃省,620400,白银市,,,620400,白银市,prefecture,current_parent_code,
620428,甘肃省,白银市,,1,partial,current_parent_code,60,620000,甘肃省,620400,白银市,,,620400,白银市,prefecture,current_parent_code,
620431,甘肃省,白银市,,1,partial,current_parent_code,60,620000,甘肃省,620400,白银市,,,620400,白银市,prefecture,current_parent_code,
620501,甘肃省,天水市,,1,partial,current_parent_code,60,620000,甘肃省,620500,天水市,,,620500,天水市,prefecture,current_parent_code,
620504,甘肃省,天水市,,1,partial,current_parent_code,60,620000,甘肃省,620500,天水市,,,620500,天水市,prefecture,current_parent_code,
620520,甘肃省,天水市,,1,partial,current_parent_code,60,620000,甘肃省,620500,天水市,,,620500,天水市,prefecture,current_parent_code,
620536,甘肃省,天水市,,1,partial,current_parent_code,60,620000,甘肃省,620500,天水市,,,620500,天水市,prefecture,current_parent_code,
620581,甘肃省,天水市,,1,partial,current_parent_code,60,620000,甘肃省,620500,天水市,,,620500,天水市,prefecture,current_parent_code,
620621,甘肃省,武威市,民勤县,1,current,current_code,100,620000,甘肃省,620600,武威市,620621,民勤县,620600,武威市,prefecture,current_code,
620625,甘肃省,武威市,,1,partial,current_parent_code,60,620000,甘肃省,620600,武威市,,,620600,武威市,prefecture,current_parent_code,
620630,甘肃省,武威市,,1,partial,current_parent_code,60,620000,甘肃省,620600,武威市,,,620600,武威市,prefecture,current_parent_code,
620802,甘肃省,平凉市,崆峒区,1,current,current_code,100,620000,甘肃省,620800,平凉市,620802,崆峒区,620800,平凉市,prefecture,current_code,
620822,甘肃省,平凉市,灵台县,1,current,current_code,100,620000,甘肃省,620800,平凉市,620822,灵台县,620800,平凉市,prefecture,current_code,
620921,甘肃省,酒泉市,金塔县,1,current,current_code,100,620000,甘肃省,620900,酒泉市,620921,金塔县,620900,酒泉市,prefecture,current_code,
621124,甘肃省,定西市,临洮县,1,current,current_code,100,620000,甘肃省,621100,定西市,621124,临洮县,621100,定西市,prefecture,current_code,
621221,甘肃省,陇南市,成县,1,current,current_code,100,620000,甘肃省,621200,陇南市,621221,成县,621200,陇南市,prefecture,current_code,
621228,甘肃省,陇南市,两当县,1,current,current_code,100,620000,甘肃省,621200,陇南市,621228,两当县,621200,陇南市,prefecture,current_code,
621401,甘肃省,,,1,unresolved,none,0,,,,,,,,,,none,
621728,甘肃省,,,1,unresolved,none,0,,,,,,,,,,none,
621732,甘肃省,,,1,unresolved,none,0,,,,,,,,,,none,
621781,甘肃省,,,1,unresolved,none,0,,,,,,,,,,none,
622010,甘肃省,,,1,unresolved,none,0,,,,,,,,,,none,
622022,甘肃省,,,1,unresolved,none,0,,,,,,,,,,none,
622025,甘肃省,,,1,unresolved,none,0,,,,,,,,,,none,
622133,甘肃省,酒泉地区,,1,unresolved,none,0,,,,,,,,,,none,
622231,甘肃省,张掖地区,,1,unresolved,none,0,,,,,,,,,,none,
622307,甘肃省,武威地区,,1,unresolved,none,0,,,,,,,,,,none,
622319,甘肃省,武威地区,,1,unresolved,none,0,,,,,,,,,,none,
622321,甘肃省,武威地区,武威县,1,partial,historical_crosswalk,85,620000,甘肃省,620600,武威市,,,620600,武威市,prefecture,unique_canonical_name_under_mapped_parent,
622327,甘肃省,武威地区,,1,unresolved,none,0,,,,,,,,,,none,
622405,甘肃省,定西地区,,1,unresolved,none,0,,,,,,,,,,none,
622415,甘肃省,定西地区,,1,unresolved,none,0,,,,,,,,,,none,
622423,甘肃省,定西地区,会宁县,1,historical_mapped,historical_crosswalk,90,620000,甘肃省,620400,白银市,620422,会宁县,620400,白银市,prefecture,unique_exact_name,
622476,甘肃省,定西地区,,1,unresolved,none,0,,,,,,,,,,none,
622521,甘肃省,天水地区,张家川回族自治县,1,historical_mapped,historical_crosswalk,90,620000,甘肃省,620500,天水市,620525,张家川回族自治县,620500,天水市,prefecture,unique_exact_name_under_mapped_parent,
622522,甘肃省,天水地区,天水县,1,partial,historical_crosswalk,85,620000,甘肃省,620500,天水市,,,620500,天水市,prefecture,unique_canonical_name_under_mapped_parent,
622609,甘肃省,陇南地区,,1,unresolved,none,0,,,,,,,,,,none,
622637,甘肃省,陇南地区,,1,unresolved,none,0,,,,,,,,,,none,
622703,甘肃省,平凉地区,,1,unresolved,none,0,,,,,,,,,,none,
622704,甘肃省,平凉地区,,1,unresolved,none,0,,,,,,,,,,none,
622728,甘肃省,平凉地区,,1,unresolved,none,0,,,,,,,,,,none,
622807,甘肃省,庆阳地区,,1,unresolved,none,0,,,,,,,,,,none,
622852,甘肃省,庆阳地区,,1,unresolved,none,0,,,,,,,,,,none,
623072,甘肃省,甘南藏族自治州,,1,partial,current_parent_code,60,620000,甘肃省,623000,甘南藏族自治州,,,623000,甘南藏族自治州,prefecture,current_parent_code,
623122,甘肃省,,,1,unresolved,none,0,,,,,,,,,,none,
623128,甘肃省,,,1,unresolved,none,0,,,,,,,,,,none,
623222,甘肃省,,,1,unresolved,none,0,,,,,,,,,,none,
623226,甘肃省,,,1,unresolved,none,0,,,,,,,,,,none,
623233,甘肃省,,,1,unresolved,none,0,,,,,,,,,,none,
623522,甘肃省,,,1,unresolved,none,0,,,,,,,,,,none,
624001,甘肃省,,,1,unresolved,none,0,,,,,,,,,,none,
624123,甘肃省,,,1,unresolved,none,0,,,,,,,,,,none,
624221,甘肃省,,,1,unresolved,none,0,,,,,,,,,,none,
624222,甘肃省,,,1,unresolved,none,0,,,,,,,,,,none,
624301,甘肃省,,,1,unresolved,none,0,,,,,,,,,,none,
624354,甘肃省,,,1,unresolved,none,0,,,,,,,,,,none,
625242,甘肃省,,,1,unresolved,none,0,,,,,,,,,,none,
626628,甘肃省,,,1,unresolved,none,0,,,,,,,,,,none,
627826,甘肃省,,,1,unresolved,none,0,,,,,,,,,,none,
629523,甘肃省,,,1,unresolved,none,0,,,,,,,,,,none,
630106,青海省,西宁市,湟中区,1,current,current_code,100,630000,青海省,630100,西宁市,630106,湟中区,630100,西宁市,prefecture,current_code,
630107,青海省,西宁市,,1,partial,current_parent_code,60,630000,青海省,630100,西宁市,,,630100,西宁市,prefecture,current_parent_code,
630111,青海省,西宁市,郊区,1,ambiguous,historical_crosswalk,100,,,,,,,,,,cross_province_exact_name_requires_review,
630502,青海省,,,1,unresolved,none,0,,,,,,,,,,none,
631003,青海省,,,1,unresolved,none,0,,,,,,,,,,none,
632227,青海省,海北藏族自治州,,1,partial,current_parent_code,60,630000,青海省,632200,海北藏族自治州,,,632200,海北藏族自治州,prefecture,current_parent_code,
632510,青海省,海南藏族自治州,,1,partial,current_parent_code,60,630000,青海省,632500,海南藏族自治州,,,632500,海南藏族自治州,prefecture,current_parent_code,
632526,青海省,海南藏族自治州,,1,partial,current_parent_code,60,630000,青海省,632500,海南藏族自治州,,,632500,海南藏族自治州,prefecture,current_parent_code,
633727,青海省,,,1,unresolved,none,0,,,,,,,,,,none,
634123,青海省,,,1,unresolved,none,0,,,,,,,,,,none,
635101,青海省,,,1,unresolved,none,0,,,,,,,,,,none,
640004,宁夏回族自治区,,,1,unresolved,none,0,,,,,,,,,,none,
640108,宁夏回族自治区,银川市,,1,partial,current_parent_code,60,640000,宁夏回族自治区,640100,银川市,,,640100,银川市,prefecture,current_parent_code,
640116,宁夏回族自治区,银川市,,1,partial,current_parent_code,60,640000,宁夏回族自治区,640100,银川市,,,640100,银川市,prefecture,current_parent_code,
640158,宁夏回族自治区,银川市,,1,partial,current_parent_code,60,640000,宁夏回族自治区,640100,银川市,,,640100,银川市,prefecture,current_parent_code,
640201,宁夏回族自治区,石嘴山市,,1,partial,current_parent_code,60,640000,宁夏回族自治区,640200,石嘴山市,,,640200,石嘴山市,prefecture,current_parent_code,
640303,宁夏回族自治区,吴忠市,红寺堡区,1,current,current_code,100,640000,宁夏回族自治区,640300,吴忠市,640303,红寺堡区,640300,吴忠市,prefecture,current_code,
640311,宁夏回族自治区,吴忠市,,1,partial,current_parent_code,60,640000,宁夏回族自治区,640300,吴忠市,,,640300,吴忠市,prefecture,current_parent_code,
640403,宁夏回族自治区,固原市,,1,partial,current_parent_code,60,640000,宁夏回族自治区,640400,固原市,,,640400,固原市,prefecture,current_parent_code,
640424,宁夏回族自治区,固原市,泾源县,1,current,current_code,100,640000,宁夏回族自治区,640400,固原市,640424,泾源县,640400,固原市,prefecture,current_code,
640425,宁夏回族自治区,固原市,彭阳县,1,current,current_code,100,640000,宁夏回族自治区,640400,固原市,640425,彭阳县,640400,固原市,prefecture,current_code,
640828,宁夏回族自治区,,,1,unresolved,none,0,,,,,,,,,,none,
641104,宁夏回族自治区,,,1,unresolved,none,0,,,,,,,,,,none,
641215,宁夏回族自治区,,,1,unresolved,none,0,,,,,,,,,,none,
641232,宁夏回族自治区,,,1,unresolved,none,0,,,,,,,,,,none,
641312,宁夏回族自治区,,,1,unresolved,none,0,,,,,,,,,,none,
642013,宁夏回族自治区,,,1,unresolved,none,0,,,,,,,,,,none,
642229,宁夏回族自治区,固原地区,,1,unresolved,none,0,,,,,,,,,,none,
642421,宁夏回族自治区,,,1,unresolved,none,0,,,,,,,,,,none,
642723,宁夏回族自治区,,,1,unresolved,none,0,,,,,,,,,,none,
642726,宁夏回族自治区,,,1,unresolved,none,0,,,,,,,,,,none,
643221,宁夏回族自治区,,,1,unresolved,none,0,,,,,,,,,,none,
646698,宁夏回族自治区,,,1,unresolved,none,0,,,,,,,,,,none,
650000,新疆维吾尔自治区,,,1,current,current_code,100,650000,新疆维吾尔自治区,,,,,,,,current_code,
650113,新疆维吾尔自治区,乌鲁木齐市,,1,partial,current_parent_code,60,650000,新疆维吾尔自治区,650100,乌鲁木齐市,,,650100,乌鲁木齐市,prefecture,current_parent_code,
650122,新疆维吾尔自治区,乌鲁木齐市,,1,partial,current_parent_code,60,650000,新疆维吾尔自治区,650100,乌鲁木齐市,,,650100,乌鲁木齐市,prefecture,current_parent_code,
650144,新疆维吾尔自治区,乌鲁木齐市,,1,partial,current_parent_code,60,650000,新疆维吾尔自治区,650100,乌鲁木齐市,,,650100,乌鲁木齐市,prefecture,current_parent_code,
650230,新疆维吾尔自治区,克拉玛依市,,1,partial,current_parent_code,60,650000,新疆维吾尔自治区,650200,克拉玛依市,,,650200,克拉玛依市,prefecture,current_parent_code,
650340,新疆维吾尔自治区,石河子市,,1,unresolved,none,0,,,,,,,,,,none,
650402,新疆维吾尔自治区,吐鲁番市,高昌区,1,current,current_code,100,650000,新疆维吾尔自治区,650400,吐鲁番市,650402,高昌区,650400,吐鲁番市,prefecture,current_code,
650424,新疆维吾尔自治区,吐鲁番市,,1,partial,current_parent_code,60,650000,新疆维吾尔自治区,650400,吐鲁番市,,,650400,吐鲁番市,prefecture,current_parent_code,
650522,新疆维吾尔自治区,哈密市,伊吾县,1,current,current_code,100,650000,新疆维吾尔自治区,650500,哈密市,650522,伊吾县,650500,哈密市,prefecture,current_code,
650525,新疆维吾尔自治区,哈密市,,1,partial,current_parent_code,60,650000,新疆维吾尔自治区,650500,哈密市,,,650500,哈密市,prefecture,current_parent_code,
650624,新疆维吾尔自治区,,,1,unresolved,none,0,,,,,,,,,,none,
650901,新疆维吾尔自治区,,,1,unresolved,none,0,,,,,,,,,,none,
651064,新疆维吾尔自治区,,,1,unresolved,none,0,,,,,,,,,,none,
652026,新疆维吾尔自治区,,,1,unresolved,none,0,,,,,,,,,,none,
652027,新疆维吾尔自治区,,,1,unresolved,none,0,,,,,,,,,,none,
652107,新疆维吾尔自治区,吐鲁番地区,,1,unresolved,none,0,,,,,,,,,,none,
652127,新疆维吾尔自治区,吐鲁番地区,,1,unresolved,none,0,,,,,,,,,,none,
652204,新疆维吾尔自治区,哈密地区,,1,unresolved,none,0,,,,,,,,,,none,
652224,新疆维吾尔自治区,哈密地区,,1,unresolved,none,0,,,,,,,,,,none,
652228,新疆维吾尔自治区,哈密地区,,1,unresolved,none,0,,,,,,,,,,none,
652233,新疆维吾尔自治区,哈密地区,,1,unresolved,none,0,,,,,,,,,,none,
652300,新疆维吾尔自治区,昌吉回族自治州,,1,current,current_code,100,650000,新疆维吾尔自治区,652300,昌吉回族自治州,,,652300,昌吉回族自治州,prefecture,current_code,
652304,新疆维吾尔自治区,昌吉回族自治州,,1,partial,current_parent_code,60,650000,新疆维吾尔自治区,652300,昌吉回族自治州,,,652300,昌吉回族自治州,prefecture,current_parent_code,
652315,新疆维吾尔自治区,昌吉回族自治州,,1,partial,current_parent_code,60,650000,新疆维吾尔自治区,652300,昌吉回族自治州,,,652300,昌吉回族自治州,prefecture,current_parent_code,
652332,新疆维吾尔自治区,昌吉回族自治州,,1,partial,current_parent_code,60,650000,新疆维吾尔自治区,652300,昌吉回族自治州,,,652300,昌吉回族自治州,prefecture,current_parent_code,
652403,新疆维吾尔自治区,伊犁哈萨克自治州,二区,1,ambiguous,historical_crosswalk,100,,,,,,,,,,historical_code_reused,
652462,新疆维吾尔自治区,伊犁哈萨克自治州,,1,unresolved,none,0,,,,,,,,,,none,
652502,新疆维吾尔自治区,塔城地区,,1,unresolved,none,0,,,,,,,,,,none,
652547,新疆维吾尔自治区,塔城地区,,1,unresolved,none,0,,,,,,,,,,none,
652621,新疆维吾尔自治区,阿勒泰地区,阿勒泰县,1,ambiguous,historical_crosswalk,100,,,,,,,,,,multiple_canonical_name_targets,654300;654301
652661,新疆维吾尔自治区,阿勒泰地区,,1,unresolved,none,0,,,,,,,,,,none,
652700,新疆维吾尔自治区,博尔塔拉蒙古自治州,,1,current,current_code,100,650000,新疆维吾尔自治区,652700,博尔塔拉蒙古自治州,,,652700,博尔塔拉蒙古自治州,prefecture,current_code,
652727,新疆维吾尔自治区,博尔塔拉蒙古自治州,,1,partial,current_parent_code,60,650000,新疆维吾尔自治区,652700,博尔塔拉蒙古自治州,,,652700,博尔塔拉蒙古自治州,prefecture,current_parent_code,
652731,新疆维吾尔自治区,博尔塔拉蒙古自治州,,1,partial,current_parent_code,60,650000,新疆维吾尔自治区,652700,博尔塔拉蒙古自治州,,,652700,博尔塔拉蒙古自治州,prefecture,current_parent_code,
652802,新疆维吾尔自治区,巴音郭楞蒙古自治州,,1,partial,current_parent_code,60,650000,新疆维吾尔自治区,652800,巴音郭楞蒙古自治州,,,652800,巴音郭楞蒙古自治州,prefecture,current_parent_code,
652811,新疆维吾尔自治区,巴音郭楞蒙古自治州,,1,partial,current_parent_code,60,650000,新疆维吾尔自治区,652800,巴音郭楞蒙古自治州,,,652800,巴音郭楞蒙古自治州,prefecture,current_parent_code,
652836,新疆维吾尔自治区,巴音郭楞蒙古自治州,,1,partial,current_parent_code,60,650000,新疆维吾尔自治区,652800,巴音郭楞蒙古自治州,,,652800,巴音郭楞蒙古自治州,prefecture,current_parent_code,
653103,新疆维吾尔自治区,喀什地区,,1,partial,current_parent_code,60,650000,新疆维吾尔自治区,653100,喀什地区,,,653100,喀什地区,prefecture,current_parent_code,
653112,新疆维吾尔自治区,喀什地区,,1,partial,current_parent_code,60,650000,新疆维吾尔自治区,653100,喀什地区,,,653100,喀什地区,prefecture,current_parent_code,
653214,新疆维吾尔自治区,和田地区,,1,partial,current_parent_code,60,650000,新疆维吾尔自治区,653200,和田地区,,,653200,和田地区,prefecture,current_parent_code,
654026,新疆维吾尔自治区,伊犁哈萨克自治州,昭苏县,1,current,current_code,100,650000,新疆维吾尔自治区,654000,伊犁哈萨克自治州,654026,昭苏县,654000,伊犁哈萨克自治州,prefecture,current_code,
654102,新疆维吾尔自治区,伊犁地区,,1,unresolved,none,0,,,,,,,,,,none,
654109,新疆维吾尔自治区,伊犁地区,,1,unresolved,none,0,,,,,,,,,,none,
654203,新疆维吾尔自治区,塔城地区,沙湾市,1,current,current_code,100,650000,新疆维吾尔自治区,654200,塔城地区,654203,沙湾市,654200,塔城地区,prefecture,current_code,
654271,新疆维吾尔自治区,塔城地区,,1,partial,current_parent_code,60,650000,新疆维吾尔自治区,654200,塔城地区,,,654200,塔城地区,prefecture,current_parent_code,
654327,新疆维吾尔自治区,阿勒泰地区,,1,partial,current_parent_code,60,650000,新疆维吾尔自治区,654300,阿勒泰地区,,,654300,阿勒泰地区,prefecture,current_parent_code,
659003,新疆维吾尔自治区,自治区直辖县级行政区划,图木舒克市,1,current,current_code,100,650000,新疆维吾尔自治区,,,659003,图木舒克市,659003,图木舒克市,province_direct_county,current_code,
665965,福建省,泉州市,晋江市,1,unresolved,none,0,,,,,,,,,,none,
